Workbook
Name train_end_idx: '1_RawData'!$H$1
Name train_flag: #REF!
Name ts_month: '1_RawData'!$A$2:$A$145
Name ts_y: '1_RawData'!$B$2:$B$145
Name ts_ylog: #REF!
Name ts_ystd: #REF!

Sheet Read_Me
B2: Title: | C2: Attention-Based Time Series Forecasting (Excel Implementation)
B3: Author: | C3: Chandrakant Maheshwari
B5: Purpose
B7: This workbook demonstrates how the Attention mechanism can be used for time-series forecasting using only Excel formulas.
B8: Every step — from raw data to final forecast — is transparent and auditable, built for teaching and validation rather than production automation.
B10: Sheet Interconnections Overview
B12: # | C12: Sheet Name | D12: Core Function | E12: Feeds / Linked To | F12: Description
B13: 1 | C13: 1_RawData | D13: Data Source | E13: → 2_Preprocess | F13: Contains the original monthly passenger counts (1949–1960). Used only as input.
B14: 2 | C14: 2_Preprocess | D14: Data Preparation | E14: ← 1_RawData → 3_TrainWindows, 4_TestWindows | F14: Applies log transformation and z-score standardization using the training-only mean and standard deviation. Produces normalized values (z-score) for modeling.
B15: 3 | C15: 3_TrainWindows | D15: Training Pattern Matrix | E15: ← 2_Preprocess → 5_AttentionModel | F15: Builds 120 rolling 12-month windows from the training period. Each row represents one year-long pattern and the target (next-month z). Calculates Euclidean norms for cosine similarity.
B16: 4 | C16: 4_TestWindows | D16: Test / Reference Windows | E16: ← 2_Preprocess → 5_AttentionModel | F16: Builds the 12 test windows used for out-of-sample forecasting. Each window corresponds to the year before each test month.
B17: 5 | C17: 5_AttentionModel | D17: Attention-Based Forecast Engine | E17: ← 3_TrainWindows, 4_TestWindows | F17: Core sheet that computes cosine similarity, temperature scaling, softmax weights, and weighted forecast (z_hat). Generates forecast vs. actual comparison and summary metrics.
B20: Learning Objective
B22: The purpose is to make every calculation visible, traceable, and explainable line-by-line,
B23: demonstrating that modern attention mechanisms can be expressed using classical statistics and linear algebra, all within Excel.

Sheet Algorithm
A2: 1_RawData | G2: 3_TrainWindows (the Key) and 4_TestWindows (the Query) | N2: Interpretation
A3: yₜ → log(yₜ) = xₜ | G3: For each forecast month: | N3: • wᵢ acts as the “attention score” – how similar past patterns are.
A4: │ | G4: • Reference vector 𝒛_ref = last 12 zₜ before forecast | N4: • Smaller τ ⇒ model behaves like k-nearest-neighbor (sharp focus).
A5: ▼ | G5: • Norm ‖𝒛_ref‖ = √Σ z_ref² | N5: • Larger τ ⇒ smoother weighting across more historical windows.
A6: Standardize with μ, σ | N6: • Forecast = weighted memory of past patterns.
A7: │ | G7: 5_AttentionModel
A8: ▼ | G8: Compute similarity between 𝒛_ref and each 𝒛ᵢ:
A9: zₜ = (xₜ - μ) / σ
A10: (stationary series) | G10: dotᵢ = 𝒛_ref · 𝒛ᵢ
G11: cosᵢ = dotᵢ / (‖𝒛_ref‖ ‖𝒛ᵢ‖ + ε)
A12: 2_Preprocessed | G12: aᵢ = cosᵢ / τ
A13: Build 12-month rolling windows from zₜ: | G13: eᵢ = exp(aᵢ − a_max)
G14: wᵢ = eᵢ / Σ eⱼ → attention weights (Σwᵢ = 1)
A15: z₁…z₁₂ → Training Window 1
A16: z₂…z₁₃ → Training Window 2 | G16: Forecast generation
A17: ⋮
A18: z₁₂₀ → Training Window 120 | G18: Use attention weights to predict next month’s z:
A20: Each window i: | G20: ẑ = Σ wᵢ · yᵢᵗᵃʳᵍᵉᵗ
A21: • Lag vector → 𝒛ᵢ = [z_{t-11}, …, z_t]
A22: • Target → yᵢᵗᵃʳᵍᵉᵗ = z_{t+1} (the Value) | G22: Compare to actual:
A23: • Norm → ‖𝒛ᵢ‖ = √Σ z² | G23: Error = z_actual − ẑ
G25: Optional inverse transform:
G26: ŷ = exp( μ + σ·ẑ )

Sheet 1_RawData
A1: Month | B1: Passengers | C1: Train flag | D1: Index | G1: train_end_idx | H1: 132
A2: 1949-01 | B2: 112 | C2: =IF(ROW()-1 <= train_end_idx, 1, 0) -> 1 | D2: 1
A3: 1949-02 | B3: 118 | C3: =IF(ROW()-1 <= train_end_idx, 1, 0) -> 1 | D3: 2
A4: 1949-03 | B4: 132 | C4: =IF(ROW()-1 <= train_end_idx, 1, 0) -> 1 | D4: 3
A5: 1949-04 | B5: 129 | C5: =IF(ROW()-1 <= train_end_idx, 1, 0) -> 1 | D5: 4
A6: 1949-05 | B6: 121 | C6: =IF(ROW()-1 <= train_end_idx, 1, 0) -> 1 | D6: 5
A7: 1949-06 | B7: 135 | C7: =IF(ROW()-1 <= train_end_idx, 1, 0) -> 1 | D7: 6
A8: 1949-07 | B8: 148 | C8: =IF(ROW()-1 <= train_end_idx, 1, 0) -> 1 | D8: 7
A9: 1949-08 | B9: 148 | C9: =IF(ROW()-1 <= train_end_idx, 1, 0) -> 1 | D9: 8
A10: 1949-09 | B10: 136 | C10: =IF(ROW()-1 <= train_end_idx, 1, 0) -> 1 | D10: 9
A11: 1949-10 | B11: 119 | C11: =IF(ROW()-1 <= train_end_idx, 1, 0) -> 1 | D11: 10
A12: 1949-11 | B12: 104 | C12: =IF(ROW()-1 <= train_end_idx, 1, 0) -> 1 | D12: 11
A13: 1949-12 | B13: 118 | C13: =IF(ROW()-1 <= train_end_idx, 1, 0) -> 1 | D13: 12
... A145: 1960-12 | B145: 432 | C145: =IF(ROW()-1 <= train_end_idx, 1, 0) -> 0 | D145: 144

Sheet 2_Preprocessed
A1: Index | B1: Passengers | C1: Log(Passengers) | D1: z-score | E1: IsTrain | G1: =AVERAGE(C2:C133) -> 5.486536 | H1: =_xlfn.STDEV.P(C2:C133) -> 0.41464357
A2: 1 | B2: 112 | C2: =LN(B2) -> 4.7184989 | D2: =(C2-$G$1)/$H$1 -> -1.8522829 | E2: ='1_RawData'!C2 -> 1
A3: 2 | B3: 118 | C3: =LN(B3) -> 4.7706846 | D3: =(C3-$G$1)/$H$1 -> -1.726426 | E3: ='1_RawData'!C3 -> 1
A4: 3 | B4: 132 | C4: =LN(B4) -> 4.8828019 | D4: =(C4-$G$1)/$H$1 -> -1.4560316 | E4: ='1_RawData'!C4 -> 1
A5: 4 | B5: 129 | C5: =LN(B5) -> 4.8598124 | D5: =(C5-$G$1)/$H$1 -> -1.5114756 | E5: ='1_RawData'!C5 -> 1
A6: 5 | B6: 121 | C6: =LN(B6) -> 4.7957905 | D6: =(C6-$G$1)/$H$1 -> -1.6658778 | E6: ='1_RawData'!C6 -> 1
A7: 6 | B7: 135 | C7: =LN(B7) -> 4.9052748 | D7: =(C7-$G$1)/$H$1 -> -1.4018335 | E7: ='1_RawData'!C7 -> 1
A8: 7 | B8: 148 | C8: =LN(B8) -> 4.9972123 | D8: =(C8-$G$1)/$H$1 -> -1.180107 | E8: ='1_RawData'!C8 -> 1
A9: 8 | B9: 148 | C9: =LN(B9) -> 4.9972123 | D9: =(C9-$G$1)/$H$1 -> -1.180107 | E9: ='1_RawData'!C9 -> 1
A10: 9 | B10: 136 | C10: =LN(B10) -> 4.9126549 | D10: =(C10-$G$1)/$H$1 -> -1.3840349 | E10: ='1_RawData'!C10 -> 1
A11: 10 | B11: 119 | C11: =LN(B11) -> 4.7791235 | D11: =(C11-$G$1)/$H$1 -> -1.7060739 | E11: ='1_RawData'!C11 -> 1
A12: 11 | B12: 104 | C12: =LN(B12) -> 4.6443909 | D12: =(C12-$G$1)/$H$1 -> -2.0310098 | E12: ='1_RawData'!C12 -> 1
A13: 12 | B13: 118 | C13: =LN(B13) -> 4.7706846 | D13: =(C13-$G$1)/$H$1 -> -1.726426 | E13: ='1_RawData'!C13 -> 1
... A145: 144 | B145: 432 | C145: =LN(B145) -> 6.0684256 | D145: =(C145-$G$1)/$H$1 -> 1.4033488 | E145: ='1_RawData'!C145 -> 0

Sheet 3_TrainWindows
A1: WindowID | B1: EndIndex | C1: Month | D1: TargetMonth | E1: Lag1 | F1: Lag2 | G1: Lag3 | H1: Lag4 | I1: Lag5 | J1: Lag6 | K1: Lag7 | L1: Lag8 | M1: Lag9 | N1: Lag10 | O1: Lag11 | P1: Lag12 | Q1: Target | R1: WindowNorm
A2: 1 | B2: 12 | C2: ='1_RawData'!A2 -> 1949-01 | D2: ='1_RawData'!A13 -> 1949-12 | E2: ='2_Preprocessed'!$D2 -> -1.8522829 | F2: ='2_Preprocessed'!$D3 -> -1.726426 | G2: ='2_Preprocessed'!$D4 -> -1.4560316 | H2: ='2_Preprocessed'!$D5 -> -1.5114756 | I2: ='2_Preprocessed'!$D6 -> -1.6658778 | J2: ='2_Preprocessed'!$D7 -> -1.4018335 | K2: ='2_Preprocessed'!$D8 -> -1.180107 | L2: ='2_Preprocessed'!$D9 -> -1.180107 | M2: ='2_Preprocessed'!$D10 -> -1.3840349 | N2: ='2_Preprocessed'!$D11 -> -1.7060739 | O2: ='2_Preprocessed'!$D12 -> -2.0310098 | P2: ='2_Preprocessed'!$D13 -> -1.726426 | Q2: ='2_Preprocessed'!$D14 -> -1.7885335 | R2: =SQRT(SUMSQ(E2:P2)) -> 5.5021326
A3: =A2+1 -> 2 | B3: =B2+1 -> 13 | C3: ='1_RawData'!A3 -> 1949-02 | D3: ='1_RawData'!A14 -> 1950-01 | E3: ='2_Preprocessed'!$D3 -> -1.726426 | F3: ='2_Preprocessed'!$D4 -> -1.4560316 | G3: ='2_Preprocessed'!$D5 -> -1.5114756 | H3: ='2_Preprocessed'!$D6 -> -1.6658778 | I3: ='2_Preprocessed'!$D7 -> -1.4018335 | J3: ='2_Preprocessed'!$D8 -> -1.180107 | K3: ='2_Preprocessed'!$D9 -> -1.180107 | L3: ='2_Preprocessed'!$D10 -> -1.3840349 | M3: ='2_Preprocessed'!$D11 -> -1.7060739 | N3: ='2_Preprocessed'!$D12 -> -2.0310098 | O3: ='2_Preprocessed'!$D13 -> -1.726426 | P3: ='2_Preprocessed'!$D14 -> -1.7885335 | Q3: ='2_Preprocessed'!$D15 -> -1.5682243 | R3: =SQRT(SUMSQ(E3:P3)) -> 5.4810003
A4: =A3+1 -> 3 | B4: =B3+1 -> 14 | C4: ='1_RawData'!A4 -> 1949-03 | D4: ='1_RawData'!A15 -> 1950-02 | E4: ='2_Preprocessed'!$D4 -> -1.4560316 | F4: ='2_Preprocessed'!$D5 -> -1.5114756 | G4: ='2_Preprocessed'!$D6 -> -1.6658778 | H4: ='2_Preprocessed'!$D7 -> -1.4018335 | I4: ='2_Preprocessed'!$D8 -> -1.180107 | J4: ='2_Preprocessed'!$D9 -> -1.180107 | K4: ='2_Preprocessed'!$D10 -> -1.3840349 | L4: ='2_Preprocessed'!$D11 -> -1.7060739 | M4: ='2_Preprocessed'!$D12 -> -2.0310098 | N4: ='2_Preprocessed'!$D13 -> -1.726426 | O4: ='2_Preprocessed'!$D14 -> -1.7885335 | P4: ='2_Preprocessed'!$D15 -> -1.5682243 | Q4: ='2_Preprocessed'!$D16 -> -1.2969601 | R4: =SQRT(SUMSQ(E4:P4)) -> 5.4332444
A5: =A4+1 -> 4 | B5: =B4+1 -> 15 | C5: ='1_RawData'!A5 -> 1949-04 | D5: ='1_RawData'!A16 -> 1950-03 | E5: ='2_Preprocessed'!$D5 -> -1.5114756 | F5: ='2_Preprocessed'!$D6 -> -1.6658778 | G5: ='2_Preprocessed'!$D7 -> -1.4018335 | H5: ='2_Preprocessed'!$D8 -> -1.180107 | I5: ='2_Preprocessed'!$D9 -> -1.180107 | J5: ='2_Preprocessed'!$D10 -> -1.3840349 | K5: ='2_Preprocessed'!$D11 -> -1.7060739 | L5: ='2_Preprocessed'!$D12 -> -2.0310098 | M5: ='2_Preprocessed'!$D13 -> -1.726426 | N5: ='2_Preprocessed'!$D14 -> -1.7885335 | O5: ='2_Preprocessed'!$D15 -> -1.5682243 | P5: ='2_Preprocessed'!$D16 -> -1.2969601 | Q5: ='2_Preprocessed'!$D17 -> -1.4018335 | R5: =SQRT(SUMSQ(E5:P5)) -> 5.3927936
A6: =A5+1 -> 5 | B6: =B5+1 -> 16 | C6: ='1_RawData'!A6 -> 1949-05 | D6: ='1_RawData'!A17 -> 1950-04 | E6: ='2_Preprocessed'!$D6 -> -1.6658778 | F6: ='2_Preprocessed'!$D7 -> -1.4018335 | G6: ='2_Preprocessed'!$D8 -> -1.180107 | H6: ='2_Preprocessed'!$D9 -> -1.180107 | I6: ='2_Preprocessed'!$D10 -> -1.3840349 | J6: ='2_Preprocessed'!$D11 -> -1.7060739 | K6: ='2_Preprocessed'!$D12 -> -2.0310098 | L6: ='2_Preprocessed'!$D13 -> -1.726426 | M6: ='2_Preprocessed'!$D14 -> -1.7885335 | N6: ='2_Preprocessed'!$D15 -> -1.5682243 | O6: ='2_Preprocessed'!$D16 -> -1.2969601 | P6: ='2_Preprocessed'!$D17 -> -1.4018335 | Q6: ='2_Preprocessed'!$D18 -> -1.5874413 | R6: =SQRT(SUMSQ(E6:P6)) -> 5.3630962
A7: =A6+1 -> 6 | B7: =B6+1 -> 17 | C7: ='1_RawData'!A7 -> 1949-06 | D7: ='1_RawData'!A18 -> 1950-05 | E7: ='2_Preprocessed'!$D7 -> -1.4018335 | F7: ='2_Preprocessed'!$D8 -> -1.180107 | G7: ='2_Preprocessed'!$D9 -> -1.180107 | H7: ='2_Preprocessed'!$D10 -> -1.3840349 | I7: ='2_Preprocessed'!$D11 -> -1.7060739 | J7: ='2_Preprocessed'!$D12 -> -2.0310098 | K7: ='2_Preprocessed'!$D13 -> -1.726426 | L7: ='2_Preprocessed'!$D14 -> -1.7885335 | M7: ='2_Preprocessed'!$D15 -> -1.5682243 | N7: ='2_Preprocessed'!$D16 -> -1.2969601 | O7: ='2_Preprocessed'!$D17 -> -1.4018335 | P7: ='2_Preprocessed'!$D18 -> -1.5874413 | Q7: ='2_Preprocessed'!$D19 -> -1.1638664 | R7: =SQRT(SUMSQ(E7:P7)) -> 5.339253
A8: =A7+1 -> 7 | B8: =B7+1 -> 18 | C8: ='1_RawData'!A8 -> 1949-07 | D8: ='1_RawData'!A19 -> 1950-06 | E8: ='2_Preprocessed'!$D8 -> -1.180107 | F8: ='2_Preprocessed'!$D9 -> -1.180107 | G8: ='2_Preprocessed'!$D10 -> -1.3840349 | H8: ='2_Preprocessed'!$D11 -> -1.7060739 | I8: ='2_Preprocessed'!$D12 -> -2.0310098 | J8: ='2_Preprocessed'!$D13 -> -1.726426 | K8: ='2_Preprocessed'!$D14 -> -1.7885335 | L8: ='2_Preprocessed'!$D15 -> -1.5682243 | M8: ='2_Preprocessed'!$D16 -> -1.2969601 | N8: ='2_Preprocessed'!$D17 -> -1.4018335 | O8: ='2_Preprocessed'!$D18 -> -1.5874413 | P8: ='2_Preprocessed'!$D19 -> -1.1638664 | Q8: ='2_Preprocessed'!$D20 -> -0.84587736 | R8: =SQRT(SUMSQ(E8:P8)) -> 5.2817677
A9: =A8+1 -> 8 | B9: =B8+1 -> 19 | C9: ='1_RawData'!A9 -> 1949-08 | D9: ='1_RawData'!A20 -> 1950-07 | E9: ='2_Preprocessed'!$D9 -> -1.180107 | F9: ='2_Preprocessed'!$D10 -> -1.3840349 | G9: ='2_Preprocessed'!$D11 -> -1.7060739 | H9: ='2_Preprocessed'!$D12 -> -2.0310098 | I9: ='2_Preprocessed'!$D13 -> -1.726426 | J9: ='2_Preprocessed'!$D14 -> -1.7885335 | K9: ='2_Preprocessed'!$D15 -> -1.5682243 | L9: ='2_Preprocessed'!$D16 -> -1.2969601 | M9: ='2_Preprocessed'!$D17 -> -1.4018335 | N9: ='2_Preprocessed'!$D18 -> -1.5874413 | O9: ='2_Preprocessed'!$D19 -> -1.1638664 | P9: ='2_Preprocessed'!$D20 -> -0.84587736 | Q9: ='2_Preprocessed'!$D21 -> -0.84587736 | R9: =SQRT(SUMSQ(E9:P9)) -> 5.2172719
A10: =A9+1 -> 9 | B10: =B9+1 -> 20 | C10: ='1_RawData'!A10 -> 1949-09 | D10: ='1_RawData'!A21 -> 1950-08 | E10: ='2_Preprocessed'!$D10 -> -1.3840349 | F10: ='2_Preprocessed'!$D11 -> -1.7060739 | G10: ='2_Preprocessed'!$D12 -> -2.0310098 | H10: ='2_Preprocessed'!$D13 -> -1.726426 | I10: ='2_Preprocessed'!$D14 -> -1.7885335 | J10: ='2_Preprocessed'!$D15 -> -1.5682243 | K10: ='2_Preprocessed'!$D16 -> -1.2969601 | L10: ='2_Preprocessed'!$D17 -> -1.4018335 | M10: ='2_Preprocessed'!$D18 -> -1.5874413 | N10: ='2_Preprocessed'!$D19 -> -1.1638664 | O10: ='2_Preprocessed'!$D20 -> -0.84587736 | P10: ='2_Preprocessed'!$D21 -> -0.84587736 | Q10: ='2_Preprocessed'!$D22 -> -1.0224227 | R10: =SQRT(SUMSQ(E10:P10)) -> 5.1519688
A11: =A10+1 -> 10 | B11: =B10+1 -> 21 | C11: ='1_RawData'!A11 -> 1949-10 | D11: ='1_RawData'!A22 -> 1950-09 | E11: ='2_Preprocessed'!$D11 -> -1.7060739 | F11: ='2_Preprocessed'!$D12 -> -2.0310098 | G11: ='2_Preprocessed'!$D13 -> -1.726426 | H11: ='2_Preprocessed'!$D14 -> -1.7885335 | I11: ='2_Preprocessed'!$D15 -> -1.5682243 | J11: ='2_Preprocessed'!$D16 -> -1.2969601 | K11: ='2_Preprocessed'!$D17 -> -1.4018335 | L11: ='2_Preprocessed'!$D18 -> -1.5874413 | M11: ='2_Preprocessed'!$D19 -> -1.1638664 | N11: ='2_Preprocessed'!$D20 -> -0.84587736 | O11: ='2_Preprocessed'!$D21 -> -0.84587736 | P11: ='2_Preprocessed'!$D22 -> -1.0224227 | Q11: ='2_Preprocessed'!$D23 -> -1.4378299 | R11: =SQRT(SUMSQ(E11:P11)) -> 5.0668114
A12: =A11+1 -> 11 | B12: =B11+1 -> 22 | C12: ='1_RawData'!A12 -> 1949-11 | D12: ='1_RawData'!A23 -> 1950-10 | E12: ='2_Preprocessed'!$D12 -> -2.0310098 | F12: ='2_Preprocessed'!$D13 -> -1.726426 | G12: ='2_Preprocessed'!$D14 -> -1.7885335 | H12: ='2_Preprocessed'!$D15 -> -1.5682243 | I12: ='2_Preprocessed'!$D16 -> -1.2969601 | J12: ='2_Preprocessed'!$D17 -> -1.4018335 | K12: ='2_Preprocessed'!$D18 -> -1.5874413 | L12: ='2_Preprocessed'!$D19 -> -1.1638664 | M12: ='2_Preprocessed'!$D20 -> -0.84587736 | N12: ='2_Preprocessed'!$D21 -> -0.84587736 | O12: ='2_Preprocessed'!$D22 -> -1.0224227 | P12: ='2_Preprocessed'!$D23 -> -1.4378299 | Q12: ='2_Preprocessed'!$D24 -> -1.8095966 | R12: =SQRT(SUMSQ(E12:P12)) -> 4.9828952
A13: =A12+1 -> 12 | B13: =B12+1 -> 23 | C13: ='1_RawData'!A13 -> 1949-12 | D13: ='1_RawData'!A24 -> 1950-11 | E13: ='2_Preprocessed'!$D13 -> -1.726426 | F13: ='2_Preprocessed'!$D14 -> -1.7885335 | G13: ='2_Preprocessed'!$D15 -> -1.5682243 | H13: ='2_Preprocessed'!$D16 -> -1.2969601 | I13: ='2_Preprocessed'!$D17 -> -1.4018335 | J13: ='2_Preprocessed'!$D18 -> -1.5874413 | K13: ='2_Preprocessed'!$D19 -> -1.1638664 | L13: ='2_Preprocessed'!$D20 -> -0.84587736 | M13: ='2_Preprocessed'!$D21 -> -0.84587736 | N13: ='2_Preprocessed'!$D22 -> -1.0224227 | O13: ='2_Preprocessed'!$D23 -> -1.4378299 | P13: ='2_Preprocessed'!$D24 -> -1.8095966 | Q13: ='2_Preprocessed'!$D25 -> -1.3141253 | R13: =SQRT(SUMSQ(E13:P13)) -> 4.8968238
A14: =A13+1 -> 13 | B14: =B13+1 -> 24 | C14: ='1_RawData'!A14 -> 1950-01 | D14: ='1_RawData'!A25 -> 1950-12 | E14: ='2_Preprocessed'!$D14 -> -1.7885335 | F14: ='2_Preprocessed'!$D15 -> -1.5682243 | G14: ='2_Preprocessed'!$D16 -> -1.2969601 | H14: ='2_Preprocessed'!$D17 -> -1.4018335 | I14: ='2_Preprocessed'!$D18 -> -1.5874413 | J14: ='2_Preprocessed'!$D19 -> -1.1638664 | K14: ='2_Preprocessed'!$D20 -> -0.84587736 | L14: ='2_Preprocessed'!$D21 -> -0.84587736 | M14: ='2_Preprocessed'!$D22 -> -1.0224227 | N14: ='2_Preprocessed'!$D23 -> -1.4378299 | O14: ='2_Preprocessed'!$D24 -> -1.8095966 | P14: ='2_Preprocessed'!$D25 -> -1.3141253 | Q14: ='2_Preprocessed'!$D26 -> -1.2294953 | R14: =SQRT(SUMSQ(E14:P14)) -> 4.7671021
... A121: =A120+1 -> 120 | B121: =B120+1 -> 131 | C121: ='1_RawData'!A121 -> 1958-12 | D121: ='1_RawData'!A132 -> 1959-11 | E121: ='2_Preprocessed'!$D121 -> 0.80441833 | F121: ='2_Preprocessed'!$D122 -> 0.96364207 | G121: ='2_Preprocessed'!$D123 -> 0.83993753 | H121: ='2_Preprocessed'!$D124 -> 1.2536481 | I121: ='2_Preprocessed'!$D125 -> 1.1935026 | J121: ='2_Preprocessed'!$D126 -> 1.3354088 | K121: ='2_Preprocessed'!$D127 -> 1.6169139 | L121: ='2_Preprocessed'!$D128 -> 1.9769733 | M121: ='2_Preprocessed'!$D129 -> 2.024904 | N121: ='2_Preprocessed'!$D130 -> 1.5704838 | O121: ='2_Preprocessed'!$D131 -> 1.259581 | P121: ='2_Preprocessed'!$D132 -> 0.97700338 | Q121: ='2_Preprocessed'!$D133 -> 1.2477006 | R121: =SQRT(SUMSQ(E121:P121)) -> 4.7635237

Sheet 4_TestWindows
A1: TestID | B1: EndIndex | C1: Month | D1: ActualNextMonth | E1: Lag1 | F1: Lag2 | G1: Lag3 | H1: Lag4 | I1: Lag5 | J1: Lag6 | K1: Lag7 | L1: Lag8 | M1: Lag9 | N1: Lag10 | O1: Lag11 | P1: Lag12 | Q1: WindowNorm
A2: 1 | B2: ='2_Preprocessed'!$A132 -> 131 | C2: ='1_RawData'!A132 -> 1959-11 | D2: {=INDEX('1_RawData'!A:A, B2+2)} -> 1959-12 | E2: ='2_Preprocessed'!$D121 -> 0.80441833 | F2: ='2_Preprocessed'!$D122 -> 0.96364207 | G2: ='2_Preprocessed'!$D123 -> 0.83993753 | H2: ='2_Preprocessed'!$D124 -> 1.2536481 | I2: ='2_Preprocessed'!$D125 -> 1.1935026 | J2: ='2_Preprocessed'!$D126 -> 1.3354088 | K2: ='2_Preprocessed'!$D127 -> 1.6169139 | L2: ='2_Preprocessed'!$D128 -> 1.9769733 | M2: ='2_Preprocessed'!$D129 -> 2.024904 | N2: ='2_Preprocessed'!$D130 -> 1.5704838 | O2: ='2_Preprocessed'!$D131 -> 1.259581 | P2: ='2_Preprocessed'!$D132 -> 0.97700338 | Q2: =SQRT(SUMSQ(E2:P2)) -> 4.7635237
A3: =A2+1 -> 2 | B3: =B2+1 -> 132 | C3: ='1_RawData'!A133 -> 1959-12 | D3: {=INDEX('1_RawData'!A:A, B3+2)} -> 1960-01 | E3: ='2_Preprocessed'!$D122 -> 0.96364207 | F3: ='2_Preprocessed'!$D123 -> 0.83993753 | G3: ='2_Preprocessed'!$D124 -> 1.2536481 | H3: ='2_Preprocessed'!$D125 -> 1.1935026 | I3: ='2_Preprocessed'!$D126 -> 1.3354088 | J3: ='2_Preprocessed'!$D127 -> 1.6169139 | K3: ='2_Preprocessed'!$D128 -> 1.9769733 | L3: ='2_Preprocessed'!$D129 -> 2.024904 | M3: ='2_Preprocessed'!$D130 -> 1.5704838 | N3: ='2_Preprocessed'!$D131 -> 1.259581 | O3: ='2_Preprocessed'!$D132 -> 0.97700338 | P3: ='2_Preprocessed'!$D133 -> 1.2477006 | Q3: =SQRT(SUMSQ(E3:P3)) -> 4.8580681
A4: =A3+1 -> 3 | B4: =B3+1 -> 133 | C4: ='1_RawData'!A134 -> 1960-01 | D4: {=INDEX('1_RawData'!A:A, B4+2)} -> 1960-02 | E4: ='2_Preprocessed'!$D123 -> 0.83993753 | F4: ='2_Preprocessed'!$D124 -> 1.2536481 | G4: ='2_Preprocessed'!$D125 -> 1.1935026 | H4: ='2_Preprocessed'!$D126 -> 1.3354088 | I4: ='2_Preprocessed'!$D127 -> 1.6169139 | J4: ='2_Preprocessed'!$D128 -> 1.9769733 | K4: ='2_Preprocessed'!$D129 -> 2.024904 | L4: ='2_Preprocessed'!$D130 -> 1.5704838 | M4: ='2_Preprocessed'!$D131 -> 1.259581 | N4: ='2_Preprocessed'!$D132 -> 0.97700338 | O4: ='2_Preprocessed'!$D133 -> 1.2477006 | P4: ='2_Preprocessed'!$H1 -> 0.41464357 | Q4: =SQRT(SUMSQ(E4:P4)) -> 4.7795553
A5: =A4+1 -> 4 | B5: =B4+1 -> 134 | C5: ='1_RawData'!A135 -> 1960-02 | D5: {=INDEX('1_RawData'!A:A, B5+2)} -> 1960-03 | E5: ='2_Preprocessed'!$D124 -> 1.2536481 | F5: ='2_Preprocessed'!$D125 -> 1.1935026 | G5: ='2_Preprocessed'!$D126 -> 1.3354088 | H5: ='2_Preprocessed'!$D127 -> 1.6169139 | I5: ='2_Preprocessed'!$D128 -> 1.9769733 | J5: ='2_Preprocessed'!$D129 -> 2.024904 | K5: ='2_Preprocessed'!$D130 -> 1.5704838 | L5: ='2_Preprocessed'!$D131 -> 1.259581 | M5: ='2_Preprocessed'!$D132 -> 0.97700338 | N5: ='2_Preprocessed'!$D133 -> 1.2477006 | O5: ='2_Preprocessed'!$H1 -> 0.41464357 | P5: ='2_Preprocessed'!$D135 -> 1.1628578 | Q5: =SQRT(SUMSQ(E5:P5)) -> 4.8467404
A6: =A5+1 -> 5 | B6: =B5+1 -> 135 | C6: ='1_RawData'!A136 -> 1960-03 | D6: {=INDEX('1_RawData'!A:A, B6+2)} -> 1960-04 | E6: ='2_Preprocessed'!$D125 -> 1.1935026 | F6: ='2_Preprocessed'!$D126 -> 1.3354088 | G6: ='2_Preprocessed'!$D127 -> 1.6169139 | H6: ='2_Preprocessed'!$D128 -> 1.9769733 | I6: ='2_Preprocessed'!$D129 -> 2.024904 | J6: ='2_Preprocessed'!$D130 -> 1.5704838 | K6: ='2_Preprocessed'!$D131 -> 1.259581 | L6: ='2_Preprocessed'!$D132 -> 0.97700338 | M6: ='2_Preprocessed'!$D133 -> 1.2477006 | N6: ='2_Preprocessed'!$H1 -> 0.41464357 | O6: ='2_Preprocessed'!$D135 -> 1.1628578 | P6: ='2_Preprocessed'!$D136 -> 1.3296598 | Q6: =SQRT(SUMSQ(E6:P6)) -> 4.8669553
A7: =A6+1 -> 6 | B7: =B6+1 -> 136 | C7: ='1_RawData'!A137 -> 1960-04 | D7: {=INDEX('1_RawData'!A:A, B7+2)} -> 1960-05 | E7: ='2_Preprocessed'!$D126 -> 1.3354088 | F7: ='2_Preprocessed'!$D127 -> 1.6169139 | G7: ='2_Preprocessed'!$D128 -> 1.9769733 | H7: ='2_Preprocessed'!$D129 -> 2.024904 | I7: ='2_Preprocessed'!$D130 -> 1.5704838 | J7: ='2_Preprocessed'!$D131 -> 1.259581 | K7: ='2_Preprocessed'!$D132 -> 0.97700338 | L7: ='2_Preprocessed'!$D133 -> 1.2477006 | M7: ='2_Preprocessed'!$H1 -> 0.41464357 | N7: ='2_Preprocessed'!$D135 -> 1.1628578 | O7: ='2_Preprocessed'!$D136 -> 1.3296598 | P7: ='2_Preprocessed'!$D137 -> 1.5600435 | Q7: =SQRT(SUMSQ(E7:P7)) -> 4.9695615
A8: =A7+1 -> 7 | B8: =B7+1 -> 137 | C8: ='1_RawData'!A138 -> 1960-05 | D8: {=INDEX('1_RawData'!A:A, B8+2)} -> 1960-06 | E8: ='2_Preprocessed'!$D127 -> 1.6169139 | F8: ='2_Preprocessed'!$D128 -> 1.9769733 | G8: ='2_Preprocessed'!$D129 -> 2.024904 | H8: ='2_Preprocessed'!$D130 -> 1.5704838 | I8: ='2_Preprocessed'!$D131 -> 1.259581 | J8: ='2_Preprocessed'!$D132 -> 0.97700338 | K8: ='2_Preprocessed'!$D133 -> 1.2477006 | L8: ='2_Preprocessed'!$H1 -> 0.41464357 | M8: ='2_Preprocessed'!$D135 -> 1.1628578 | N8: ='2_Preprocessed'!$D136 -> 1.3296598 | O8: ='2_Preprocessed'!$D137 -> 1.5600435 | P8: ='2_Preprocessed'!$D138 -> 1.6169139 | Q8: =SQRT(SUMSQ(E8:P8)) -> 5.052488
A9: =A8+1 -> 8 | B9: =B8+1 -> 138 | C9: ='1_RawData'!A139 -> 1960-06 | D9: {=INDEX('1_RawData'!A:A, B9+2)} -> 1960-07 | E9: ='2_Preprocessed'!$D128 -> 1.9769733 | F9: ='2_Preprocessed'!$D129 -> 2.024904 | G9: ='2_Preprocessed'!$D130 -> 1.5704838 | H9: ='2_Preprocessed'!$D131 -> 1.259581 | I9: ='2_Preprocessed'!$D132 -> 0.97700338 | J9: ='2_Preprocessed'!$D133 -> 1.2477006 | K9: ='2_Preprocessed'!$H1 -> 0.41464357 | L9: ='2_Preprocessed'!$D135 -> 1.1628578 | M9: ='2_Preprocessed'!$D136 -> 1.3296598 | N9: ='2_Preprocessed'!$D137 -> 1.5600435 | O9: ='2_Preprocessed'!$D138 -> 1.6169139 | P9: ='2_Preprocessed'!$D139 -> 1.9190716 | Q9: =SQRT(SUMSQ(E9:P9)) -> 5.1571368
A10: =A9+1 -> 9 | B10: =B9+1 -> 139 | C10: ='1_RawData'!A140 -> 1960-07 | D10: {=INDEX('1_RawData'!A:A, B10+2)} -> 1960-08 | E10: ='2_Preprocessed'!$D129 -> 2.024904 | F10: ='2_Preprocessed'!$D130 -> 1.5704838 | G10: ='2_Preprocessed'!$D131 -> 1.259581 | H10: ='2_Preprocessed'!$D132 -> 0.97700338 | I10: ='2_Preprocessed'!$D133 -> 1.2477006 | J10: ='2_Preprocessed'!$H1 -> 0.41464357 | K10: ='2_Preprocessed'!$D135 -> 1.1628578 | L10: ='2_Preprocessed'!$D136 -> 1.3296598 | M10: ='2_Preprocessed'!$D137 -> 1.5600435 | N10: ='2_Preprocessed'!$D138 -> 1.6169139 | O10: ='2_Preprocessed'!$D139 -> 1.9190716 | P10: ='2_Preprocessed'!$D140 -> 2.282452 | Q10: =SQRT(SUMSQ(E10:P10)) -> 5.2817823
A11: =A10+1 -> 10 | B11: =B10+1 -> 140 | C11: ='1_RawData'!A141 -> 1960-08 | D11: {=INDEX('1_RawData'!A:A, B11+2)} -> 1960-09 | E11: ='2_Preprocessed'!$D130 -> 1.5704838 | F11: ='2_Preprocessed'!$D131 -> 1.259581 | G11: ='2_Preprocessed'!$D132 -> 0.97700338 | H11: ='2_Preprocessed'!$D133 -> 1.2477006 | I11: ='2_Preprocessed'!$H1 -> 0.41464357 | J11: ='2_Preprocessed'!$D135 -> 1.1628578 | K11: ='2_Preprocessed'!$D136 -> 1.3296598 | L11: ='2_Preprocessed'!$D137 -> 1.5600435 | M11: ='2_Preprocessed'!$D138 -> 1.6169139 | N11: ='2_Preprocessed'!$D139 -> 1.9190716 | O11: ='2_Preprocessed'!$D140 -> 2.282452 | P11: ='2_Preprocessed'!$D141 -> 2.2196026 | Q11: =SQRT(SUMSQ(E11:P11)) -> 5.3594425
A12: =A11+1 -> 11 | B12: =B11+1 -> 141 | C12: ='1_RawData'!A142 -> 1960-09 | D12: {=INDEX('1_RawData'!A:A, B12+2)} -> 1960-10 | E12: ='2_Preprocessed'!$D131 -> 1.259581 | F12: ='2_Preprocessed'!$D132 -> 0.97700338 | G12: ='2_Preprocessed'!$D133 -> 1.2477006 | H12: ='2_Preprocessed'!$H1 -> 0.41464357 | I12: ='2_Preprocessed'!$D135 -> 1.1628578 | J12: ='2_Preprocessed'!$D136 -> 1.3296598 | K12: ='2_Preprocessed'!$D137 -> 1.5600435 | L12: ='2_Preprocessed'!$D138 -> 1.6169139 | M12: ='2_Preprocessed'!$D139 -> 1.9190716 | N12: ='2_Preprocessed'!$D140 -> 2.282452 | O12: ='2_Preprocessed'!$D141 -> 2.2196026 | P12: ='2_Preprocessed'!$D142 -> 1.7941805 | Q12: =SQRT(SUMSQ(E12:P12)) -> 5.4292069
A13: =A12+1 -> 12 | B13: =B12+1 -> 142 | C13: ='1_RawData'!A143 -> 1960-10 | D13: {=INDEX('1_RawData'!A:A, B13+2)} -> 1960-11 | E13: ='2_Preprocessed'!$D132 -> 0.97700338 | F13: ='2_Preprocessed'!$D133 -> 1.2477006 | G13: ='2_Preprocessed'!$H1 -> 0.41464357 | H13: ='2_Preprocessed'!$D135 -> 1.1628578 | I13: ='2_Preprocessed'!$D136 -> 1.3296598 | J13: ='2_Preprocessed'!$D137 -> 1.5600435 | K13: ='2_Preprocessed'!$D138 -> 1.6169139 | L13: ='2_Preprocessed'!$D139 -> 1.9190716 | M13: ='2_Preprocessed'!$D140 -> 2.282452 | N13: ='2_Preprocessed'!$D141 -> 2.2196026 | O13: ='2_Preprocessed'!$D142 -> 1.7941805 | P13: ='2_Preprocessed'!$D143 -> 1.5600435 | Q13: =SQRT(SUMSQ(E13:P13)) -> 5.5066759

Sheet 5_AttentionModel
A4: Selected TestID
A5: Dropdown selector | B5: 8 | C5: This dropdown is from the test windows
A7: Temperature (tau) | B7: 0.2
A9: Epsilon (eps) | B9: 1e-06
A11: Reference Window
A12: EndIndex | B12: {=INDEX('4_TestWindows'!B:B, $B$5+1)} -> 138
A13: Month | B13: {=INDEX('4_TestWindows'!C:C, $B$5+1)} -> 1960-06
A14: TargetMonth | B14: {=INDEX('4_TestWindows'!D:D, $B$5+1)} -> 1960-07
B16: {=INDEX('4_TestWindows'!E:E, $B$5+1)} -> 1.9769733 | C16: {=INDEX('4_TestWindows'!F:F, $B$5+1)} -> 2.024904 | D16: {=INDEX('4_TestWindows'!G:G, $B$5+1)} -> 1.5704838 | E16: {=INDEX('4_TestWindows'!H:H, $B$5+1)} -> 1.259581 | F16: {=INDEX('4_TestWindows'!I:I, $B$5+1)} -> 0.97700338 | G16: {=INDEX('4_TestWindows'!J:J, $B$5+1)} -> 1.2477006 | H16: {=INDEX('4_TestWindows'!K:K, $B$5+1)} -> 0.41464357 | I16: {=INDEX('4_TestWindows'!L:L, $B$5+1)} -> 1.1628578 | J16: {=INDEX('4_TestWindows'!M:M, $B$5+1)} -> 1.3296598 | K16: {=INDEX('4_TestWindows'!N:N, $B$5+1)} -> 1.5600435 | L16: {=INDEX('4_TestWindows'!O:O, $B$5+1)} -> 1.6169139 | M16: {=INDEX('4_TestWindows'!P:P, $B$5+1)} -> 1.9190716 | O16: {=INDEX('4_TestWindows'!Q:Q, $B$5+1)} -> 5.1571368
A18: TrainID | B18: EndIndex | C18: Month | D18: TargetMonth | E18: DotProduct | F18: CosSimilarity | G18: ScaledSimilarity | H18: ExpScaled | I18: Weight | J18: Target_z
A19: =ROW()-18 -> 1 | B19: {=INDEX('3_TrainWindows'!B:B, A19+1)} -> 12 | C19: {=INDEX('3_TrainWindows'!C:C, A19+1)} -> 1949-01 | D19: {=INDEX('3_TrainWindows'!D:D, A19+1)} -> 1949-12 | E19: =SUMPRODUCT($B$16:$M$16,'3_TrainWindows'!$E2:$P2) -> -27.685465 | F19: =E19/($O$16 * '3_TrainWindows'!R2 + $B$9) -> -0.97569056 | G19: =F19/$B$7 -> -4.8784528 | H19: =EXP(G19-G$140) -> 5.5270339e-05 | I19: =H19/$H$140 -> 1.7996144e-06 | J19: {=INDEX('3_TrainWindows'!Q:Q, A19+1)} -> -1.7885335 | K19: =SUMPRODUCT($B$16:$M$16,'3_TrainWindows'!$E2:$P2) -> -27.685465
A20: =ROW()-18 -> 2 | B20: {=INDEX('3_TrainWindows'!B:B, A20+1)} -> 13 | C20: {=INDEX('3_TrainWindows'!C:C, A20+1)} -> 1949-02 | D20: {=INDEX('3_TrainWindows'!D:D, A20+1)} -> 1950-01 | E20: =SUMPRODUCT($B$16:$M$16,'3_TrainWindows'!$E3:$P3) -> -27.435021 | F20: =E20/($O$16 * '3_TrainWindows'!R3 + $B$9) -> -0.97059222 | G20: =F20/$B$7 -> -4.8529611 | H20: =EXP(G20-G$140) -> 5.6697386e-05 | I20: =H20/$H$140 -> 1.8460793e-06 | J20: {=INDEX('3_TrainWindows'!Q:Q, A20+1)} -> -1.5682243 | K20: =SUMPRODUCT($B$16:$M$16,'3_TrainWindows'!$E3:$P3) -> -27.435021
A21: =ROW()-18 -> 3 | B21: {=INDEX('3_TrainWindows'!B:B, A21+1)} -> 14 | C21: {=INDEX('3_TrainWindows'!C:C, A21+1)} -> 1949-03 | D21: {=INDEX('3_TrainWindows'!D:D, A21+1)} -> 1950-02 | E21: =SUMPRODUCT($B$16:$M$16,'3_TrainWindows'!$E4:$P4) -> -26.799568 | F21: =E21/($O$16 * '3_TrainWindows'!R4 + $B$9) -> -0.95644472 | G21: =F21/$B$7 -> -4.7822236 | H21: =EXP(G21-G$140) -> 6.0853273e-05 | I21: =H21/$H$140 -> 1.9813959e-06 | J21: {=INDEX('3_TrainWindows'!Q:Q, A21+1)} -> -1.2969601 | K21: =SUMPRODUCT($B$16:$M$16,'3_TrainWindows'!$E4:$P4) -> -26.799568
A22: =ROW()-18 -> 4 | B22: {=INDEX('3_TrainWindows'!B:B, A22+1)} -> 15 | C22: {=INDEX('3_TrainWindows'!C:C, A22+1)} -> 1949-04 | D22: {=INDEX('3_TrainWindows'!D:D, A22+1)} -> 1950-03 | E22: =SUMPRODUCT($B$16:$M$16,'3_TrainWindows'!$E5:$P5) -> -26.108797 | F22: =E22/($O$16 * '3_TrainWindows'!R5 + $B$9) -> -0.93878121 | G22: =F22/$B$7 -> -4.6939061 | H22: =EXP(G22-G$140) -> 6.6472157e-05 | I22: =H22/$H$140 -> 2.164348e-06 | J22: {=INDEX('3_TrainWindows'!Q:Q, A22+1)} -> -1.4018335 | K22: =SUMPRODUCT($B$16:$M$16,'3_TrainWindows'!$E5:$P5) -> -26.108797
A23: =ROW()-18 -> 5 | B23: {=INDEX('3_TrainWindows'!B:B, A23+1)} -> 16 | C23: {=INDEX('3_TrainWindows'!C:C, A23+1)} -> 1949-05 | D23: {=INDEX('3_TrainWindows'!D:D, A23+1)} -> 1950-04 | E23: =SUMPRODUCT($B$16:$M$16,'3_TrainWindows'!$E6:$P6) -> -25.414293 | F23: =E23/($O$16 * '3_TrainWindows'!R6 + $B$9) -> -0.91886938 | G23: =F23/$B$7 -> -4.5943469 | H23: =EXP(G23-G$140) -> 7.3430714e-05 | I23: =H23/$H$140 -> 2.3909202e-06 | J23: {=INDEX('3_TrainWindows'!Q:Q, A23+1)} -> -1.5874413 | K23: =SUMPRODUCT($B$16:$M$16,'3_TrainWindows'!$E6:$P6) -> -25.414293
A24: =ROW()-18 -> 6 | B24: {=INDEX('3_TrainWindows'!B:B, A24+1)} -> 17 | C24: {=INDEX('3_TrainWindows'!C:C, A24+1)} -> 1949-06 | D24: {=INDEX('3_TrainWindows'!D:D, A24+1)} -> 1950-05 | E24: =SUMPRODUCT($B$16:$M$16,'3_TrainWindows'!$E7:$P7) -> -25.175804 | F24: =E24/($O$16 * '3_TrainWindows'!R7 + $B$9) -> -0.91431149 | G24: =F24/$B$7 -> -4.5715575 | H24: =EXP(G24-G$140) -> 7.5123375e-05 | I24: =H24/$H$140 -> 2.4460336e-06 | J24: {=INDEX('3_TrainWindows'!Q:Q, A24+1)} -> -1.1638664 | K24: =SUMPRODUCT($B$16:$M$16,'3_TrainWindows'!$E7:$P7) -> -25.175804
A25: =ROW()-18 -> 7 | B25: {=INDEX('3_TrainWindows'!B:B, A25+1)} -> 18 | C25: {=INDEX('3_TrainWindows'!C:C, A25+1)} -> 1949-07 | D25: {=INDEX('3_TrainWindows'!D:D, A25+1)} -> 1950-06 | E25: =SUMPRODUCT($B$16:$M$16,'3_TrainWindows'!$E8:$P8) -> -24.460514 | F25: =E25/($O$16 * '3_TrainWindows'!R8 + $B$9) -> -0.89800262 | G25: =F25/$B$7 -> -4.4900131 | H25: =EXP(G25-G$140) -> 8.1505957e-05 | I25: =H25/$H$140 -> 2.6538518e-06 | J25: {=INDEX('3_TrainWindows'!Q:Q, A25+1)} -> -0.84587736 | K25: =SUMPRODUCT($B$16:$M$16,'3_TrainWindows'!$E8:$P8) -> -24.460514
A26: =ROW()-18 -> 8 | B26: {=INDEX('3_TrainWindows'!B:B, A26+1)} -> 19 | C26: {=INDEX('3_TrainWindows'!C:C, A26+1)} -> 1949-08 | D26: {=INDEX('3_TrainWindows'!D:D, A26+1)} -> 1950-07 | E26: =SUMPRODUCT($B$16:$M$16,'3_TrainWindows'!$E9:$P9) -> -24.295483 | F26: =E26/($O$16 * '3_TrainWindows'!R9 + $B$9) -> -0.90297016 | G26: =F26/$B$7 -> -4.5148508 | H26: =EXP(G26-G$140) -> 7.9506472e-05 | I26: =H26/$H$140 -> 2.5887482e-06 | J26: {=INDEX('3_TrainWindows'!Q:Q, A26+1)} -> -0.84587736 | K26: =SUMPRODUCT($B$16:$M$16,'3_TrainWindows'!$E9:$P9) -> -24.295483
A27: =ROW()-18 -> 9 | B27: {=INDEX('3_TrainWindows'!B:B, A27+1)} -> 20 | C27: {=INDEX('3_TrainWindows'!C:C, A27+1)} -> 1949-09 | D27: {=INDEX('3_TrainWindows'!D:D, A27+1)} -> 1950-08 | E27: =SUMPRODUCT($B$16:$M$16,'3_TrainWindows'!$E10:$P10) -> -24.344513 | F27: =E27/($O$16 * '3_TrainWindows'!R10 + $B$9) -> -0.916261 | G27: =F27/$B$7 -> -4.581305 | H27: =EXP(G27-G$140) -> 7.4394664e-05 | I27: =H27/$H$140 -> 2.4223066e-06 | J27: {=INDEX('3_TrainWindows'!Q:Q, A27+1)} -> -1.0224227 | K27: =SUMPRODUCT($B$16:$M$16,'3_TrainWindows'!$E10:$P10) -> -24.344513
A28: =ROW()-18 -> 10 | B28: {=INDEX('3_TrainWindows'!B:B, A28+1)} -> 21 | C28: {=INDEX('3_TrainWindows'!C:C, A28+1)} -> 1949-10 | D28: {=INDEX('3_TrainWindows'!D:D, A28+1)} -> 1950-09 | E28: =SUMPRODUCT($B$16:$M$16,'3_TrainWindows'!$E11:$P11) -> -24.224162 | F28: =E28/($O$16 * '3_TrainWindows'!R11 + $B$9) -> -0.92705469 | G28: =F28/$B$7 -> -4.6352735 | H28: =EXP(G28-G$140) -> 7.0486116e-05 | I28: =H28/$H$140 -> 2.2950434e-06 | J28: {=INDEX('3_TrainWindows'!Q:Q, A28+1)} -> -1.4378299 | K28: =SUMPRODUCT($B$16:$M$16,'3_TrainWindows'!$E11:$P11) -> -24.224162
A29: =ROW()-18 -> 11 | B29: {=INDEX('3_TrainWindows'!B:B, A29+1)} -> 22 | C29: {=INDEX('3_TrainWindows'!C:C, A29+1)} -> 1949-11 | D29: {=INDEX('3_TrainWindows'!D:D, A29+1)} -> 1950-10 | E29: =SUMPRODUCT($B$16:$M$16,'3_TrainWindows'!$E12:$P12) -> -24.179906 | F29: =E29/($O$16 * '3_TrainWindows'!R12 + $B$9) -> -0.94094489 | G29: =F29/$B$7 -> -4.7047245 | H29: =EXP(G29-G$140) -> 6.5756909e-05 | I29: =H29/$H$140 -> 2.1410594e-06 | J29: {=INDEX('3_TrainWindows'!Q:Q, A29+1)} -> -1.8095966 | K29: =SUMPRODUCT($B$16:$M$16,'3_TrainWindows'!$E12:$P12) -> -24.179906
A30: =ROW()-18 -> 12 | B30: {=INDEX('3_TrainWindows'!B:B, A30+1)} -> 23 | C30: {=INDEX('3_TrainWindows'!C:C, A30+1)} -> 1949-12 | D30: {=INDEX('3_TrainWindows'!D:D, A30+1)} -> 1950-11 | E30: =SUMPRODUCT($B$16:$M$16,'3_TrainWindows'!$E13:$P13) -> -24.465022 | F30: =E30/($O$16 * '3_TrainWindows'!R13 + $B$9) -> -0.96877395 | G30: =F30/$B$7 -> -4.8438698 | H30: =EXP(G30-G$140) -> 5.7215192e-05 | I30: =H30/$H$140 -> 1.8629392e-06 | J30: {=INDEX('3_TrainWindows'!Q:Q, A30+1)} -> -1.3141253 | K30: =SUMPRODUCT($B$16:$M$16,'3_TrainWindows'!$E13:$P13) -> -24.465022
... A138: =ROW()-18 -> 120 | B138: {=INDEX('3_TrainWindows'!B:B, A138+1)} -> 131 | C138: {=INDEX('3_TrainWindows'!C:C, A138+1)} -> 1958-12 | D138: {=INDEX('3_TrainWindows'!D:D, A138+1)} -> 1959-11 | E138: =SUMPRODUCT($B$16:$M$16,'3_TrainWindows'!$E121:$P121) -> 21.295434 | F138: =E138/($O$16 * '3_TrainWindows'!R121 + $B$9) -> 0.86686105 | G138: =F138/$B$7 -> 4.3343053 | H138: =EXP(G138-G$140) -> 0.55404128 | I138: =H138/$H$140 -> 0.018039706 | J138: {=INDEX('3_TrainWindows'!Q:Q, A138+1)} -> 1.2477006 | K138: =SUMPRODUCT($B$16:$M$16,'3_TrainWindows'!$E121:$P121) -> 21.295434
F140: a_max | G140: =MAX(G19:G138) -> 4.9248213 | H140: =SUM(H19:H138) -> 30.712324
A141: Forecast Summary
A142: Predicted_z | B142: =SUMPRODUCT(I19:I138, J19:J138) -> 1.1470358
A143: Predicted_Log | B143: =(B142 * '2_Preprocessed'!$H$1) + '2_Preprocessed'!$G$1 -> 5.9621471
A144: Predicted_Raw | B144: =EXP(B143) -> 388.44324
A145: Actual_NextMonth | B145: {=INDEX('2_Preprocessed'!$B$2:$B$145, B12+1)} -> 622
A146: Error | B146: =B145 - B144 -> 233.55676
A147: Abs_Pct_Error | B147: =ABS(B146/B145) -> 0.37549318
A148: Actual_NextMonth | B148: {=INDEX('2_Preprocessed'!$B$2:$B$145, $B$5+1)} -> 136
A149: Error | B149: =B145 - B144 -> 233.55676
A150: Abs_Pct_Error | B150: =ABS(B146/B145) -> 0.37549318
