Workbook

Sheet ReadMe-Forest construction
B2: Random Forest Implementation: Pima Indians Diabetes Classification
B3: Executive Summary
B4: This document explains a machine learning implementation that predicts diabetes risk using medical data from the Pima Indians population. The system uses a Random Forest algorithm with 12 decision trees, each limited to depth 3 for interpretability. The model achieves 75.8% accuracy on test data and is implemented in Excel for transparency and educational purposes.
B6: 1. Fundamental Machine Learning Concepts
B7: 1.1 What is Classification?
B8: Classification is a type of machine learning where we predict categorical outcomes. In this case:
B9: Class 0: No diabetes (tested_negative)
B10: Class 1: Diabetes (tested_positive)
B11: Think of it as a medical screening tool that learns patterns from historical data to assess new patients' diabetes risk.
B12: 1.2 Decision Trees: The Building Blocks
B13: A decision tree makes predictions by asking a series of yes/no questions about the input features. It's like a medical flowchart:
B14: Example Structure:
... B35: 2.1 Medical Context & Feature Definitions
B36: Feature | C36: Medical Meaning | D36: Normal Range | E36: Importance
B37: preg | C37: Number of pregnancies | D37: 0-5 | E37: Hormonal changes affect glucose
B38: plas | C38: Plasma glucose concentration | D38: 70-100 mg/dL | E38: Primary diabetes indicator
B39: pres | C39: Diastolic blood pressure (mm Hg) | D39: <80 mm Hg | E39: Cardiovascular health link
B40: skin | C40: Triceps skin fold thickness (mm) | D40: 10-40 mm | E40: Obesity indicator
B41: insu | C41: 2-Hour serum insulin (mu U/ml) | D41: 16-166 μU/mL | E41: Insulin resistance measure
B42: mass | C42: Body mass index (weight in kg/(height in m)²) | D42: 18.5-24.9 | E42: Obesity metric
B43: pedi | C43: Diabetes pedigree function | D43: 0-2.4 | E43: Genetic predisposition score
B44: age | C44: Age in years | D44: - | E44: Risk increases with age
B45: 2.2 Data Statistics
B46: 768 patients in original dataset
B47: 537 patients used for training (70%)
B48: 231 patients used for testing (30%)
B49: Class distribution: Approximately 65% non-diabetic, 35% diabetic
B51: 3. Technical Implementation Details
B52: 3.1 Bootstrap Sampling (Data Randomization)
B53: Each tree sees a different random sample of patients:
B54: Sample size: 537 patients (same as original training set)
B55: Sampling method: With replacement (some patients appear multiple times)
B56: Unique patients per tree: ~330-343 (about 61-64% of training data)
B57: Why bootstrap? Creates diversity among trees and enables "out-of-bag" error estimation.
... B91: 4.2 Excel Formula Breakdown
B93: =IF(D2>133.5,) -> FALSE
B94: IF(D2<=161.5,
B95: IF(I2<=0.31,0,0),
B96: IF(I2>0.31,1,1)
B97: ),
B98: IF(D2>161.5,
B99: IF(C2<=6.5,1,1),
B100: IF(C2>6.5,1,1)
B101: )
B102: )
B103: Medical Interpretation:
B104: Primary split: Plasma glucose > 133.5 mg/dL (diabetic threshold)
B105: Secondary consideration: Genetic predisposition (pedigree function)
... B114: 5.1 Individual Tree Performance
B115: Tree | C115: Features Used | D115: Test Accuracy
B116: 1 | C116: preg, age, insu, pres | D116: 0.602
B117: 4 | C117: pedi, preg, plas, skin | D117: 0.727
B118: 5 | C118: pedi, plas, skin, age | D118: 0.753
B119: ... | C119: ... | D119: ...
B120: Ensemble | C120: All features | D120: 0.758
B121: 5.2 Key Validation Insights
B122: Ensemble advantage: 75.8% vs best single tree 75.3%
B123: Diversity benefit: Weaker trees (60.2%) still contribute valuable perspectives
B124: Stability: Consistent performance across different feature combinations
B126: 6. Feature Importance Analysis
B127: 6.1 Calculation Method
B128: Feature importance can be estimated by:
B129: 1. How often each feature is used across all trees
B130: 2. How early features appear in trees (closer to root = more important)
B131: 3. Performance impact when feature is removed
B132: 6.2 Excel Implementation for Feature Importance
B134: =COUNTIF(FeatureUsageRange,"plas")/TotalDecisions
... B214: Key Takeaway: The whole (ensemble) is greater than the sum of its parts (individual trees), and transparency in medical AI builds trust and understanding.

Sheet Random Forest Analysis
A2: Random Forest Analysis, Interpretation, and Discussion
A4: 1. Overview of the Learned Structure
A6: This Random Forest consists of 12 trees, each built on different bootstrap samples and random feature subsets. Although each individual tree has a slightly different structure, collectively they reveal strong and consistent patterns.
A8: Across the forest, plasma glucose (plas) appears as the dominant variable, used in 8 of the 12 trees, and almost always near the top of the tree. This is consistent with both clinical intuition and the impurity reduction pattern: splits on glucose tend to produce the largest immediate drops in Gini impurity.
A10: In contrast, variables such as pregnancies, mass (BMI), and insulin typically appear in deeper nodes, contributing smaller but still meaningful purity improvements in specific subpopulations.
A12: The forest therefore learns a hierarchical risk structure:
A14: Primary signals: glucose, pedigree
A15: Secondary refiners: BMI, age, skinfold
A16: Contextual variables: pres, insu, preg
A18: This mirrors established medical knowledge and therefore passes the test of conceptual soundness.
A20: 2. Feature Usage Insights
A22: Instead of looking only at numerical importances, this sheet also evaluates how many trees used each feature and how many total nodes used it.
... A102: This three-stage flow (macro → meso → micro splitting) is exactly what we expect from a well-structured Random Forest.

Sheet TestRowIDs
A1: RowID
A2: 731
A3: 199
A4: 25
A5: 418
A6: 388
A7: 157
A8: 661
A9: 206
A10: 4
A11: 532
A12: 159
A13: 348
... A232: 20

Sheet RandomForest Final
B1: RowID | C1: preg | D1: plas | E1: pres | F1: skin | G1: insu | H1: mass | I1: pedi | J1: age | K1: class | L1: Tree 1 | M1: Tree 2 | N1: Tree 3 | O1: Tree 4 | P1: Tree 5 | Q1: Tree 6 | R1: Tree 7 | S1: Tree 8 | T1: Tree 9 | U1: Tree 10 | V1: Tree 11 | W1: Tree 12 | X1: Count_0 | Y1: Count_1 | Z1: 0_or_1 | AA1: if_correct | AC1: Test RowID | AE1: Count_0 | AF1: Count_1
B2: 1 | C2: 6 | D2: 148 | E2: 72 | F2: 35 | G2: 0 | H2: 33.6 | I2: 0.627 | J2: 50 | K2: 1 | L2: =IF(J2<=42.5,IF(G2<=119.5,IF(C2<=2.5,0,0),IF(C2<=0.5,1,0)),IF(G2<=139.5,IF(J2<=55.5,1,0),1)) -> 1 | M2: =IF(J2<=30.5,IF(H2<=36.25,IF(J2<=26.5,0,0),IF(H2<=42.75,0,1)),IF(H2<=27.45,IF(H2<=24.8,0,0),IF(J2<=42.5,1,1))) -> 1 | N2: =IF(D2<=137.5,IF(J2<=27.5,IF(I2<=0.4945,0,0),IF(D2<=107.5,0,0)),IF(D2<=155.5,IF(D2<=146.5,1,0),IF(J2<=44.5,1,1))) -> 0 | O2: =IF(D2<=133.5,IF(I2<=0.5095,IF(D2<=94.5,0,0),IF(F2<=28.5,0,1)),IF(D2<=161.5,IF(I2<=0.315,0,1),IF(C2<=6.5,1,1))) -> 1 | P2: =IF(D2<=124.5,IF(J2<=27.5,IF(F2<=30.5,0,0),IF(D2<=94.5,0,0)),IF(D2<=166.5,IF(J2<=24.5,0,1),IF(J2<=37.5,1,1))) -> 1 | Q2: =IF(H2<=28.849999,IF(C2<=5.5,IF(E2<=69,0,0),IF(H2<=24.7,0,0)),IF(C2<=4.5,IF(G2<=107.5,0,0),IF(G2<=122.5,0,1))) -> 0 | R2: =IF(D2<=154.5,IF(H2<=27.849999,IF(D2<=107.5,0,0),IF(I2<=1.105,0,1)),IF(I2<=0.2745,1,IF(G2<=171.5,1,1))) -> 0 | S2: =IF(D2<=133.5,IF(J2<=27.5,IF(H2<=31.3,0,0),IF(H2<=28.65,0,0)),IF(H2<=29.4,0,IF(D2<=155.5,1,1))) -> 1 | T2: =IF(D2<=151.5,IF(D2<=99.5,IF(J2<=36.5,0,0),IF(I2<=0.317,0,0)),IF(F2<=38.5,IF(J2<=44.5,1,1),1)) -> 0 | U2: =IF(H2<=29.650001,IF(C2<=8.5,IF(H2<=26.5,0,0),0),IF(C2<=6.5,IF(H2<=43,0,1),IF(I2<=0.208,0,1))) -> 0 | V2: =IF(H2<=29.849999,IF(C2<=4.5,IF(H2<=25.45,0,0),IF(I2<=0.261,0,0)),IF(G2<=179,IF(C2<=4.5,0,1),IF(H2<=35.049999,1,1))) -> 1 | W2: =IF(D2<=127.5,IF(C2<=5.5,IF(E2<=79,0,0),IF(I2<=0.2205,0,0)),IF(I2<=0.3165,IF(I2<=0.242,1,0),IF(D2<=143.5,1,1))) -> 1 | X2: =COUNTIF(L2:W2,0) -> 5 | Y2: =COUNTIF(L2:W2,1) -> 7 | Z2: =IF(X2>Y2,0,1) -> 1 | AA2: =IF(Z2=K2,1,0) -> 1 | AB2: =SUM(AA2:AA769)/COUNT(AA2:AA769) -> 0.78385417 | AC2: 731 | AD2: =VLOOKUP(AC2,B:AA,26,FALSE) -> 0 | AE2: =VLOOKUP(AC2,B:AA,23,FALSE) -> 9 | AF2: =VLOOKUP(AC2,B:AA,24,FALSE) -> 3 | AG2: =AE2&"_"&AF2 -> 9_3 | AJ2: =SUM(AD:AD) -> 175
B3: 2 | C3: 1 | D3: 85 | E3: 66 | F3: 29 | G3: 0 | H3: 26.6 | I3: 0.351 | J3: 31 | K3: 0 | L3: =IF(J3<=42.5,IF(G3<=119.5,IF(C3<=2.5,0,0),IF(C3<=0.5,1,0)),IF(G3<=139.5,IF(J3<=55.5,1,0),1)) -> 0 | M3: =IF(J3<=30.5,IF(H3<=36.25,IF(J3<=26.5,0,0),IF(H3<=42.75,0,1)),IF(H3<=27.45,IF(H3<=24.8,0,0),IF(J3<=42.5,1,1))) -> 0 | N3: =IF(D3<=137.5,IF(J3<=27.5,IF(I3<=0.4945,0,0),IF(D3<=107.5,0,0)),IF(D3<=155.5,IF(D3<=146.5,1,0),IF(J3<=44.5,1,1))) -> 0 | O3: =IF(D3<=133.5,IF(I3<=0.5095,IF(D3<=94.5,0,0),IF(F3<=28.5,0,1)),IF(D3<=161.5,IF(I3<=0.315,0,1),IF(C3<=6.5,1,1))) -> 0 | P3: =IF(D3<=124.5,IF(J3<=27.5,IF(F3<=30.5,0,0),IF(D3<=94.5,0,0)),IF(D3<=166.5,IF(J3<=24.5,0,1),IF(J3<=37.5,1,1))) -> 0 | Q3: =IF(H3<=28.849999,IF(C3<=5.5,IF(E3<=69,0,0),IF(H3<=24.7,0,0)),IF(C3<=4.5,IF(G3<=107.5,0,0),IF(G3<=122.5,0,1))) -> 0 | R3: =IF(D3<=154.5,IF(H3<=27.849999,IF(D3<=107.5,0,0),IF(I3<=1.105,0,1)),IF(I3<=0.2745,1,IF(G3<=171.5,1,1))) -> 0 | S3: =IF(D3<=133.5,IF(J3<=27.5,IF(H3<=31.3,0,0),IF(H3<=28.65,0,0)),IF(H3<=29.4,0,IF(D3<=155.5,1,1))) -> 0 | T3: =IF(D3<=151.5,IF(D3<=99.5,IF(J3<=36.5,0,0),IF(I3<=0.317,0,0)),IF(F3<=38.5,IF(J3<=44.5,1,1),1)) -> 0 | U3: =IF(H3<=29.650001,IF(C3<=8.5,IF(H3<=26.5,0,0),0),IF(C3<=6.5,IF(H3<=43,0,1),IF(I3<=0.208,0,1))) -> 0 | V3: =IF(H3<=29.849999,IF(C3<=4.5,IF(H3<=25.45,0,0),IF(I3<=0.261,0,0)),IF(G3<=179,IF(C3<=4.5,0,1),IF(H3<=35.049999,1,1))) -> 0 | W3: =IF(D3<=127.5,IF(C3<=5.5,IF(E3<=79,0,0),IF(I3<=0.2205,0,0)),IF(I3<=0.3165,IF(I3<=0.242,1,0),IF(D3<=143.5,1,1))) -> 0 | X3: =COUNTIF(L3:W3,0) -> 12 | Y3: =COUNTIF(L3:W3,1) -> 0 | Z3: =IF(X3>Y3,0,1) -> 0 | AA3: =IF(Z3=K3,1,0) -> 1 | AC3: 199 | AD3: =VLOOKUP(AC3,B:AA,26,FALSE) -> 0 | AE3: =VLOOKUP(AC3,B:AA,23,FALSE) -> 11 | AF3: =VLOOKUP(AC3,B:AA,24,FALSE) -> 1 | AG3: =AE3&"_"&AF3 -> 11_1 | AJ3: =AJ2/231 -> 0.75757576
B4: 3 | C4: 8 | D4: 183 | E4: 64 | F4: 0 | G4: 0 | H4: 23.3 | I4: 0.672 | J4: 32 | K4: 1 | L4: =IF(J4<=42.5,IF(G4<=119.5,IF(C4<=2.5,0,0),IF(C4<=0.5,1,0)),IF(G4<=139.5,IF(J4<=55.5,1,0),1)) -> 0 | M4: =IF(J4<=30.5,IF(H4<=36.25,IF(J4<=26.5,0,0),IF(H4<=42.75,0,1)),IF(H4<=27.45,IF(H4<=24.8,0,0),IF(J4<=42.5,1,1))) -> 0 | N4: =IF(D4<=137.5,IF(J4<=27.5,IF(I4<=0.4945,0,0),IF(D4<=107.5,0,0)),IF(D4<=155.5,IF(D4<=146.5,1,0),IF(J4<=44.5,1,1))) -> 1 | O4: =IF(D4<=133.5,IF(I4<=0.5095,IF(D4<=94.5,0,0),IF(F4<=28.5,0,1)),IF(D4<=161.5,IF(I4<=0.315,0,1),IF(C4<=6.5,1,1))) -> 1 | P4: =IF(D4<=124.5,IF(J4<=27.5,IF(F4<=30.5,0,0),IF(D4<=94.5,0,0)),IF(D4<=166.5,IF(J4<=24.5,0,1),IF(J4<=37.5,1,1))) -> 1 | Q4: =IF(H4<=28.849999,IF(C4<=5.5,IF(E4<=69,0,0),IF(H4<=24.7,0,0)),IF(C4<=4.5,IF(G4<=107.5,0,0),IF(G4<=122.5,0,1))) -> 0 | R4: =IF(D4<=154.5,IF(H4<=27.849999,IF(D4<=107.5,0,0),IF(I4<=1.105,0,1)),IF(I4<=0.2745,1,IF(G4<=171.5,1,1))) -> 1 | S4: =IF(D4<=133.5,IF(J4<=27.5,IF(H4<=31.3,0,0),IF(H4<=28.65,0,0)),IF(H4<=29.4,0,IF(D4<=155.5,1,1))) -> 0 | T4: =IF(D4<=151.5,IF(D4<=99.5,IF(J4<=36.5,0,0),IF(I4<=0.317,0,0)),IF(F4<=38.5,IF(J4<=44.5,1,1),1)) -> 1 | U4: =IF(H4<=29.650001,IF(C4<=8.5,IF(H4<=26.5,0,0),0),IF(C4<=6.5,IF(H4<=43,0,1),IF(I4<=0.208,0,1))) -> 0 | V4: =IF(H4<=29.849999,IF(C4<=4.5,IF(H4<=25.45,0,0),IF(I4<=0.261,0,0)),IF(G4<=179,IF(C4<=4.5,0,1),IF(H4<=35.049999,1,1))) -> 0 | W4: =IF(D4<=127.5,IF(C4<=5.5,IF(E4<=79,0,0),IF(I4<=0.2205,0,0)),IF(I4<=0.3165,IF(I4<=0.242,1,0),IF(D4<=143.5,1,1))) -> 1 | X4: =COUNTIF(L4:W4,0) -> 6 | Y4: =COUNTIF(L4:W4,1) -> 6 | Z4: =IF(X4>Y4,0,1) -> 1 | AA4: =IF(Z4=K4,1,0) -> 1 | AC4: 25 | AD4: =VLOOKUP(AC4,B:AA,26,FALSE) -> 1 | AE4: =VLOOKUP(AC4,B:AA,23,FALSE) -> 4 | AF4: =VLOOKUP(AC4,B:AA,24,FALSE) -> 8 | AG4: =AE4&"_"&AF4 -> 4_8
B5: 4 | C5: 1 | D5: 89 | E5: 66 | F5: 23 | G5: 94 | H5: 28.1 | I5: 0.167 | J5: 21 | K5: 0 | L5: =IF(J5<=42.5,IF(G5<=119.5,IF(C5<=2.5,0,0),IF(C5<=0.5,1,0)),IF(G5<=139.5,IF(J5<=55.5,1,0),1)) -> 0 | M5: =IF(J5<=30.5,IF(H5<=36.25,IF(J5<=26.5,0,0),IF(H5<=42.75,0,1)),IF(H5<=27.45,IF(H5<=24.8,0,0),IF(J5<=42.5,1,1))) -> 0 | N5: =IF(D5<=137.5,IF(J5<=27.5,IF(I5<=0.4945,0,0),IF(D5<=107.5,0,0)),IF(D5<=155.5,IF(D5<=146.5,1,0),IF(J5<=44.5,1,1))) -> 0 | O5: =IF(D5<=133.5,IF(I5<=0.5095,IF(D5<=94.5,0,0),IF(F5<=28.5,0,1)),IF(D5<=161.5,IF(I5<=0.315,0,1),IF(C5<=6.5,1,1))) -> 0 | P5: =IF(D5<=124.5,IF(J5<=27.5,IF(F5<=30.5,0,0),IF(D5<=94.5,0,0)),IF(D5<=166.5,IF(J5<=24.5,0,1),IF(J5<=37.5,1,1))) -> 0 | Q5: =IF(H5<=28.849999,IF(C5<=5.5,IF(E5<=69,0,0),IF(H5<=24.7,0,0)),IF(C5<=4.5,IF(G5<=107.5,0,0),IF(G5<=122.5,0,1))) -> 0 | R5: =IF(D5<=154.5,IF(H5<=27.849999,IF(D5<=107.5,0,0),IF(I5<=1.105,0,1)),IF(I5<=0.2745,1,IF(G5<=171.5,1,1))) -> 0 | S5: =IF(D5<=133.5,IF(J5<=27.5,IF(H5<=31.3,0,0),IF(H5<=28.65,0,0)),IF(H5<=29.4,0,IF(D5<=155.5,1,1))) -> 0 | T5: =IF(D5<=151.5,IF(D5<=99.5,IF(J5<=36.5,0,0),IF(I5<=0.317,0,0)),IF(F5<=38.5,IF(J5<=44.5,1,1),1)) -> 0 | U5: =IF(H5<=29.650001,IF(C5<=8.5,IF(H5<=26.5,0,0),0),IF(C5<=6.5,IF(H5<=43,0,1),IF(I5<=0.208,0,1))) -> 0 | V5: =IF(H5<=29.849999,IF(C5<=4.5,IF(H5<=25.45,0,0),IF(I5<=0.261,0,0)),IF(G5<=179,IF(C5<=4.5,0,1),IF(H5<=35.049999,1,1))) -> 0 | W5: =IF(D5<=127.5,IF(C5<=5.5,IF(E5<=79,0,0),IF(I5<=0.2205,0,0)),IF(I5<=0.3165,IF(I5<=0.242,1,0),IF(D5<=143.5,1,1))) -> 0 | X5: =COUNTIF(L5:W5,0) -> 12 | Y5: =COUNTIF(L5:W5,1) -> 0 | Z5: =IF(X5>Y5,0,1) -> 0 | AA5: =IF(Z5=K5,1,0) -> 1 | AC5: 418 | AD5: =VLOOKUP(AC5,B:AA,26,FALSE) -> 1 | AE5: =VLOOKUP(AC5,B:AA,23,FALSE) -> 6 | AF5: =VLOOKUP(AC5,B:AA,24,FALSE) -> 6 | AG5: =AE5&"_"&AF5 -> 6_6
B6: 5 | C6: 0 | D6: 137 | E6: 40 | F6: 35 | G6: 168 | H6: 43.1 | I6: 2.288 | J6: 33 | K6: 1 | L6: =IF(J6<=42.5,IF(G6<=119.5,IF(C6<=2.5,0,0),IF(C6<=0.5,1,0)),IF(G6<=139.5,IF(J6<=55.5,1,0),1)) -> 1 | M6: =IF(J6<=30.5,IF(H6<=36.25,IF(J6<=26.5,0,0),IF(H6<=42.75,0,1)),IF(H6<=27.45,IF(H6<=24.8,0,0),IF(J6<=42.5,1,1))) -> 1 | N6: =IF(D6<=137.5,IF(J6<=27.5,IF(I6<=0.4945,0,0),IF(D6<=107.5,0,0)),IF(D6<=155.5,IF(D6<=146.5,1,0),IF(J6<=44.5,1,1))) -> 0 | O6: =IF(D6<=133.5,IF(I6<=0.5095,IF(D6<=94.5,0,0),IF(F6<=28.5,0,1)),IF(D6<=161.5,IF(I6<=0.315,0,1),IF(C6<=6.5,1,1))) -> 1 | P6: =IF(D6<=124.5,IF(J6<=27.5,IF(F6<=30.5,0,0),IF(D6<=94.5,0,0)),IF(D6<=166.5,IF(J6<=24.5,0,1),IF(J6<=37.5,1,1))) -> 1 | Q6: =IF(H6<=28.849999,IF(C6<=5.5,IF(E6<=69,0,0),IF(H6<=24.7,0,0)),IF(C6<=4.5,IF(G6<=107.5,0,0),IF(G6<=122.5,0,1))) -> 0 | R6: =IF(D6<=154.5,IF(H6<=27.849999,IF(D6<=107.5,0,0),IF(I6<=1.105,0,1)),IF(I6<=0.2745,1,IF(G6<=171.5,1,1))) -> 1 | S6: =IF(D6<=133.5,IF(J6<=27.5,IF(H6<=31.3,0,0),IF(H6<=28.65,0,0)),IF(H6<=29.4,0,IF(D6<=155.5,1,1))) -> 1 | T6: =IF(D6<=151.5,IF(D6<=99.5,IF(J6<=36.5,0,0),IF(I6<=0.317,0,0)),IF(F6<=38.5,IF(J6<=44.5,1,1),1)) -> 0 | U6: =IF(H6<=29.650001,IF(C6<=8.5,IF(H6<=26.5,0,0),0),IF(C6<=6.5,IF(H6<=43,0,1),IF(I6<=0.208,0,1))) -> 1 | V6: =IF(H6<=29.849999,IF(C6<=4.5,IF(H6<=25.45,0,0),IF(I6<=0.261,0,0)),IF(G6<=179,IF(C6<=4.5,0,1),IF(H6<=35.049999,1,1))) -> 0 | W6: =IF(D6<=127.5,IF(C6<=5.5,IF(E6<=79,0,0),IF(I6<=0.2205,0,0)),IF(I6<=0.3165,IF(I6<=0.242,1,0),IF(D6<=143.5,1,1))) -> 1 | X6: =COUNTIF(L6:W6,0) -> 4 | Y6: =COUNTIF(L6:W6,1) -> 8 | Z6: =IF(X6>Y6,0,1) -> 1 | AA6: =IF(Z6=K6,1,0) -> 1 | AC6: 388 | AD6: =VLOOKUP(AC6,B:AA,26,FALSE) -> 0 | AE6: =VLOOKUP(AC6,B:AA,23,FALSE) -> 8 | AF6: =VLOOKUP(AC6,B:AA,24,FALSE) -> 4 | AG6: =AE6&"_"&AF6 -> 8_4
B7: 6 | C7: 5 | D7: 116 | E7: 74 | F7: 0 | G7: 0 | H7: 25.6 | I7: 0.201 | J7: 30 | K7: 0 | L7: =IF(J7<=42.5,IF(G7<=119.5,IF(C7<=2.5,0,0),IF(C7<=0.5,1,0)),IF(G7<=139.5,IF(J7<=55.5,1,0),1)) -> 0 | M7: =IF(J7<=30.5,IF(H7<=36.25,IF(J7<=26.5,0,0),IF(H7<=42.75,0,1)),IF(H7<=27.45,IF(H7<=24.8,0,0),IF(J7<=42.5,1,1))) -> 0 | N7: =IF(D7<=137.5,IF(J7<=27.5,IF(I7<=0.4945,0,0),IF(D7<=107.5,0,0)),IF(D7<=155.5,IF(D7<=146.5,1,0),IF(J7<=44.5,1,1))) -> 0 | O7: =IF(D7<=133.5,IF(I7<=0.5095,IF(D7<=94.5,0,0),IF(F7<=28.5,0,1)),IF(D7<=161.5,IF(I7<=0.315,0,1),IF(C7<=6.5,1,1))) -> 0 | P7: =IF(D7<=124.5,IF(J7<=27.5,IF(F7<=30.5,0,0),IF(D7<=94.5,0,0)),IF(D7<=166.5,IF(J7<=24.5,0,1),IF(J7<=37.5,1,1))) -> 0 | Q7: =IF(H7<=28.849999,IF(C7<=5.5,IF(E7<=69,0,0),IF(H7<=24.7,0,0)),IF(C7<=4.5,IF(G7<=107.5,0,0),IF(G7<=122.5,0,1))) -> 0 | R7: =IF(D7<=154.5,IF(H7<=27.849999,IF(D7<=107.5,0,0),IF(I7<=1.105,0,1)),IF(I7<=0.2745,1,IF(G7<=171.5,1,1))) -> 0 | S7: =IF(D7<=133.5,IF(J7<=27.5,IF(H7<=31.3,0,0),IF(H7<=28.65,0,0)),IF(H7<=29.4,0,IF(D7<=155.5,1,1))) -> 0 | T7: =IF(D7<=151.5,IF(D7<=99.5,IF(J7<=36.5,0,0),IF(I7<=0.317,0,0)),IF(F7<=38.5,IF(J7<=44.5,1,1),1)) -> 0 | U7: =IF(H7<=29.650001,IF(C7<=8.5,IF(H7<=26.5,0,0),0),IF(C7<=6.5,IF(H7<=43,0,1),IF(I7<=0.208,0,1))) -> 0 | V7: =IF(H7<=29.849999,IF(C7<=4.5,IF(H7<=25.45,0,0),IF(I7<=0.261,0,0)),IF(G7<=179,IF(C7<=4.5,0,1),IF(H7<=35.049999,1,1))) -> 0 | W7: =IF(D7<=127.5,IF(C7<=5.5,IF(E7<=79,0,0),IF(I7<=0.2205,0,0)),IF(I7<=0.3165,IF(I7<=0.242,1,0),IF(D7<=143.5,1,1))) -> 0 | X7: =COUNTIF(L7:W7,0) -> 12 | Y7: =COUNTIF(L7:W7,1) -> 0 | Z7: =IF(X7>Y7,0,1) -> 0 | AA7: =IF(Z7=K7,1,0) -> 1 | AC7: 157 | AD7: =VLOOKUP(AC7,B:AA,26,FALSE) -> 1 | AE7: =VLOOKUP(AC7,B:AA,23,FALSE) -> 12 | AF7: =VLOOKUP(AC7,B:AA,24,FALSE) -> 0 | AG7: =AE7&"_"&AF7 -> 12_0
B8: 7 | C8: 3 | D8: 78 | E8: 50 | F8: 32 | G8: 88 | H8: 31 | I8: 0.248 | J8: 26 | K8: 1 | L8: =IF(J8<=42.5,IF(G8<=119.5,IF(C8<=2.5,0,0),IF(C8<=0.5,1,0)),IF(G8<=139.5,IF(J8<=55.5,1,0),1)) -> 0 | M8: =IF(J8<=30.5,IF(H8<=36.25,IF(J8<=26.5,0,0),IF(H8<=42.75,0,1)),IF(H8<=27.45,IF(H8<=24.8,0,0),IF(J8<=42.5,1,1))) -> 0 | N8: =IF(D8<=137.5,IF(J8<=27.5,IF(I8<=0.4945,0,0),IF(D8<=107.5,0,0)),IF(D8<=155.5,IF(D8<=146.5,1,0),IF(J8<=44.5,1,1))) -> 0 | O8: =IF(D8<=133.5,IF(I8<=0.5095,IF(D8<=94.5,0,0),IF(F8<=28.5,0,1)),IF(D8<=161.5,IF(I8<=0.315,0,1),IF(C8<=6.5,1,1))) -> 0 | P8: =IF(D8<=124.5,IF(J8<=27.5,IF(F8<=30.5,0,0),IF(D8<=94.5,0,0)),IF(D8<=166.5,IF(J8<=24.5,0,1),IF(J8<=37.5,1,1))) -> 0 | Q8: =IF(H8<=28.849999,IF(C8<=5.5,IF(E8<=69,0,0),IF(H8<=24.7,0,0)),IF(C8<=4.5,IF(G8<=107.5,0,0),IF(G8<=122.5,0,1))) -> 0 | R8: =IF(D8<=154.5,IF(H8<=27.849999,IF(D8<=107.5,0,0),IF(I8<=1.105,0,1)),IF(I8<=0.2745,1,IF(G8<=171.5,1,1))) -> 0 | S8: =IF(D8<=133.5,IF(J8<=27.5,IF(H8<=31.3,0,0),IF(H8<=28.65,0,0)),IF(H8<=29.4,0,IF(D8<=155.5,1,1))) -> 0 | T8: =IF(D8<=151.5,IF(D8<=99.5,IF(J8<=36.5,0,0),IF(I8<=0.317,0,0)),IF(F8<=38.5,IF(J8<=44.5,1,1),1)) -> 0 | U8: =IF(H8<=29.650001,IF(C8<=8.5,IF(H8<=26.5,0,0),0),IF(C8<=6.5,IF(H8<=43,0,1),IF(I8<=0.208,0,1))) -> 0 | V8: =IF(H8<=29.849999,IF(C8<=4.5,IF(H8<=25.45,0,0),IF(I8<=0.261,0,0)),IF(G8<=179,IF(C8<=4.5,0,1),IF(H8<=35.049999,1,1))) -> 0 | W8: =IF(D8<=127.5,IF(C8<=5.5,IF(E8<=79,0,0),IF(I8<=0.2205,0,0)),IF(I8<=0.3165,IF(I8<=0.242,1,0),IF(D8<=143.5,1,1))) -> 0 | X8: =COUNTIF(L8:W8,0) -> 12 | Y8: =COUNTIF(L8:W8,1) -> 0 | Z8: =IF(X8>Y8,0,1) -> 0 | AA8: =IF(Z8=K8,1,0) -> 0 | AC8: 661 | AD8: =VLOOKUP(AC8,B:AA,26,FALSE) -> 0 | AE8: =VLOOKUP(AC8,B:AA,23,FALSE) -> 4 | AF8: =VLOOKUP(AC8,B:AA,24,FALSE) -> 8 | AG8: =AE8&"_"&AF8 -> 4_8
B9: 8 | C9: 10 | D9: 115 | E9: 0 | F9: 0 | G9: 0 | H9: 35.3 | I9: 0.134 | J9: 29 | K9: 0 | L9: =IF(J9<=42.5,IF(G9<=119.5,IF(C9<=2.5,0,0),IF(C9<=0.5,1,0)),IF(G9<=139.5,IF(J9<=55.5,1,0),1)) -> 0 | M9: =IF(J9<=30.5,IF(H9<=36.25,IF(J9<=26.5,0,0),IF(H9<=42.75,0,1)),IF(H9<=27.45,IF(H9<=24.8,0,0),IF(J9<=42.5,1,1))) -> 0 | N9: =IF(D9<=137.5,IF(J9<=27.5,IF(I9<=0.4945,0,0),IF(D9<=107.5,0,0)),IF(D9<=155.5,IF(D9<=146.5,1,0),IF(J9<=44.5,1,1))) -> 0 | O9: =IF(D9<=133.5,IF(I9<=0.5095,IF(D9<=94.5,0,0),IF(F9<=28.5,0,1)),IF(D9<=161.5,IF(I9<=0.315,0,1),IF(C9<=6.5,1,1))) -> 0 | P9: =IF(D9<=124.5,IF(J9<=27.5,IF(F9<=30.5,0,0),IF(D9<=94.5,0,0)),IF(D9<=166.5,IF(J9<=24.5,0,1),IF(J9<=37.5,1,1))) -> 0 | Q9: =IF(H9<=28.849999,IF(C9<=5.5,IF(E9<=69,0,0),IF(H9<=24.7,0,0)),IF(C9<=4.5,IF(G9<=107.5,0,0),IF(G9<=122.5,0,1))) -> 0 | R9: =IF(D9<=154.5,IF(H9<=27.849999,IF(D9<=107.5,0,0),IF(I9<=1.105,0,1)),IF(I9<=0.2745,1,IF(G9<=171.5,1,1))) -> 0 | S9: =IF(D9<=133.5,IF(J9<=27.5,IF(H9<=31.3,0,0),IF(H9<=28.65,0,0)),IF(H9<=29.4,0,IF(D9<=155.5,1,1))) -> 0 | T9: =IF(D9<=151.5,IF(D9<=99.5,IF(J9<=36.5,0,0),IF(I9<=0.317,0,0)),IF(F9<=38.5,IF(J9<=44.5,1,1),1)) -> 0 | U9: =IF(H9<=29.650001,IF(C9<=8.5,IF(H9<=26.5,0,0),0),IF(C9<=6.5,IF(H9<=43,0,1),IF(I9<=0.208,0,1))) -> 0 | V9: =IF(H9<=29.849999,IF(C9<=4.5,IF(H9<=25.45,0,0),IF(I9<=0.261,0,0)),IF(G9<=179,IF(C9<=4.5,0,1),IF(H9<=35.049999,1,1))) -> 1 | W9: =IF(D9<=127.5,IF(C9<=5.5,IF(E9<=79,0,0),IF(I9<=0.2205,0,0)),IF(I9<=0.3165,IF(I9<=0.242,1,0),IF(D9<=143.5,1,1))) -> 0 | X9: =COUNTIF(L9:W9,0) -> 11 | Y9: =COUNTIF(L9:W9,1) -> 1 | Z9: =IF(X9>Y9,0,1) -> 0 | AA9: =IF(Z9=K9,1,0) -> 1 | AC9: 206 | AD9: =VLOOKUP(AC9,B:AA,26,FALSE) -> 1 | AE9: =VLOOKUP(AC9,B:AA,23,FALSE) -> 12 | AF9: =VLOOKUP(AC9,B:AA,24,FALSE) -> 0 | AG9: =AE9&"_"&AF9 -> 12_0
B10: 9 | C10: 2 | D10: 197 | E10: 70 | F10: 45 | G10: 543 | H10: 30.5 | I10: 0.158 | J10: 53 | K10: 1 | L10: =IF(J10<=42.5,IF(G10<=119.5,IF(C10<=2.5,0,0),IF(C10<=0.5,1,0)),IF(G10<=139.5,IF(J10<=55.5,1,0),1)) -> 1 | M10: =IF(J10<=30.5,IF(H10<=36.25,IF(J10<=26.5,0,0),IF(H10<=42.75,0,1)),IF(H10<=27.45,IF(H10<=24.8,0,0),IF(J10<=42.5,1,1))) -> 1 | N10: =IF(D10<=137.5,IF(J10<=27.5,IF(I10<=0.4945,0,0),IF(D10<=107.5,0,0)),IF(D10<=155.5,IF(D10<=146.5,1,0),IF(J10<=44.5,1,1))) -> 1 | O10: =IF(D10<=133.5,IF(I10<=0.5095,IF(D10<=94.5,0,0),IF(F10<=28.5,0,1)),IF(D10<=161.5,IF(I10<=0.315,0,1),IF(C10<=6.5,1,1))) -> 1 | P10: =IF(D10<=124.5,IF(J10<=27.5,IF(F10<=30.5,0,0),IF(D10<=94.5,0,0)),IF(D10<=166.5,IF(J10<=24.5,0,1),IF(J10<=37.5,1,1))) -> 1 | Q10: =IF(H10<=28.849999,IF(C10<=5.5,IF(E10<=69,0,0),IF(H10<=24.7,0,0)),IF(C10<=4.5,IF(G10<=107.5,0,0),IF(G10<=122.5,0,1))) -> 0 | R10: =IF(D10<=154.5,IF(H10<=27.849999,IF(D10<=107.5,0,0),IF(I10<=1.105,0,1)),IF(I10<=0.2745,1,IF(G10<=171.5,1,1))) -> 1 | S10: =IF(D10<=133.5,IF(J10<=27.5,IF(H10<=31.3,0,0),IF(H10<=28.65,0,0)),IF(H10<=29.4,0,IF(D10<=155.5,1,1))) -> 1 | T10: =IF(D10<=151.5,IF(D10<=99.5,IF(J10<=36.5,0,0),IF(I10<=0.317,0,0)),IF(F10<=38.5,IF(J10<=44.5,1,1),1)) -> 1 | U10: =IF(H10<=29.650001,IF(C10<=8.5,IF(H10<=26.5,0,0),0),IF(C10<=6.5,IF(H10<=43,0,1),IF(I10<=0.208,0,1))) -> 0 | V10: =IF(H10<=29.849999,IF(C10<=4.5,IF(H10<=25.45,0,0),IF(I10<=0.261,0,0)),IF(G10<=179,IF(C10<=4.5,0,1),IF(H10<=35.049999,1,1))) -> 1 | W10: =IF(D10<=127.5,IF(C10<=5.5,IF(E10<=79,0,0),IF(I10<=0.2205,0,0)),IF(I10<=0.3165,IF(I10<=0.242,1,0),IF(D10<=143.5,1,1))) -> 1 | X10: =COUNTIF(L10:W10,0) -> 2 | Y10: =COUNTIF(L10:W10,1) -> 10 | Z10: =IF(X10>Y10,0,1) -> 1 | AA10: =IF(Z10=K10,1,0) -> 1 | AC10: 4 | AD10: =VLOOKUP(AC10,B:AA,26,FALSE) -> 1 | AE10: =VLOOKUP(AC10,B:AA,23,FALSE) -> 12 | AF10: =VLOOKUP(AC10,B:AA,24,FALSE) -> 0 | AG10: =AE10&"_"&AF10 -> 12_0
B11: 10 | C11: 8 | D11: 125 | E11: 96 | F11: 0 | G11: 0 | H11: 0 | I11: 0.232 | J11: 54 | K11: 1 | L11: =IF(J11<=42.5,IF(G11<=119.5,IF(C11<=2.5,0,0),IF(C11<=0.5,1,0)),IF(G11<=139.5,IF(J11<=55.5,1,0),1)) -> 1 | M11: =IF(J11<=30.5,IF(H11<=36.25,IF(J11<=26.5,0,0),IF(H11<=42.75,0,1)),IF(H11<=27.45,IF(H11<=24.8,0,0),IF(J11<=42.5,1,1))) -> 0 | N11: =IF(D11<=137.5,IF(J11<=27.5,IF(I11<=0.4945,0,0),IF(D11<=107.5,0,0)),IF(D11<=155.5,IF(D11<=146.5,1,0),IF(J11<=44.5,1,1))) -> 0 | O11: =IF(D11<=133.5,IF(I11<=0.5095,IF(D11<=94.5,0,0),IF(F11<=28.5,0,1)),IF(D11<=161.5,IF(I11<=0.315,0,1),IF(C11<=6.5,1,1))) -> 0 | P11: =IF(D11<=124.5,IF(J11<=27.5,IF(F11<=30.5,0,0),IF(D11<=94.5,0,0)),IF(D11<=166.5,IF(J11<=24.5,0,1),IF(J11<=37.5,1,1))) -> 1 | Q11: =IF(H11<=28.849999,IF(C11<=5.5,IF(E11<=69,0,0),IF(H11<=24.7,0,0)),IF(C11<=4.5,IF(G11<=107.5,0,0),IF(G11<=122.5,0,1))) -> 0 | R11: =IF(D11<=154.5,IF(H11<=27.849999,IF(D11<=107.5,0,0),IF(I11<=1.105,0,1)),IF(I11<=0.2745,1,IF(G11<=171.5,1,1))) -> 0 | S11: =IF(D11<=133.5,IF(J11<=27.5,IF(H11<=31.3,0,0),IF(H11<=28.65,0,0)),IF(H11<=29.4,0,IF(D11<=155.5,1,1))) -> 0 | T11: =IF(D11<=151.5,IF(D11<=99.5,IF(J11<=36.5,0,0),IF(I11<=0.317,0,0)),IF(F11<=38.5,IF(J11<=44.5,1,1),1)) -> 0 | U11: =IF(H11<=29.650001,IF(C11<=8.5,IF(H11<=26.5,0,0),0),IF(C11<=6.5,IF(H11<=43,0,1),IF(I11<=0.208,0,1))) -> 0 | V11: =IF(H11<=29.849999,IF(C11<=4.5,IF(H11<=25.45,0,0),IF(I11<=0.261,0,0)),IF(G11<=179,IF(C11<=4.5,0,1),IF(H11<=35.049999,1,1))) -> 0 | W11: =IF(D11<=127.5,IF(C11<=5.5,IF(E11<=79,0,0),IF(I11<=0.2205,0,0)),IF(I11<=0.3165,IF(I11<=0.242,1,0),IF(D11<=143.5,1,1))) -> 0 | X11: =COUNTIF(L11:W11,0) -> 10 | Y11: =COUNTIF(L11:W11,1) -> 2 | Z11: =IF(X11>Y11,0,1) -> 0 | AA11: =IF(Z11=K11,1,0) -> 0 | AC11: 532 | AD11: =VLOOKUP(AC11,B:AA,26,FALSE) -> 1 | AE11: =VLOOKUP(AC11,B:AA,23,FALSE) -> 10 | AF11: =VLOOKUP(AC11,B:AA,24,FALSE) -> 2 | AG11: =AE11&"_"&AF11 -> 10_2
B12: 11 | C12: 4 | D12: 110 | E12: 92 | F12: 0 | G12: 0 | H12: 37.6 | I12: 0.191 | J12: 30 | K12: 0 | L12: =IF(J12<=42.5,IF(G12<=119.5,IF(C12<=2.5,0,0),IF(C12<=0.5,1,0)),IF(G12<=139.5,IF(J12<=55.5,1,0),1)) -> 0 | M12: =IF(J12<=30.5,IF(H12<=36.25,IF(J12<=26.5,0,0),IF(H12<=42.75,0,1)),IF(H12<=27.45,IF(H12<=24.8,0,0),IF(J12<=42.5,1,1))) -> 0 | N12: =IF(D12<=137.5,IF(J12<=27.5,IF(I12<=0.4945,0,0),IF(D12<=107.5,0,0)),IF(D12<=155.5,IF(D12<=146.5,1,0),IF(J12<=44.5,1,1))) -> 0 | O12: =IF(D12<=133.5,IF(I12<=0.5095,IF(D12<=94.5,0,0),IF(F12<=28.5,0,1)),IF(D12<=161.5,IF(I12<=0.315,0,1),IF(C12<=6.5,1,1))) -> 0 | P12: =IF(D12<=124.5,IF(J12<=27.5,IF(F12<=30.5,0,0),IF(D12<=94.5,0,0)),IF(D12<=166.5,IF(J12<=24.5,0,1),IF(J12<=37.5,1,1))) -> 0 | Q12: =IF(H12<=28.849999,IF(C12<=5.5,IF(E12<=69,0,0),IF(H12<=24.7,0,0)),IF(C12<=4.5,IF(G12<=107.5,0,0),IF(G12<=122.5,0,1))) -> 0 | R12: =IF(D12<=154.5,IF(H12<=27.849999,IF(D12<=107.5,0,0),IF(I12<=1.105,0,1)),IF(I12<=0.2745,1,IF(G12<=171.5,1,1))) -> 0 | S12: =IF(D12<=133.5,IF(J12<=27.5,IF(H12<=31.3,0,0),IF(H12<=28.65,0,0)),IF(H12<=29.4,0,IF(D12<=155.5,1,1))) -> 0 | T12: =IF(D12<=151.5,IF(D12<=99.5,IF(J12<=36.5,0,0),IF(I12<=0.317,0,0)),IF(F12<=38.5,IF(J12<=44.5,1,1),1)) -> 0 | U12: =IF(H12<=29.650001,IF(C12<=8.5,IF(H12<=26.5,0,0),0),IF(C12<=6.5,IF(H12<=43,0,1),IF(I12<=0.208,0,1))) -> 0 | V12: =IF(H12<=29.849999,IF(C12<=4.5,IF(H12<=25.45,0,0),IF(I12<=0.261,0,0)),IF(G12<=179,IF(C12<=4.5,0,1),IF(H12<=35.049999,1,1))) -> 0 | W12: =IF(D12<=127.5,IF(C12<=5.5,IF(E12<=79,0,0),IF(I12<=0.2205,0,0)),IF(I12<=0.3165,IF(I12<=0.242,1,0),IF(D12<=143.5,1,1))) -> 0 | X12: =COUNTIF(L12:W12,0) -> 12 | Y12: =COUNTIF(L12:W12,1) -> 0 | Z12: =IF(X12>Y12,0,1) -> 0 | AA12: =IF(Z12=K12,1,0) -> 1 | AC12: 159 | AD12: =VLOOKUP(AC12,B:AA,26,FALSE) -> 1 | AE12: =VLOOKUP(AC12,B:AA,23,FALSE) -> 12 | AF12: =VLOOKUP(AC12,B:AA,24,FALSE) -> 0 | AG12: =AE12&"_"&AF12 -> 12_0
B13: 12 | C13: 10 | D13: 168 | E13: 74 | F13: 0 | G13: 0 | H13: 38 | I13: 0.537 | J13: 34 | K13: 1 | L13: =IF(J13<=42.5,IF(G13<=119.5,IF(C13<=2.5,0,0),IF(C13<=0.5,1,0)),IF(G13<=139.5,IF(J13<=55.5,1,0),1)) -> 0 | M13: =IF(J13<=30.5,IF(H13<=36.25,IF(J13<=26.5,0,0),IF(H13<=42.75,0,1)),IF(H13<=27.45,IF(H13<=24.8,0,0),IF(J13<=42.5,1,1))) -> 1 | N13: =IF(D13<=137.5,IF(J13<=27.5,IF(I13<=0.4945,0,0),IF(D13<=107.5,0,0)),IF(D13<=155.5,IF(D13<=146.5,1,0),IF(J13<=44.5,1,1))) -> 1 | O13: =IF(D13<=133.5,IF(I13<=0.5095,IF(D13<=94.5,0,0),IF(F13<=28.5,0,1)),IF(D13<=161.5,IF(I13<=0.315,0,1),IF(C13<=6.5,1,1))) -> 1 | P13: =IF(D13<=124.5,IF(J13<=27.5,IF(F13<=30.5,0,0),IF(D13<=94.5,0,0)),IF(D13<=166.5,IF(J13<=24.5,0,1),IF(J13<=37.5,1,1))) -> 1 | Q13: =IF(H13<=28.849999,IF(C13<=5.5,IF(E13<=69,0,0),IF(H13<=24.7,0,0)),IF(C13<=4.5,IF(G13<=107.5,0,0),IF(G13<=122.5,0,1))) -> 0 | R13: =IF(D13<=154.5,IF(H13<=27.849999,IF(D13<=107.5,0,0),IF(I13<=1.105,0,1)),IF(I13<=0.2745,1,IF(G13<=171.5,1,1))) -> 1 | S13: =IF(D13<=133.5,IF(J13<=27.5,IF(H13<=31.3,0,0),IF(H13<=28.65,0,0)),IF(H13<=29.4,0,IF(D13<=155.5,1,1))) -> 1 | T13: =IF(D13<=151.5,IF(D13<=99.5,IF(J13<=36.5,0,0),IF(I13<=0.317,0,0)),IF(F13<=38.5,IF(J13<=44.5,1,1),1)) -> 1 | U13: =IF(H13<=29.650001,IF(C13<=8.5,IF(H13<=26.5,0,0),0),IF(C13<=6.5,IF(H13<=43,0,1),IF(I13<=0.208,0,1))) -> 1 | V13: =IF(H13<=29.849999,IF(C13<=4.5,IF(H13<=25.45,0,0),IF(I13<=0.261,0,0)),IF(G13<=179,IF(C13<=4.5,0,1),IF(H13<=35.049999,1,1))) -> 1 | W13: =IF(D13<=127.5,IF(C13<=5.5,IF(E13<=79,0,0),IF(I13<=0.2205,0,0)),IF(I13<=0.3165,IF(I13<=0.242,1,0),IF(D13<=143.5,1,1))) -> 1 | X13: =COUNTIF(L13:W13,0) -> 2 | Y13: =COUNTIF(L13:W13,1) -> 10 | Z13: =IF(X13>Y13,0,1) -> 1 | AA13: =IF(Z13=K13,1,0) -> 1 | AC13: 348 | AD13: =VLOOKUP(AC13,B:AA,26,FALSE) -> 1 | AE13: =VLOOKUP(AC13,B:AA,23,FALSE) -> 12 | AF13: =VLOOKUP(AC13,B:AA,24,FALSE) -> 0 | AG13: =AE13&"_"&AF13 -> 12_0
B14: 13 | C14: 10 | D14: 139 | E14: 80 | F14: 0 | G14: 0 | H14: 27.1 | I14: 1.441 | J14: 57 | K14: 0 | L14: =IF(J14<=42.5,IF(G14<=119.5,IF(C14<=2.5,0,0),IF(C14<=0.5,1,0)),IF(G14<=139.5,IF(J14<=55.5,1,0),1)) -> 0 | M14: =IF(J14<=30.5,IF(H14<=36.25,IF(J14<=26.5,0,0),IF(H14<=42.75,0,1)),IF(H14<=27.45,IF(H14<=24.8,0,0),IF(J14<=42.5,1,1))) -> 0 | N14: =IF(D14<=137.5,IF(J14<=27.5,IF(I14<=0.4945,0,0),IF(D14<=107.5,0,0)),IF(D14<=155.5,IF(D14<=146.5,1,0),IF(J14<=44.5,1,1))) -> 1 | O14: =IF(D14<=133.5,IF(I14<=0.5095,IF(D14<=94.5,0,0),IF(F14<=28.5,0,1)),IF(D14<=161.5,IF(I14<=0.315,0,1),IF(C14<=6.5,1,1))) -> 1 | P14: =IF(D14<=124.5,IF(J14<=27.5,IF(F14<=30.5,0,0),IF(D14<=94.5,0,0)),IF(D14<=166.5,IF(J14<=24.5,0,1),IF(J14<=37.5,1,1))) -> 1 | Q14: =IF(H14<=28.849999,IF(C14<=5.5,IF(E14<=69,0,0),IF(H14<=24.7,0,0)),IF(C14<=4.5,IF(G14<=107.5,0,0),IF(G14<=122.5,0,1))) -> 0 | R14: =IF(D14<=154.5,IF(H14<=27.849999,IF(D14<=107.5,0,0),IF(I14<=1.105,0,1)),IF(I14<=0.2745,1,IF(G14<=171.5,1,1))) -> 0 | S14: =IF(D14<=133.5,IF(J14<=27.5,IF(H14<=31.3,0,0),IF(H14<=28.65,0,0)),IF(H14<=29.4,0,IF(D14<=155.5,1,1))) -> 0 | T14: =IF(D14<=151.5,IF(D14<=99.5,IF(J14<=36.5,0,0),IF(I14<=0.317,0,0)),IF(F14<=38.5,IF(J14<=44.5,1,1),1)) -> 0 | U14: =IF(H14<=29.650001,IF(C14<=8.5,IF(H14<=26.5,0,0),0),IF(C14<=6.5,IF(H14<=43,0,1),IF(I14<=0.208,0,1))) -> 0 | V14: =IF(H14<=29.849999,IF(C14<=4.5,IF(H14<=25.45,0,0),IF(I14<=0.261,0,0)),IF(G14<=179,IF(C14<=4.5,0,1),IF(H14<=35.049999,1,1))) -> 0 | W14: =IF(D14<=127.5,IF(C14<=5.5,IF(E14<=79,0,0),IF(I14<=0.2205,0,0)),IF(I14<=0.3165,IF(I14<=0.242,1,0),IF(D14<=143.5,1,1))) -> 1 | X14: =COUNTIF(L14:W14,0) -> 8 | Y14: =COUNTIF(L14:W14,1) -> 4 | Z14: =IF(X14>Y14,0,1) -> 0 | AA14: =IF(Z14=K14,1,0) -> 1 | AC14: 225 | AD14: =VLOOKUP(AC14,B:AA,26,FALSE) -> 1 | AE14: =VLOOKUP(AC14,B:AA,23,FALSE) -> 12 | AF14: =VLOOKUP(AC14,B:AA,24,FALSE) -> 0 | AG14: =AE14&"_"&AF14 -> 12_0
B15: 14 | C15: 1 | D15: 189 | E15: 60 | F15: 23 | G15: 846 | H15: 30.1 | I15: 0.398 | J15: 59 | K15: 1 | L15: =IF(J15<=42.5,IF(G15<=119.5,IF(C15<=2.5,0,0),IF(C15<=0.5,1,0)),IF(G15<=139.5,IF(J15<=55.5,1,0),1)) -> 1 | M15: =IF(J15<=30.5,IF(H15<=36.25,IF(J15<=26.5,0,0),IF(H15<=42.75,0,1)),IF(H15<=27.45,IF(H15<=24.8,0,0),IF(J15<=42.5,1,1))) -> 1 | N15: =IF(D15<=137.5,IF(J15<=27.5,IF(I15<=0.4945,0,0),IF(D15<=107.5,0,0)),IF(D15<=155.5,IF(D15<=146.5,1,0),IF(J15<=44.5,1,1))) -> 1 | O15: =IF(D15<=133.5,IF(I15<=0.5095,IF(D15<=94.5,0,0),IF(F15<=28.5,0,1)),IF(D15<=161.5,IF(I15<=0.315,0,1),IF(C15<=6.5,1,1))) -> 1 | P15: =IF(D15<=124.5,IF(J15<=27.5,IF(F15<=30.5,0,0),IF(D15<=94.5,0,0)),IF(D15<=166.5,IF(J15<=24.5,0,1),IF(J15<=37.5,1,1))) -> 1 | Q15: =IF(H15<=28.849999,IF(C15<=5.5,IF(E15<=69,0,0),IF(H15<=24.7,0,0)),IF(C15<=4.5,IF(G15<=107.5,0,0),IF(G15<=122.5,0,1))) -> 0 | R15: =IF(D15<=154.5,IF(H15<=27.849999,IF(D15<=107.5,0,0),IF(I15<=1.105,0,1)),IF(I15<=0.2745,1,IF(G15<=171.5,1,1))) -> 1 | S15: =IF(D15<=133.5,IF(J15<=27.5,IF(H15<=31.3,0,0),IF(H15<=28.65,0,0)),IF(H15<=29.4,0,IF(D15<=155.5,1,1))) -> 1 | T15: =IF(D15<=151.5,IF(D15<=99.5,IF(J15<=36.5,0,0),IF(I15<=0.317,0,0)),IF(F15<=38.5,IF(J15<=44.5,1,1),1)) -> 1 | U15: =IF(H15<=29.650001,IF(C15<=8.5,IF(H15<=26.5,0,0),0),IF(C15<=6.5,IF(H15<=43,0,1),IF(I15<=0.208,0,1))) -> 0 | V15: =IF(H15<=29.849999,IF(C15<=4.5,IF(H15<=25.45,0,0),IF(I15<=0.261,0,0)),IF(G15<=179,IF(C15<=4.5,0,1),IF(H15<=35.049999,1,1))) -> 1 | W15: =IF(D15<=127.5,IF(C15<=5.5,IF(E15<=79,0,0),IF(I15<=0.2205,0,0)),IF(I15<=0.3165,IF(I15<=0.242,1,0),IF(D15<=143.5,1,1))) -> 1 | X15: =COUNTIF(L15:W15,0) -> 2 | Y15: =COUNTIF(L15:W15,1) -> 10 | Z15: =IF(X15>Y15,0,1) -> 1 | AA15: =IF(Z15=K15,1,0) -> 1 | AC15: 757 | AD15: =VLOOKUP(AC15,B:AA,26,FALSE) -> 0 | AE15: =VLOOKUP(AC15,B:AA,23,FALSE) -> 5 | AF15: =VLOOKUP(AC15,B:AA,24,FALSE) -> 7 | AG15: =AE15&"_"&AF15 -> 5_7
... B232: 231 | C232: 4 | D232: 142 | E232: 86 | F232: 0 | G232: 0 | H232: 44 | I232: 0.645 | J232: 22 | K232: 1 | L232: =IF(J232<=42.5,IF(G232<=119.5,IF(C232<=2.5,0,0),IF(C232<=0.5,1,0)),IF(G232<=139.5,IF(J232<=55.5,1,0),1)) -> 0 | M232: =IF(J232<=30.5,IF(H232<=36.25,IF(J232<=26.5,0,0),IF(H232<=42.75,0,1)),IF(H232<=27.45,IF(H232<=24.8,0,0),IF(J232<=42.5,1,1))) -> 1 | N232: =IF(D232<=137.5,IF(J232<=27.5,IF(I232<=0.4945,0,0),IF(D232<=107.5,0,0)),IF(D232<=155.5,IF(D232<=146.5,1,0),IF(J232<=44.5,1,1))) -> 1 | O232: =IF(D232<=133.5,IF(I232<=0.5095,IF(D232<=94.5,0,0),IF(F232<=28.5,0,1)),IF(D232<=161.5,IF(I232<=0.315,0,1),IF(C232<=6.5,1,1))) -> 1 | P232: =IF(D232<=124.5,IF(J232<=27.5,IF(F232<=30.5,0,0),IF(D232<=94.5,0,0)),IF(D232<=166.5,IF(J232<=24.5,0,1),IF(J232<=37.5,1,1))) -> 0 | Q232: =IF(H232<=28.849999,IF(C232<=5.5,IF(E232<=69,0,0),IF(H232<=24.7,0,0)),IF(C232<=4.5,IF(G232<=107.5,0,0),IF(G232<=122.5,0,1))) -> 0 | R232: =IF(D232<=154.5,IF(H232<=27.849999,IF(D232<=107.5,0,0),IF(I232<=1.105,0,1)),IF(I232<=0.2745,1,IF(G232<=171.5,1,1))) -> 0 | S232: =IF(D232<=133.5,IF(J232<=27.5,IF(H232<=31.3,0,0),IF(H232<=28.65,0,0)),IF(H232<=29.4,0,IF(D232<=155.5,1,1))) -> 1 | T232: =IF(D232<=151.5,IF(D232<=99.5,IF(J232<=36.5,0,0),IF(I232<=0.317,0,0)),IF(F232<=38.5,IF(J232<=44.5,1,1),1)) -> 0 | U232: =IF(H232<=29.650001,IF(C232<=8.5,IF(H232<=26.5,0,0),0),IF(C232<=6.5,IF(H232<=43,0,1),IF(I232<=0.208,0,1))) -> 1 | V232: =IF(H232<=29.849999,IF(C232<=4.5,IF(H232<=25.45,0,0),IF(I232<=0.261,0,0)),IF(G232<=179,IF(C232<=4.5,0,1),IF(H232<=35.049999,1,1))) -> 0 | W232: =IF(D232<=127.5,IF(C232<=5.5,IF(E232<=79,0,0),IF(I232<=0.2205,0,0)),IF(I232<=0.3165,IF(I232<=0.242,1,0),IF(D232<=143.5,1,1))) -> 1 | X232: =COUNTIF(L232:W232,0) -> 6 | Y232: =COUNTIF(L232:W232,1) -> 6 | Z232: =IF(X232>Y232,0,1) -> 1 | AA232: =IF(Z232=K232,1,0) -> 1 | AC232: 20 | AD232: =VLOOKUP(AC232,B:AA,26,FALSE) -> 0 | AE232: =VLOOKUP(AC232,B:AA,23,FALSE) -> 10 | AF232: =VLOOKUP(AC232,B:AA,24,FALSE) -> 2 | AG232: =AE232&"_"&AF232 -> 10_2
B233: 232 | C233: 6 | D233: 134 | E233: 80 | F233: 37 | G233: 370 | H233: 46.2 | I233: 0.238 | J233: 46 | K233: 1 | L233: =IF(J233<=42.5,IF(G233<=119.5,IF(C233<=2.5,0,0),IF(C233<=0.5,1,0)),IF(G233<=139.5,IF(J233<=55.5,1,0),1)) -> 1 | M233: =IF(J233<=30.5,IF(H233<=36.25,IF(J233<=26.5,0,0),IF(H233<=42.75,0,1)),IF(H233<=27.45,IF(H233<=24.8,0,0),IF(J233<=42.5,1,1))) -> 1 | N233: =IF(D233<=137.5,IF(J233<=27.5,IF(I233<=0.4945,0,0),IF(D233<=107.5,0,0)),IF(D233<=155.5,IF(D233<=146.5,1,0),IF(J233<=44.5,1,1))) -> 0 | O233: =IF(D233<=133.5,IF(I233<=0.5095,IF(D233<=94.5,0,0),IF(F233<=28.5,0,1)),IF(D233<=161.5,IF(I233<=0.315,0,1),IF(C233<=6.5,1,1))) -> 0 | P233: =IF(D233<=124.5,IF(J233<=27.5,IF(F233<=30.5,0,0),IF(D233<=94.5,0,0)),IF(D233<=166.5,IF(J233<=24.5,0,1),IF(J233<=37.5,1,1))) -> 1 | Q233: =IF(H233<=28.849999,IF(C233<=5.5,IF(E233<=69,0,0),IF(H233<=24.7,0,0)),IF(C233<=4.5,IF(G233<=107.5,0,0),IF(G233<=122.5,0,1))) -> 1 | R233: =IF(D233<=154.5,IF(H233<=27.849999,IF(D233<=107.5,0,0),IF(I233<=1.105,0,1)),IF(I233<=0.2745,1,IF(G233<=171.5,1,1))) -> 0 | S233: =IF(D233<=133.5,IF(J233<=27.5,IF(H233<=31.3,0,0),IF(H233<=28.65,0,0)),IF(H233<=29.4,0,IF(D233<=155.5,1,1))) -> 1 | T233: =IF(D233<=151.5,IF(D233<=99.5,IF(J233<=36.5,0,0),IF(I233<=0.317,0,0)),IF(F233<=38.5,IF(J233<=44.5,1,1),1)) -> 0 | U233: =IF(H233<=29.650001,IF(C233<=8.5,IF(H233<=26.5,0,0),0),IF(C233<=6.5,IF(H233<=43,0,1),IF(I233<=0.208,0,1))) -> 1 | V233: =IF(H233<=29.849999,IF(C233<=4.5,IF(H233<=25.45,0,0),IF(I233<=0.261,0,0)),IF(G233<=179,IF(C233<=4.5,0,1),IF(H233<=35.049999,1,1))) -> 1 | W233: =IF(D233<=127.5,IF(C233<=5.5,IF(E233<=79,0,0),IF(I233<=0.2205,0,0)),IF(I233<=0.3165,IF(I233<=0.242,1,0),IF(D233<=143.5,1,1))) -> 1 | X233: =COUNTIF(L233:W233,0) -> 4 | Y233: =COUNTIF(L233:W233,1) -> 8 | Z233: =IF(X233>Y233,0,1) -> 1 | AA233: =IF(Z233=K233,1,0) -> 1
B234: 233 | C234: 1 | D234: 79 | E234: 80 | F234: 25 | G234: 37 | H234: 25.4 | I234: 0.583 | J234: 22 | K234: 0 | L234: =IF(J234<=42.5,IF(G234<=119.5,IF(C234<=2.5,0,0),IF(C234<=0.5,1,0)),IF(G234<=139.5,IF(J234<=55.5,1,0),1)) -> 0 | M234: =IF(J234<=30.5,IF(H234<=36.25,IF(J234<=26.5,0,0),IF(H234<=42.75,0,1)),IF(H234<=27.45,IF(H234<=24.8,0,0),IF(J234<=42.5,1,1))) -> 0 | N234: =IF(D234<=137.5,IF(J234<=27.5,IF(I234<=0.4945,0,0),IF(D234<=107.5,0,0)),IF(D234<=155.5,IF(D234<=146.5,1,0),IF(J234<=44.5,1,1))) -> 0 | O234: =IF(D234<=133.5,IF(I234<=0.5095,IF(D234<=94.5,0,0),IF(F234<=28.5,0,1)),IF(D234<=161.5,IF(I234<=0.315,0,1),IF(C234<=6.5,1,1))) -> 0 | P234: =IF(D234<=124.5,IF(J234<=27.5,IF(F234<=30.5,0,0),IF(D234<=94.5,0,0)),IF(D234<=166.5,IF(J234<=24.5,0,1),IF(J234<=37.5,1,1))) -> 0 | Q234: =IF(H234<=28.849999,IF(C234<=5.5,IF(E234<=69,0,0),IF(H234<=24.7,0,0)),IF(C234<=4.5,IF(G234<=107.5,0,0),IF(G234<=122.5,0,1))) -> 0 | R234: =IF(D234<=154.5,IF(H234<=27.849999,IF(D234<=107.5,0,0),IF(I234<=1.105,0,1)),IF(I234<=0.2745,1,IF(G234<=171.5,1,1))) -> 0 | S234: =IF(D234<=133.5,IF(J234<=27.5,IF(H234<=31.3,0,0),IF(H234<=28.65,0,0)),IF(H234<=29.4,0,IF(D234<=155.5,1,1))) -> 0 | T234: =IF(D234<=151.5,IF(D234<=99.5,IF(J234<=36.5,0,0),IF(I234<=0.317,0,0)),IF(F234<=38.5,IF(J234<=44.5,1,1),1)) -> 0 | U234: =IF(H234<=29.650001,IF(C234<=8.5,IF(H234<=26.5,0,0),0),IF(C234<=6.5,IF(H234<=43,0,1),IF(I234<=0.208,0,1))) -> 0 | V234: =IF(H234<=29.849999,IF(C234<=4.5,IF(H234<=25.45,0,0),IF(I234<=0.261,0,0)),IF(G234<=179,IF(C234<=4.5,0,1),IF(H234<=35.049999,1,1))) -> 0 | W234: =IF(D234<=127.5,IF(C234<=5.5,IF(E234<=79,0,0),IF(I234<=0.2205,0,0)),IF(I234<=0.3165,IF(I234<=0.242,1,0),IF(D234<=143.5,1,1))) -> 0 | X234: =COUNTIF(L234:W234,0) -> 12 | Y234: =COUNTIF(L234:W234,1) -> 0 | Z234: =IF(X234>Y234,0,1) -> 0 | AA234: =IF(Z234=K234,1,0) -> 1
B235: 234 | C235: 4 | D235: 122 | E235: 68 | F235: 0 | G235: 0 | H235: 35 | I235: 0.394 | J235: 29 | K235: 0 | L235: =IF(J235<=42.5,IF(G235<=119.5,IF(C235<=2.5,0,0),IF(C235<=0.5,1,0)),IF(G235<=139.5,IF(J235<=55.5,1,0),1)) -> 0 | M235: =IF(J235<=30.5,IF(H235<=36.25,IF(J235<=26.5,0,0),IF(H235<=42.75,0,1)),IF(H235<=27.45,IF(H235<=24.8,0,0),IF(J235<=42.5,1,1))) -> 0 | N235: =IF(D235<=137.5,IF(J235<=27.5,IF(I235<=0.4945,0,0),IF(D235<=107.5,0,0)),IF(D235<=155.5,IF(D235<=146.5,1,0),IF(J235<=44.5,1,1))) -> 0 | O235: =IF(D235<=133.5,IF(I235<=0.5095,IF(D235<=94.5,0,0),IF(F235<=28.5,0,1)),IF(D235<=161.5,IF(I235<=0.315,0,1),IF(C235<=6.5,1,1))) -> 0 | P235: =IF(D235<=124.5,IF(J235<=27.5,IF(F235<=30.5,0,0),IF(D235<=94.5,0,0)),IF(D235<=166.5,IF(J235<=24.5,0,1),IF(J235<=37.5,1,1))) -> 0 | Q235: =IF(H235<=28.849999,IF(C235<=5.5,IF(E235<=69,0,0),IF(H235<=24.7,0,0)),IF(C235<=4.5,IF(G235<=107.5,0,0),IF(G235<=122.5,0,1))) -> 0 | R235: =IF(D235<=154.5,IF(H235<=27.849999,IF(D235<=107.5,0,0),IF(I235<=1.105,0,1)),IF(I235<=0.2745,1,IF(G235<=171.5,1,1))) -> 0 | S235: =IF(D235<=133.5,IF(J235<=27.5,IF(H235<=31.3,0,0),IF(H235<=28.65,0,0)),IF(H235<=29.4,0,IF(D235<=155.5,1,1))) -> 0 | T235: =IF(D235<=151.5,IF(D235<=99.5,IF(J235<=36.5,0,0),IF(I235<=0.317,0,0)),IF(F235<=38.5,IF(J235<=44.5,1,1),1)) -> 0 | U235: =IF(H235<=29.650001,IF(C235<=8.5,IF(H235<=26.5,0,0),0),IF(C235<=6.5,IF(H235<=43,0,1),IF(I235<=0.208,0,1))) -> 0 | V235: =IF(H235<=29.849999,IF(C235<=4.5,IF(H235<=25.45,0,0),IF(I235<=0.261,0,0)),IF(G235<=179,IF(C235<=4.5,0,1),IF(H235<=35.049999,1,1))) -> 0 | W235: =IF(D235<=127.5,IF(C235<=5.5,IF(E235<=79,0,0),IF(I235<=0.2205,0,0)),IF(I235<=0.3165,IF(I235<=0.242,1,0),IF(D235<=143.5,1,1))) -> 0 | X235: =COUNTIF(L235:W235,0) -> 12 | Y235: =COUNTIF(L235:W235,1) -> 0 | Z235: =IF(X235>Y235,0,1) -> 0 | AA235: =IF(Z235=K235,1,0) -> 1
B236: 235 | C236: 3 | D236: 74 | E236: 68 | F236: 28 | G236: 45 | H236: 29.7 | I236: 0.293 | J236: 23 | K236: 0 | L236: =IF(J236<=42.5,IF(G236<=119.5,IF(C236<=2.5,0,0),IF(C236<=0.5,1,0)),IF(G236<=139.5,IF(J236<=55.5,1,0),1)) -> 0 | M236: =IF(J236<=30.5,IF(H236<=36.25,IF(J236<=26.5,0,0),IF(H236<=42.75,0,1)),IF(H236<=27.45,IF(H236<=24.8,0,0),IF(J236<=42.5,1,1))) -> 0 | N236: =IF(D236<=137.5,IF(J236<=27.5,IF(I236<=0.4945,0,0),IF(D236<=107.5,0,0)),IF(D236<=155.5,IF(D236<=146.5,1,0),IF(J236<=44.5,1,1))) -> 0 | O236: =IF(D236<=133.5,IF(I236<=0.5095,IF(D236<=94.5,0,0),IF(F236<=28.5,0,1)),IF(D236<=161.5,IF(I236<=0.315,0,1),IF(C236<=6.5,1,1))) -> 0 | P236: =IF(D236<=124.5,IF(J236<=27.5,IF(F236<=30.5,0,0),IF(D236<=94.5,0,0)),IF(D236<=166.5,IF(J236<=24.5,0,1),IF(J236<=37.5,1,1))) -> 0 | Q236: =IF(H236<=28.849999,IF(C236<=5.5,IF(E236<=69,0,0),IF(H236<=24.7,0,0)),IF(C236<=4.5,IF(G236<=107.5,0,0),IF(G236<=122.5,0,1))) -> 0 | R236: =IF(D236<=154.5,IF(H236<=27.849999,IF(D236<=107.5,0,0),IF(I236<=1.105,0,1)),IF(I236<=0.2745,1,IF(G236<=171.5,1,1))) -> 0 | S236: =IF(D236<=133.5,IF(J236<=27.5,IF(H236<=31.3,0,0),IF(H236<=28.65,0,0)),IF(H236<=29.4,0,IF(D236<=155.5,1,1))) -> 0 | T236: =IF(D236<=151.5,IF(D236<=99.5,IF(J236<=36.5,0,0),IF(I236<=0.317,0,0)),IF(F236<=38.5,IF(J236<=44.5,1,1),1)) -> 0 | U236: =IF(H236<=29.650001,IF(C236<=8.5,IF(H236<=26.5,0,0),0),IF(C236<=6.5,IF(H236<=43,0,1),IF(I236<=0.208,0,1))) -> 0 | V236: =IF(H236<=29.849999,IF(C236<=4.5,IF(H236<=25.45,0,0),IF(I236<=0.261,0,0)),IF(G236<=179,IF(C236<=4.5,0,1),IF(H236<=35.049999,1,1))) -> 0 | W236: =IF(D236<=127.5,IF(C236<=5.5,IF(E236<=79,0,0),IF(I236<=0.2205,0,0)),IF(I236<=0.3165,IF(I236<=0.242,1,0),IF(D236<=143.5,1,1))) -> 0 | X236: =COUNTIF(L236:W236,0) -> 12 | Y236: =COUNTIF(L236:W236,1) -> 0 | Z236: =IF(X236>Y236,0,1) -> 0 | AA236: =IF(Z236=K236,1,0) -> 1
B237: 236 | C237: 4 | D237: 171 | E237: 72 | F237: 0 | G237: 0 | H237: 43.6 | I237: 0.479 | J237: 26 | K237: 1 | L237: =IF(J237<=42.5,IF(G237<=119.5,IF(C237<=2.5,0,0),IF(C237<=0.5,1,0)),IF(G237<=139.5,IF(J237<=55.5,1,0),1)) -> 0 | M237: =IF(J237<=30.5,IF(H237<=36.25,IF(J237<=26.5,0,0),IF(H237<=42.75,0,1)),IF(H237<=27.45,IF(H237<=24.8,0,0),IF(J237<=42.5,1,1))) -> 1 | N237: =IF(D237<=137.5,IF(J237<=27.5,IF(I237<=0.4945,0,0),IF(D237<=107.5,0,0)),IF(D237<=155.5,IF(D237<=146.5,1,0),IF(J237<=44.5,1,1))) -> 1 | O237: =IF(D237<=133.5,IF(I237<=0.5095,IF(D237<=94.5,0,0),IF(F237<=28.5,0,1)),IF(D237<=161.5,IF(I237<=0.315,0,1),IF(C237<=6.5,1,1))) -> 1 | P237: =IF(D237<=124.5,IF(J237<=27.5,IF(F237<=30.5,0,0),IF(D237<=94.5,0,0)),IF(D237<=166.5,IF(J237<=24.5,0,1),IF(J237<=37.5,1,1))) -> 1 | Q237: =IF(H237<=28.849999,IF(C237<=5.5,IF(E237<=69,0,0),IF(H237<=24.7,0,0)),IF(C237<=4.5,IF(G237<=107.5,0,0),IF(G237<=122.5,0,1))) -> 0 | R237: =IF(D237<=154.5,IF(H237<=27.849999,IF(D237<=107.5,0,0),IF(I237<=1.105,0,1)),IF(I237<=0.2745,1,IF(G237<=171.5,1,1))) -> 1 | S237: =IF(D237<=133.5,IF(J237<=27.5,IF(H237<=31.3,0,0),IF(H237<=28.65,0,0)),IF(H237<=29.4,0,IF(D237<=155.5,1,1))) -> 1 | T237: =IF(D237<=151.5,IF(D237<=99.5,IF(J237<=36.5,0,0),IF(I237<=0.317,0,0)),IF(F237<=38.5,IF(J237<=44.5,1,1),1)) -> 1 | U237: =IF(H237<=29.650001,IF(C237<=8.5,IF(H237<=26.5,0,0),0),IF(C237<=6.5,IF(H237<=43,0,1),IF(I237<=0.208,0,1))) -> 1 | V237: =IF(H237<=29.849999,IF(C237<=4.5,IF(H237<=25.45,0,0),IF(I237<=0.261,0,0)),IF(G237<=179,IF(C237<=4.5,0,1),IF(H237<=35.049999,1,1))) -> 0 | W237: =IF(D237<=127.5,IF(C237<=5.5,IF(E237<=79,0,0),IF(I237<=0.2205,0,0)),IF(I237<=0.3165,IF(I237<=0.242,1,0),IF(D237<=143.5,1,1))) -> 1 | X237: =COUNTIF(L237:W237,0) -> 3 | Y237: =COUNTIF(L237:W237,1) -> 9 | Z237: =IF(X237>Y237,0,1) -> 1 | AA237: =IF(Z237=K237,1,0) -> 1
B238: 237 | C238: 7 | D238: 181 | E238: 84 | F238: 21 | G238: 192 | H238: 35.9 | I238: 0.586 | J238: 51 | K238: 1 | L238: =IF(J238<=42.5,IF(G238<=119.5,IF(C238<=2.5,0,0),IF(C238<=0.5,1,0)),IF(G238<=139.5,IF(J238<=55.5,1,0),1)) -> 1 | M238: =IF(J238<=30.5,IF(H238<=36.25,IF(J238<=26.5,0,0),IF(H238<=42.75,0,1)),IF(H238<=27.45,IF(H238<=24.8,0,0),IF(J238<=42.5,1,1))) -> 1 | N238: =IF(D238<=137.5,IF(J238<=27.5,IF(I238<=0.4945,0,0),IF(D238<=107.5,0,0)),IF(D238<=155.5,IF(D238<=146.5,1,0),IF(J238<=44.5,1,1))) -> 1 | O238: =IF(D238<=133.5,IF(I238<=0.5095,IF(D238<=94.5,0,0),IF(F238<=28.5,0,1)),IF(D238<=161.5,IF(I238<=0.315,0,1),IF(C238<=6.5,1,1))) -> 1 | P238: =IF(D238<=124.5,IF(J238<=27.5,IF(F238<=30.5,0,0),IF(D238<=94.5,0,0)),IF(D238<=166.5,IF(J238<=24.5,0,1),IF(J238<=37.5,1,1))) -> 1 | Q238: =IF(H238<=28.849999,IF(C238<=5.5,IF(E238<=69,0,0),IF(H238<=24.7,0,0)),IF(C238<=4.5,IF(G238<=107.5,0,0),IF(G238<=122.5,0,1))) -> 1 | R238: =IF(D238<=154.5,IF(H238<=27.849999,IF(D238<=107.5,0,0),IF(I238<=1.105,0,1)),IF(I238<=0.2745,1,IF(G238<=171.5,1,1))) -> 1 | S238: =IF(D238<=133.5,IF(J238<=27.5,IF(H238<=31.3,0,0),IF(H238<=28.65,0,0)),IF(H238<=29.4,0,IF(D238<=155.5,1,1))) -> 1 | T238: =IF(D238<=151.5,IF(D238<=99.5,IF(J238<=36.5,0,0),IF(I238<=0.317,0,0)),IF(F238<=38.5,IF(J238<=44.5,1,1),1)) -> 1 | U238: =IF(H238<=29.650001,IF(C238<=8.5,IF(H238<=26.5,0,0),0),IF(C238<=6.5,IF(H238<=43,0,1),IF(I238<=0.208,0,1))) -> 1 | V238: =IF(H238<=29.849999,IF(C238<=4.5,IF(H238<=25.45,0,0),IF(I238<=0.261,0,0)),IF(G238<=179,IF(C238<=4.5,0,1),IF(H238<=35.049999,1,1))) -> 1 | W238: =IF(D238<=127.5,IF(C238<=5.5,IF(E238<=79,0,0),IF(I238<=0.2205,0,0)),IF(I238<=0.3165,IF(I238<=0.242,1,0),IF(D238<=143.5,1,1))) -> 1 | X238: =COUNTIF(L238:W238,0) -> 0 | Y238: =COUNTIF(L238:W238,1) -> 12 | Z238: =IF(X238>Y238,0,1) -> 1 | AA238: =IF(Z238=K238,1,0) -> 1
B239: 238 | C239: 0 | D239: 179 | E239: 90 | F239: 27 | G239: 0 | H239: 44.1 | I239: 0.686 | J239: 23 | K239: 1 | L239: =IF(J239<=42.5,IF(G239<=119.5,IF(C239<=2.5,0,0),IF(C239<=0.5,1,0)),IF(G239<=139.5,IF(J239<=55.5,1,0),1)) -> 0 | M239: =IF(J239<=30.5,IF(H239<=36.25,IF(J239<=26.5,0,0),IF(H239<=42.75,0,1)),IF(H239<=27.45,IF(H239<=24.8,0,0),IF(J239<=42.5,1,1))) -> 1 | N239: =IF(D239<=137.5,IF(J239<=27.5,IF(I239<=0.4945,0,0),IF(D239<=107.5,0,0)),IF(D239<=155.5,IF(D239<=146.5,1,0),IF(J239<=44.5,1,1))) -> 1 | O239: =IF(D239<=133.5,IF(I239<=0.5095,IF(D239<=94.5,0,0),IF(F239<=28.5,0,1)),IF(D239<=161.5,IF(I239<=0.315,0,1),IF(C239<=6.5,1,1))) -> 1 | P239: =IF(D239<=124.5,IF(J239<=27.5,IF(F239<=30.5,0,0),IF(D239<=94.5,0,0)),IF(D239<=166.5,IF(J239<=24.5,0,1),IF(J239<=37.5,1,1))) -> 1 | Q239: =IF(H239<=28.849999,IF(C239<=5.5,IF(E239<=69,0,0),IF(H239<=24.7,0,0)),IF(C239<=4.5,IF(G239<=107.5,0,0),IF(G239<=122.5,0,1))) -> 0 | R239: =IF(D239<=154.5,IF(H239<=27.849999,IF(D239<=107.5,0,0),IF(I239<=1.105,0,1)),IF(I239<=0.2745,1,IF(G239<=171.5,1,1))) -> 1 | S239: =IF(D239<=133.5,IF(J239<=27.5,IF(H239<=31.3,0,0),IF(H239<=28.65,0,0)),IF(H239<=29.4,0,IF(D239<=155.5,1,1))) -> 1 | T239: =IF(D239<=151.5,IF(D239<=99.5,IF(J239<=36.5,0,0),IF(I239<=0.317,0,0)),IF(F239<=38.5,IF(J239<=44.5,1,1),1)) -> 1 | U239: =IF(H239<=29.650001,IF(C239<=8.5,IF(H239<=26.5,0,0),0),IF(C239<=6.5,IF(H239<=43,0,1),IF(I239<=0.208,0,1))) -> 1 | V239: =IF(H239<=29.849999,IF(C239<=4.5,IF(H239<=25.45,0,0),IF(I239<=0.261,0,0)),IF(G239<=179,IF(C239<=4.5,0,1),IF(H239<=35.049999,1,1))) -> 0 | W239: =IF(D239<=127.5,IF(C239<=5.5,IF(E239<=79,0,0),IF(I239<=0.2205,0,0)),IF(I239<=0.3165,IF(I239<=0.242,1,0),IF(D239<=143.5,1,1))) -> 1 | X239: =COUNTIF(L239:W239,0) -> 3 | Y239: =COUNTIF(L239:W239,1) -> 9 | Z239: =IF(X239>Y239,0,1) -> 1 | AA239: =IF(Z239=K239,1,0) -> 1
B240: 239 | C240: 9 | D240: 164 | E240: 84 | F240: 21 | G240: 0 | H240: 30.8 | I240: 0.831 | J240: 32 | K240: 1 | L240: =IF(J240<=42.5,IF(G240<=119.5,IF(C240<=2.5,0,0),IF(C240<=0.5,1,0)),IF(G240<=139.5,IF(J240<=55.5,1,0),1)) -> 0 | M240: =IF(J240<=30.5,IF(H240<=36.25,IF(J240<=26.5,0,0),IF(H240<=42.75,0,1)),IF(H240<=27.45,IF(H240<=24.8,0,0),IF(J240<=42.5,1,1))) -> 1 | N240: =IF(D240<=137.5,IF(J240<=27.5,IF(I240<=0.4945,0,0),IF(D240<=107.5,0,0)),IF(D240<=155.5,IF(D240<=146.5,1,0),IF(J240<=44.5,1,1))) -> 1 | O240: =IF(D240<=133.5,IF(I240<=0.5095,IF(D240<=94.5,0,0),IF(F240<=28.5,0,1)),IF(D240<=161.5,IF(I240<=0.315,0,1),IF(C240<=6.5,1,1))) -> 1 | P240: =IF(D240<=124.5,IF(J240<=27.5,IF(F240<=30.5,0,0),IF(D240<=94.5,0,0)),IF(D240<=166.5,IF(J240<=24.5,0,1),IF(J240<=37.5,1,1))) -> 1 | Q240: =IF(H240<=28.849999,IF(C240<=5.5,IF(E240<=69,0,0),IF(H240<=24.7,0,0)),IF(C240<=4.5,IF(G240<=107.5,0,0),IF(G240<=122.5,0,1))) -> 0 | R240: =IF(D240<=154.5,IF(H240<=27.849999,IF(D240<=107.5,0,0),IF(I240<=1.105,0,1)),IF(I240<=0.2745,1,IF(G240<=171.5,1,1))) -> 1 | S240: =IF(D240<=133.5,IF(J240<=27.5,IF(H240<=31.3,0,0),IF(H240<=28.65,0,0)),IF(H240<=29.4,0,IF(D240<=155.5,1,1))) -> 1 | T240: =IF(D240<=151.5,IF(D240<=99.5,IF(J240<=36.5,0,0),IF(I240<=0.317,0,0)),IF(F240<=38.5,IF(J240<=44.5,1,1),1)) -> 1 | U240: =IF(H240<=29.650001,IF(C240<=8.5,IF(H240<=26.5,0,0),0),IF(C240<=6.5,IF(H240<=43,0,1),IF(I240<=0.208,0,1))) -> 1 | V240: =IF(H240<=29.849999,IF(C240<=4.5,IF(H240<=25.45,0,0),IF(I240<=0.261,0,0)),IF(G240<=179,IF(C240<=4.5,0,1),IF(H240<=35.049999,1,1))) -> 1 | W240: =IF(D240<=127.5,IF(C240<=5.5,IF(E240<=79,0,0),IF(I240<=0.2205,0,0)),IF(I240<=0.3165,IF(I240<=0.242,1,0),IF(D240<=143.5,1,1))) -> 1 | X240: =COUNTIF(L240:W240,0) -> 2 | Y240: =COUNTIF(L240:W240,1) -> 10 | Z240: =IF(X240>Y240,0,1) -> 1 | AA240: =IF(Z240=K240,1,0) -> 1
B241: 240 | C241: 0 | D241: 104 | E241: 76 | F241: 0 | G241: 0 | H241: 18.4 | I241: 0.582 | J241: 27 | K241: 0 | L241: =IF(J241<=42.5,IF(G241<=119.5,IF(C241<=2.5,0,0),IF(C241<=0.5,1,0)),IF(G241<=139.5,IF(J241<=55.5,1,0),1)) -> 0 | M241: =IF(J241<=30.5,IF(H241<=36.25,IF(J241<=26.5,0,0),IF(H241<=42.75,0,1)),IF(H241<=27.45,IF(H241<=24.8,0,0),IF(J241<=42.5,1,1))) -> 0 | N241: =IF(D241<=137.5,IF(J241<=27.5,IF(I241<=0.4945,0,0),IF(D241<=107.5,0,0)),IF(D241<=155.5,IF(D241<=146.5,1,0),IF(J241<=44.5,1,1))) -> 0 | O241: =IF(D241<=133.5,IF(I241<=0.5095,IF(D241<=94.5,0,0),IF(F241<=28.5,0,1)),IF(D241<=161.5,IF(I241<=0.315,0,1),IF(C241<=6.5,1,1))) -> 0 | P241: =IF(D241<=124.5,IF(J241<=27.5,IF(F241<=30.5,0,0),IF(D241<=94.5,0,0)),IF(D241<=166.5,IF(J241<=24.5,0,1),IF(J241<=37.5,1,1))) -> 0 | Q241: =IF(H241<=28.849999,IF(C241<=5.5,IF(E241<=69,0,0),IF(H241<=24.7,0,0)),IF(C241<=4.5,IF(G241<=107.5,0,0),IF(G241<=122.5,0,1))) -> 0 | R241: =IF(D241<=154.5,IF(H241<=27.849999,IF(D241<=107.5,0,0),IF(I241<=1.105,0,1)),IF(I241<=0.2745,1,IF(G241<=171.5,1,1))) -> 0 | S241: =IF(D241<=133.5,IF(J241<=27.5,IF(H241<=31.3,0,0),IF(H241<=28.65,0,0)),IF(H241<=29.4,0,IF(D241<=155.5,1,1))) -> 0 | T241: =IF(D241<=151.5,IF(D241<=99.5,IF(J241<=36.5,0,0),IF(I241<=0.317,0,0)),IF(F241<=38.5,IF(J241<=44.5,1,1),1)) -> 0 | U241: =IF(H241<=29.650001,IF(C241<=8.5,IF(H241<=26.5,0,0),0),IF(C241<=6.5,IF(H241<=43,0,1),IF(I241<=0.208,0,1))) -> 0 | V241: =IF(H241<=29.849999,IF(C241<=4.5,IF(H241<=25.45,0,0),IF(I241<=0.261,0,0)),IF(G241<=179,IF(C241<=4.5,0,1),IF(H241<=35.049999,1,1))) -> 0 | W241: =IF(D241<=127.5,IF(C241<=5.5,IF(E241<=79,0,0),IF(I241<=0.2205,0,0)),IF(I241<=0.3165,IF(I241<=0.242,1,0),IF(D241<=143.5,1,1))) -> 0 | X241: =COUNTIF(L241:W241,0) -> 12 | Y241: =COUNTIF(L241:W241,1) -> 0 | Z241: =IF(X241>Y241,0,1) -> 0 | AA241: =IF(Z241=K241,1,0) -> 1
B242: 241 | C242: 1 | D242: 91 | E242: 64 | F242: 24 | G242: 0 | H242: 29.2 | I242: 0.192 | J242: 21 | K242: 0 | L242: =IF(J242<=42.5,IF(G242<=119.5,IF(C242<=2.5,0,0),IF(C242<=0.5,1,0)),IF(G242<=139.5,IF(J242<=55.5,1,0),1)) -> 0 | M242: =IF(J242<=30.5,IF(H242<=36.25,IF(J242<=26.5,0,0),IF(H242<=42.75,0,1)),IF(H242<=27.45,IF(H242<=24.8,0,0),IF(J242<=42.5,1,1))) -> 0 | N242: =IF(D242<=137.5,IF(J242<=27.5,IF(I242<=0.4945,0,0),IF(D242<=107.5,0,0)),IF(D242<=155.5,IF(D242<=146.5,1,0),IF(J242<=44.5,1,1))) -> 0 | O242: =IF(D242<=133.5,IF(I242<=0.5095,IF(D242<=94.5,0,0),IF(F242<=28.5,0,1)),IF(D242<=161.5,IF(I242<=0.315,0,1),IF(C242<=6.5,1,1))) -> 0 | P242: =IF(D242<=124.5,IF(J242<=27.5,IF(F242<=30.5,0,0),IF(D242<=94.5,0,0)),IF(D242<=166.5,IF(J242<=24.5,0,1),IF(J242<=37.5,1,1))) -> 0 | Q242: =IF(H242<=28.849999,IF(C242<=5.5,IF(E242<=69,0,0),IF(H242<=24.7,0,0)),IF(C242<=4.5,IF(G242<=107.5,0,0),IF(G242<=122.5,0,1))) -> 0 | R242: =IF(D242<=154.5,IF(H242<=27.849999,IF(D242<=107.5,0,0),IF(I242<=1.105,0,1)),IF(I242<=0.2745,1,IF(G242<=171.5,1,1))) -> 0 | S242: =IF(D242<=133.5,IF(J242<=27.5,IF(H242<=31.3,0,0),IF(H242<=28.65,0,0)),IF(H242<=29.4,0,IF(D242<=155.5,1,1))) -> 0 | T242: =IF(D242<=151.5,IF(D242<=99.5,IF(J242<=36.5,0,0),IF(I242<=0.317,0,0)),IF(F242<=38.5,IF(J242<=44.5,1,1),1)) -> 0 | U242: =IF(H242<=29.650001,IF(C242<=8.5,IF(H242<=26.5,0,0),0),IF(C242<=6.5,IF(H242<=43,0,1),IF(I242<=0.208,0,1))) -> 0 | V242: =IF(H242<=29.849999,IF(C242<=4.5,IF(H242<=25.45,0,0),IF(I242<=0.261,0,0)),IF(G242<=179,IF(C242<=4.5,0,1),IF(H242<=35.049999,1,1))) -> 0 | W242: =IF(D242<=127.5,IF(C242<=5.5,IF(E242<=79,0,0),IF(I242<=0.2205,0,0)),IF(I242<=0.3165,IF(I242<=0.242,1,0),IF(D242<=143.5,1,1))) -> 0 | X242: =COUNTIF(L242:W242,0) -> 12 | Y242: =COUNTIF(L242:W242,1) -> 0 | Z242: =IF(X242>Y242,0,1) -> 0 | AA242: =IF(Z242=K242,1,0) -> 1
B243: 242 | C243: 4 | D243: 91 | E243: 70 | F243: 32 | G243: 88 | H243: 33.1 | I243: 0.446 | J243: 22 | K243: 0 | L243: =IF(J243<=42.5,IF(G243<=119.5,IF(C243<=2.5,0,0),IF(C243<=0.5,1,0)),IF(G243<=139.5,IF(J243<=55.5,1,0),1)) -> 0 | M243: =IF(J243<=30.5,IF(H243<=36.25,IF(J243<=26.5,0,0),IF(H243<=42.75,0,1)),IF(H243<=27.45,IF(H243<=24.8,0,0),IF(J243<=42.5,1,1))) -> 0 | N243: =IF(D243<=137.5,IF(J243<=27.5,IF(I243<=0.4945,0,0),IF(D243<=107.5,0,0)),IF(D243<=155.5,IF(D243<=146.5,1,0),IF(J243<=44.5,1,1))) -> 0 | O243: =IF(D243<=133.5,IF(I243<=0.5095,IF(D243<=94.5,0,0),IF(F243<=28.5,0,1)),IF(D243<=161.5,IF(I243<=0.315,0,1),IF(C243<=6.5,1,1))) -> 0 | P243: =IF(D243<=124.5,IF(J243<=27.5,IF(F243<=30.5,0,0),IF(D243<=94.5,0,0)),IF(D243<=166.5,IF(J243<=24.5,0,1),IF(J243<=37.5,1,1))) -> 0 | Q243: =IF(H243<=28.849999,IF(C243<=5.5,IF(E243<=69,0,0),IF(H243<=24.7,0,0)),IF(C243<=4.5,IF(G243<=107.5,0,0),IF(G243<=122.5,0,1))) -> 0 | R243: =IF(D243<=154.5,IF(H243<=27.849999,IF(D243<=107.5,0,0),IF(I243<=1.105,0,1)),IF(I243<=0.2745,1,IF(G243<=171.5,1,1))) -> 0 | S243: =IF(D243<=133.5,IF(J243<=27.5,IF(H243<=31.3,0,0),IF(H243<=28.65,0,0)),IF(H243<=29.4,0,IF(D243<=155.5,1,1))) -> 0 | T243: =IF(D243<=151.5,IF(D243<=99.5,IF(J243<=36.5,0,0),IF(I243<=0.317,0,0)),IF(F243<=38.5,IF(J243<=44.5,1,1),1)) -> 0 | U243: =IF(H243<=29.650001,IF(C243<=8.5,IF(H243<=26.5,0,0),0),IF(C243<=6.5,IF(H243<=43,0,1),IF(I243<=0.208,0,1))) -> 0 | V243: =IF(H243<=29.849999,IF(C243<=4.5,IF(H243<=25.45,0,0),IF(I243<=0.261,0,0)),IF(G243<=179,IF(C243<=4.5,0,1),IF(H243<=35.049999,1,1))) -> 0 | W243: =IF(D243<=127.5,IF(C243<=5.5,IF(E243<=79,0,0),IF(I243<=0.2205,0,0)),IF(I243<=0.3165,IF(I243<=0.242,1,0),IF(D243<=143.5,1,1))) -> 0 | X243: =COUNTIF(L243:W243,0) -> 12 | Y243: =COUNTIF(L243:W243,1) -> 0 | Z243: =IF(X243>Y243,0,1) -> 0 | AA243: =IF(Z243=K243,1,0) -> 1
B244: 243 | C244: 3 | D244: 139 | E244: 54 | F244: 0 | G244: 0 | H244: 25.6 | I244: 0.402 | J244: 22 | K244: 1 | L244: =IF(J244<=42.5,IF(G244<=119.5,IF(C244<=2.5,0,0),IF(C244<=0.5,1,0)),IF(G244<=139.5,IF(J244<=55.5,1,0),1)) -> 0 | M244: =IF(J244<=30.5,IF(H244<=36.25,IF(J244<=26.5,0,0),IF(H244<=42.75,0,1)),IF(H244<=27.45,IF(H244<=24.8,0,0),IF(J244<=42.5,1,1))) -> 0 | N244: =IF(D244<=137.5,IF(J244<=27.5,IF(I244<=0.4945,0,0),IF(D244<=107.5,0,0)),IF(D244<=155.5,IF(D244<=146.5,1,0),IF(J244<=44.5,1,1))) -> 1 | O244: =IF(D244<=133.5,IF(I244<=0.5095,IF(D244<=94.5,0,0),IF(F244<=28.5,0,1)),IF(D244<=161.5,IF(I244<=0.315,0,1),IF(C244<=6.5,1,1))) -> 1 | P244: =IF(D244<=124.5,IF(J244<=27.5,IF(F244<=30.5,0,0),IF(D244<=94.5,0,0)),IF(D244<=166.5,IF(J244<=24.5,0,1),IF(J244<=37.5,1,1))) -> 0 | Q244: =IF(H244<=28.849999,IF(C244<=5.5,IF(E244<=69,0,0),IF(H244<=24.7,0,0)),IF(C244<=4.5,IF(G244<=107.5,0,0),IF(G244<=122.5,0,1))) -> 0 | R244: =IF(D244<=154.5,IF(H244<=27.849999,IF(D244<=107.5,0,0),IF(I244<=1.105,0,1)),IF(I244<=0.2745,1,IF(G244<=171.5,1,1))) -> 0 | S244: =IF(D244<=133.5,IF(J244<=27.5,IF(H244<=31.3,0,0),IF(H244<=28.65,0,0)),IF(H244<=29.4,0,IF(D244<=155.5,1,1))) -> 0 | T244: =IF(D244<=151.5,IF(D244<=99.5,IF(J244<=36.5,0,0),IF(I244<=0.317,0,0)),IF(F244<=38.5,IF(J244<=44.5,1,1),1)) -> 0 | U244: =IF(H244<=29.650001,IF(C244<=8.5,IF(H244<=26.5,0,0),0),IF(C244<=6.5,IF(H244<=43,0,1),IF(I244<=0.208,0,1))) -> 0 | V244: =IF(H244<=29.849999,IF(C244<=4.5,IF(H244<=25.45,0,0),IF(I244<=0.261,0,0)),IF(G244<=179,IF(C244<=4.5,0,1),IF(H244<=35.049999,1,1))) -> 0 | W244: =IF(D244<=127.5,IF(C244<=5.5,IF(E244<=79,0,0),IF(I244<=0.2205,0,0)),IF(I244<=0.3165,IF(I244<=0.242,1,0),IF(D244<=143.5,1,1))) -> 1 | X244: =COUNTIF(L244:W244,0) -> 9 | Y244: =COUNTIF(L244:W244,1) -> 3 | Z244: =IF(X244>Y244,0,1) -> 0 | AA244: =IF(Z244=K244,1,0) -> 0
... B769: 768 | C769: 1 | D769: 93 | E769: 70 | F769: 31 | G769: 0 | H769: 30.4 | I769: 0.315 | J769: 23 | K769: 0 | L769: =IF(J769<=42.5,IF(G769<=119.5,IF(C769<=2.5,0,0),IF(C769<=0.5,1,0)),IF(G769<=139.5,IF(J769<=55.5,1,0),1)) -> 0 | M769: =IF(J769<=30.5,IF(H769<=36.25,IF(J769<=26.5,0,0),IF(H769<=42.75,0,1)),IF(H769<=27.45,IF(H769<=24.8,0,0),IF(J769<=42.5,1,1))) -> 0 | N769: =IF(D769<=137.5,IF(J769<=27.5,IF(I769<=0.4945,0,0),IF(D769<=107.5,0,0)),IF(D769<=155.5,IF(D769<=146.5,1,0),IF(J769<=44.5,1,1))) -> 0 | O769: =IF(D769<=133.5,IF(I769<=0.5095,IF(D769<=94.5,0,0),IF(F769<=28.5,0,1)),IF(D769<=161.5,IF(I769<=0.315,0,1),IF(C769<=6.5,1,1))) -> 0 | P769: =IF(D769<=124.5,IF(J769<=27.5,IF(F769<=30.5,0,0),IF(D769<=94.5,0,0)),IF(D769<=166.5,IF(J769<=24.5,0,1),IF(J769<=37.5,1,1))) -> 0 | Q769: =IF(H769<=28.849999,IF(C769<=5.5,IF(E769<=69,0,0),IF(H769<=24.7,0,0)),IF(C769<=4.5,IF(G769<=107.5,0,0),IF(G769<=122.5,0,1))) -> 0 | R769: =IF(D769<=154.5,IF(H769<=27.849999,IF(D769<=107.5,0,0),IF(I769<=1.105,0,1)),IF(I769<=0.2745,1,IF(G769<=171.5,1,1))) -> 0 | S769: =IF(D769<=133.5,IF(J769<=27.5,IF(H769<=31.3,0,0),IF(H769<=28.65,0,0)),IF(H769<=29.4,0,IF(D769<=155.5,1,1))) -> 0 | T769: =IF(D769<=151.5,IF(D769<=99.5,IF(J769<=36.5,0,0),IF(I769<=0.317,0,0)),IF(F769<=38.5,IF(J769<=44.5,1,1),1)) -> 0 | U769: =IF(H769<=29.650001,IF(C769<=8.5,IF(H769<=26.5,0,0),0),IF(C769<=6.5,IF(H769<=43,0,1),IF(I769<=0.208,0,1))) -> 0 | V769: =IF(H769<=29.849999,IF(C769<=4.5,IF(H769<=25.45,0,0),IF(I769<=0.261,0,0)),IF(G769<=179,IF(C769<=4.5,0,1),IF(H769<=35.049999,1,1))) -> 0 | W769: =IF(D769<=127.5,IF(C769<=5.5,IF(E769<=79,0,0),IF(I769<=0.2205,0,0)),IF(I769<=0.3165,IF(I769<=0.242,1,0),IF(D769<=143.5,1,1))) -> 0 | X769: =COUNTIF(L769:W769,0) -> 12 | Y769: =COUNTIF(L769:W769,1) -> 0 | Z769: =IF(X769>Y769,0,1) -> 0 | AA769: =IF(Z769=K769,1,0) -> 1

Sheet RandomForest_Validation
J1: Random Forest Feature Importance (Gini-based)
A2: Random Forest Validation – Test Set Only | C2: Source: 'RandomForest Final' (test rows identified by Test RowID in column AC) | J2: Tree | K2: Count how many " AND " appear in the Split text | L2: Replace the last " AND " with a marker | M2: Extract only the last condition (tail) | N2: Get the split variable name for this node | O2: Gain | Q2: Feature | R2: Total Gain | S2: Normalized Importance | T2: #Nodes Used
A3: Core test-set counts and accuracy | J3: =RIGHT(LEFT(_xlfn.FORMULATEXT(K3),8),7) -> Tree_01 | K3: =Tree_01!AK9 -> 0 | L3: =Tree_01!AL9 -> age ≤ 42.5 | M3: =Tree_01!AM9 -> age ≤ 42.5 | N3: =Tree_01!AN9 -> age | O3: =Tree_01!AO9 -> 0.03329035 | Q3: preg | R3: =SUMIF($N:$N, Q3, $O:$O) -> 0.77089779 | S3: =R3 / SUM($R$3:$R$10) -> 0.083347479 | T3: =COUNTIF($N:$N, Q3) -> 2 | W3: Variable Usage Across 12 Decision Trees | AS3: Voting Stability | BA3: Tree_01 | BB3: =BA3&"!"&"L2" -> Tree_01!L2 | BC3: {=_xlfn.FORMULATEXT(INDIRECT(BB3))} -> =IF(J2<=42.5,IF(G2<=119.5,IF(C2<=2.5,0,0),IF(C2<=0.5,1,0)),IF(G2<=139.5,IF(J2<=55.5,1,0),1))
A4: Total test observations | B4: =COUNTA('RandomForest Final'!$AC$2:$AC$769) -> 231 | J4: =RIGHT(LEFT(_xlfn.FORMULATEXT(K4),8),7) -> Tree_01 | K4: =Tree_01!AK10 -> 1 | L4: =Tree_01!AL10 -> age ≤ 42.5|insu ≤ 119.5 | M4: =Tree_01!AM10 -> insu ≤ 119.5 | N4: =Tree_01!AN10 -> insu | O4: =Tree_01!AO10 -> 0.13523956 | Q4: plas | R4: =SUMIF($N:$N, Q4, $O:$O) -> 2.6903427 | S4: =R4 / SUM($R$3:$R$10) -> 0.2908729 | T4: =COUNTIF($N:$N, Q4) -> 18 | W4: Tree | X4: Feature 1 | Y4: Feature 2 | Z4: Feature 3 | AA4: Feature 4 | AB4: Total Features | AC4: Accuracry | BA4: Tree_02 | BB4: =BA4&"!"&"L2" -> Tree_02!L2 | BC4: {=_xlfn.FORMULATEXT(INDIRECT(BB4))} -> =IF(J2<=30.5,IF(H2<=36.25,IF(J2<=26.5,0,0),IF(H2<=42.75,0,1)),IF(H2<=27.45,IF(H2<=24.8,0,0),IF(J2<=42.5,1,1)))
A5: Correct predictions (test only) | B5: {=SUMPRODUCT( 'RandomForest Final'!$AA$2:$AA$769, --(COUNTIF('RandomForest Final'!$AC$2:$AC$769,'RandomForest Final'!$B$2:$B$769)>0))} -> 175 | J5: =RIGHT(LEFT(_xlfn.FORMULATEXT(K5),8),7) -> Tree_01 | K5: =Tree_01!AK11 -> 2 | L5: =Tree_01!AL11 -> age ≤ 42.5 AND insu > 119.5|preg ≤ 0.5 | M5: =Tree_01!AM11 -> preg ≤ 0.5 | N5: =Tree_01!AN11 -> preg | O5: =Tree_01!AO11 -> 0.33822043 | Q5: pres | R5: =SUMIF($N:$N, Q5, $O:$O) -> 0.39869777 | S5: =R5 / SUM($R$3:$R$10) -> 0.043106173 | T5: =COUNTIF($N:$N, Q5) -> 7 | W5: 1 | X5: age (J) | Y5: mass (H) | Z5: preg (C) | AA5: - | AB5: 3 | AC5: =SUM(Tree_01!M2:M538)/COUNT(Tree_01!M2:M538) -> 0.75418994 | AS5: 0_12 | AT5: =COUNTIF('RandomForest Final'!AG:AG,AS5) -> 1 | BA5: Tree_03 | BB5: =BA5&"!"&"L2" -> Tree_03!L2 | BC5: {=_xlfn.FORMULATEXT(INDIRECT(BB5))} -> =IF(D2<=137.5,IF(J2<=27.5,IF(I2<=0.4945,0,0),IF(D2<=107.5,0,0)),IF(D2<=155.5,IF(D2<=146.5,1,0),IF(J2<=44.5,1,1)))
A6: Accuracy (test set) | B6: =IF(B4=0,"", B5/B4) -> 0.75757576 | J6: =RIGHT(LEFT(_xlfn.FORMULATEXT(K6),8),7) -> Tree_01 | K6: =Tree_01!AK12 -> 1 | L6: =Tree_01!AL12 -> age > 42.5|insu ≤ 139.5 | M6: =Tree_01!AM12 -> insu ≤ 139.5 | N6: =Tree_01!AN12 -> insu | O6: =Tree_01!AO12 -> 0.35526566 | Q6: skin | R6: =SUMIF($N:$N, Q6, $O:$O) -> 0.75705052 | S6: =R6 / SUM($R$3:$R$10) -> 0.081850347 | T6: =COUNTIF($N:$N, Q6) -> 5 | W6: 2 | X6: age (J) | Y6: mass (H) | Z6: - | AA6: - | AB6: 2 | AC6: =SUM(Tree_02!M2:M538)/COUNT(Tree_01!M2:M538) -> 0.73184358 | AS6: 1_11 | AT6: =COUNTIF('RandomForest Final'!AG:AG,AS6) -> 4 | BA6: Tree_04 | BB6: =BA6&"!"&"L2" -> Tree_04!L2 | BC6: {=_xlfn.FORMULATEXT(INDIRECT(BB6))} -> =IF(D2<=133.5,IF(I2<=0.5095,IF(D2<=94.5,0,0),IF(F2<=28.5,0,1)),IF(D2<=161.5,IF(I2<=0.315,0,1),IF(C2<=6.5,1,1)))
J7: =RIGHT(LEFT(_xlfn.FORMULATEXT(K7),8),7) -> Tree_01 | K7: =Tree_01!AK13 -> 2 | L7: =Tree_01!AL13 -> age > 42.5 AND insu ≤ 139.5|age ≤ 55.5 | M7: =Tree_01!AM13 -> age ≤ 55.5 | N7: =Tree_01!AN13 -> age | O7: =Tree_01!AO13 -> 0.36844341 | Q7: insu | R7: =SUMIF($N:$N, Q7, $O:$O) -> 0.49050522 | S7: =R7 / SUM($R$3:$R$10) -> 0.053032158 | T7: =COUNTIF($N:$N, Q7) -> 2 | W7: 3 | X7: plas (D) | Y7: age (J) | Z7: pedi (I) | AA7: - | AB7: 3 | AC7: =SUM(Tree_03!M2:M538)/COUNT(Tree_01!M2:M538) -> 0.7877095 | AS7: 10_2 | AT7: =COUNTIF('RandomForest Final'!AG:AG,AS7) -> 21 | AV7: Stable forest: | BA7: Tree_05 | BB7: =BA7&"!"&"L2" -> Tree_05!L2 | BC7: {=_xlfn.FORMULATEXT(INDIRECT(BB7))} -> =IF(D2<=124.5,IF(J2<=27.5,IF(F2<=30.5,0,0),IF(D2<=94.5,0,0)),IF(D2<=166.5,IF(J2<=24.5,0,1),IF(J2<=37.5,1,1)))
A8: Confusion matrix on the test set | J8: =RIGHT(LEFT(_xlfn.FORMULATEXT(K8),8),7) -> Tree_02 | K8: =Tree_02!AK9 -> 0 | L8: =Tree_02!AL9 -> age ≤ 30.5 | M8: =Tree_02!AM9 -> age ≤ 30.5 | N8: =Tree_02!AN9 -> age | O8: =Tree_02!AO9 -> 0.051014111 | Q8: mass | R8: =SUMIF($N:$N, Q8, $O:$O) -> 1.4614175 | S8: =R8 / SUM($R$3:$R$10) -> 0.15800468 | T8: =COUNTIF($N:$N, Q8) -> 15 | W8: 4 | X8: plas (D) | Y8: pedi (I) | Z8: skin (F) | AA8: preg (C) | AB8: 4 | AC8: =SUM(Tree_04!M2:M538)/COUNT(Tree_01!M2:M538) -> 0.81005587 | AS8: 11_1 | AT8: =COUNTIF('RandomForest Final'!AG:AG,AS8) -> 29 | AV8: Most predictions have vote counts near 0, 1, 11, or 12 | BA8: Tree_06 | BB8: =BA8&"!"&"L2" -> Tree_06!L2 | BC8: {=_xlfn.FORMULATEXT(INDIRECT(BB8))} -> =IF(H2<=28.849999,IF(C2<=5.5,IF(E2<=69,0,0),IF(H2<=24.7,0,0)),IF(C2<=4.5,IF(G2<=107.5,0,0),IF(G2<=122.5,0,1)))
B9: Pred = 0 | C9: Pred = 1 | J9: =RIGHT(LEFT(_xlfn.FORMULATEXT(K9),8),7) -> Tree_02 | K9: =Tree_02!AK10 -> 1 | L9: =Tree_02!AL10 -> age ≤ 30.5|mass ≤ 36.25 | M9: =Tree_02!AM10 -> mass ≤ 36.25 | N9: =Tree_02!AN10 -> mass | O9: =Tree_02!AO10 -> 0.31500682 | Q9: pedi | R9: =SUMIF($N:$N, Q9, $O:$O) -> 1.4020368 | S9: =R9 / SUM($R$3:$R$10) -> 0.15158459 | T9: =COUNTIF($N:$N, Q9) -> 11 | W9: 5 | X9: plas (D) | Y9: age (J) | Z9: skin (F) | AA9: - | AB9: 3 | AC9: =SUM(Tree_05!M2:M538)/COUNT(Tree_01!M2:M538) -> 0.76908752 | AS9: 12_0 | AT9: =COUNTIF('RandomForest Final'!AG:AG,AS9) -> 82 | AV9: Very few borderline (6–7 votes) | BA9: Tree_07 | BB9: =BA9&"!"&"L2" -> Tree_07!L2 | BC9: {=_xlfn.FORMULATEXT(INDIRECT(BB9))} -> =IF(D2<=154.5,IF(H2<=27.849999,IF(D2<=107.5,0,0),IF(I2<=1.105,0,1)),IF(I2<=0.2745,1,IF(G2<=171.5,1,1)))
A10: Actual = 0 | B10: {=SUMPRODUCT( --('RandomForest Final'!$K$2:$K$769=0), --('RandomForest Final'!$Z$2:$Z$769=0), --(COUNTIF('RandomForest Final'!$AC$2:$AC$769,'RandomForest Final'!$B$2:$B$769)>0) )} -> 138 | C10: {=SUMPRODUCT( --('RandomForest Final'!$K$2:$K$769=0), --('RandomForest Final'!$Z$2:$Z$769=1), --(COUNTIF('RandomForest Final'!$AC$2:$AC$769,'RandomForest Final'!$B$2:$B$769)>0) )} -> 12 | J10: =RIGHT(LEFT(_xlfn.FORMULATEXT(K10),8),7) -> Tree_02 | K10: =Tree_02!AK11 -> 2 | L10: =Tree_02!AL11 -> age ≤ 30.5 AND mass > 36.25|mass ≤ 42.75 | M10: =Tree_02!AM11 -> mass ≤ 42.75 | N10: =Tree_02!AN11 -> mass | O10: =Tree_02!AO11 -> 0.41381843 | Q10: age | R10: =SUMIF($N:$N, Q10, $O:$O) -> 1.2782553 | S10: =R10 / SUM($R$3:$R$10) -> 0.13820166 | T10: =COUNTIF($N:$N, Q10) -> 14 | W10: 6 | X10: mass (H) | Y10: preg (C) | Z10: pres (E) | AA10: insu (G) | AB10: 4 | AC10: =SUM(Tree_06!M2:M538)/COUNT(Tree_01!M2:M538) -> 0.67970205 | AS10: 2_10 | AT10: =COUNTIF('RandomForest Final'!AG:AG,AS10) -> 6 | BA10: Tree_08 | BB10: =BA10&"!"&"L2" -> Tree_08!L2 | BC10: {=_xlfn.FORMULATEXT(INDIRECT(BB10))} -> =IF(D2<=133.5,IF(J2<=27.5,IF(H2<=31.3,0,0),IF(H2<=28.65,0,0)),IF(H2<=29.4,0,IF(D2<=155.5,1,1)))
A11: Actual = 1 | B11: {=SUMPRODUCT( --('RandomForest Final'!$K$2:$K$769=1), --('RandomForest Final'!$Z$2:$Z$769=0), --(COUNTIF('RandomForest Final'!$AC$2:$AC$769,'RandomForest Final'!$B$2:$B$769)>0) )} -> 44 | C11: {=SUMPRODUCT( --('RandomForest Final'!$K$2:$K$769=1), --('RandomForest Final'!$Z$2:$Z$769=1), --(COUNTIF('RandomForest Final'!$AC$2:$AC$769,'RandomForest Final'!$B$2:$B$769)>0) )} -> 37 | J11: =RIGHT(LEFT(_xlfn.FORMULATEXT(K11),8),7) -> Tree_02 | K11: =Tree_02!AK12 -> 1 | L11: =Tree_02!AL12 -> age > 30.5|mass ≤ 27.45 | M11: =Tree_02!AM12 -> mass ≤ 27.45 | N11: =Tree_02!AN12 -> mass | O11: =Tree_02!AO12 -> 0.24740632 | W11: 7 | X11: plas (D) | Y11: mass (H) | Z11: pedi (I) | AA11: insu (G) | AB11: 4 | AC11: =SUM(Tree_07!M2:M538)/COUNT(Tree_01!M2:M538) -> 0.76908752 | AS11: 3_9 | AT11: =COUNTIF('RandomForest Final'!AG:AG,AS11) -> 6 | AV11: Unstable forest: | BA11: Tree_09 | BB11: =BA11&"!"&"L2" -> Tree_09!L2 | BC11: {=_xlfn.FORMULATEXT(INDIRECT(BB11))} -> =IF(D2<=151.5,IF(D2<=99.5,IF(J2<=36.5,0,0),IF(I2<=0.317,0,0)),IF(F2<=38.5,IF(J2<=44.5,1,1),1))
J12: =RIGHT(LEFT(_xlfn.FORMULATEXT(K12),8),7) -> Tree_03 | K12: =Tree_03!AK9 -> 0 | L12: =Tree_03!AL9 -> plas ≤ 137.5 | M12: =Tree_03!AM9 -> plas ≤ 137.5 | N12: =Tree_03!AN9 -> plas | O12: =Tree_03!AO9 -> 0.095251044 | W12: 8 | X12: plas (D) | Y12: age (J) | Z12: mass (H) | AA12: - | AB12: 3 | AC12: =SUM(Tree_08!M2:M538)/COUNT(Tree_01!M2:M538) -> 0.81564246 | AS12: 4_8 | AT12: =COUNTIF('RandomForest Final'!AG:AG,AS12) -> 13 | AV12: Many predictions are borderline (6–7 votes) | BA12: Tree_10 | BB12: =BA12&"!"&"L2" -> Tree_10!L2 | BC12: {=_xlfn.FORMULATEXT(INDIRECT(BB12))} -> =IF(H2<=29.650001,IF(C2<=8.5,IF(H2<=26.5,0,0),0),IF(C2<=6.5,IF(H2<=43,0,1),IF(I2<=0.208,0,1)))
A13: Derived metrics from the confusion matrix | J13: =RIGHT(LEFT(_xlfn.FORMULATEXT(K13),8),7) -> Tree_03 | K13: =Tree_03!AK10 -> 1 | L13: =Tree_03!AL10 -> plas ≤ 137.5|age ≤ 27.5 | M13: =Tree_03!AM10 -> age ≤ 27.5 | N13: =Tree_03!AN10 -> age | O13: =Tree_03!AO10 -> 0.22771841 | W13: 9 | X13: plas (D) | Y13: age (J) | Z13: pedi (I) | AA13: skin (F) | AB13: 4 | AC13: =SUM(Tree_09!M2:M538)/COUNT(Tree_01!M2:M538) -> 0.78026071 | AS13: 5_7 | AT13: =COUNTIF('RandomForest Final'!AG:AG,AS13) -> 9 | AV13: The forest disagrees a lot with itself | BA13: Tree_11 | BB13: =BA13&"!"&"L2" -> Tree_11!L2 | BC13: {=_xlfn.FORMULATEXT(INDIRECT(BB13))} -> =IF(H2<=29.849999,IF(C2<=4.5,IF(H2<=25.45,0,0),IF(I2<=0.261,0,0)),IF(G2<=179,IF(C2<=4.5,0,1),IF(H2<=35.049999,1,1)))
A14: TPR / Recall (class = 1) | B14: =IF(B11+C11=0,"", C11/(B11+C11)) -> 0.45679012 | J14: =RIGHT(LEFT(_xlfn.FORMULATEXT(K14),8),7) -> Tree_03 | K14: =Tree_03!AK11 -> 2 | L14: =Tree_03!AL11 -> plas ≤ 137.5 AND age ≤ 27.5|pedi ≤ 0.4945 | M14: =Tree_03!AM11 -> pedi ≤ 0.4945 | N14: =Tree_03!AN11 -> pedi | O14: =Tree_03!AO11 -> 0.37825411 | W14: 10 | X14: mass (H) | Y14: preg (C) | Z14: pedi (I) | AA14: - | AB14: 3 | AC14: =SUM(Tree_10!M2:M538)/COUNT(Tree_01!M2:M538) -> 0.77467412 | AS14: 6_6 | AT14: =COUNTIF('RandomForest Final'!AG:AG,AS14) -> 10 | BA14: Tree_12 | BB14: =BA14&"!"&"L2" -> Tree_12!L2 | BC14: {=_xlfn.FORMULATEXT(INDIRECT(BB14))} -> =IF(D2<=127.5,IF(C2<=5.5,IF(E2<=79,0,0),IF(I2<=0.2205,0,0)),IF(I2<=0.3165,IF(I2<=0.242,1,0),IF(D2<=143.5,1,1)))
A15: TNR / Specificity (class = 0) | B15: =IF(B10+C10=0,"", B10/(B10+C10)) -> 0.92 | J15: =RIGHT(LEFT(_xlfn.FORMULATEXT(K15),8),7) -> Tree_03 | K15: =Tree_03!AK12 -> 2 | L15: =Tree_03!AL12 -> plas ≤ 137.5 AND age > 27.5|plas ≤ 107.5 | M15: =Tree_03!AM12 -> plas ≤ 107.5 | N15: =Tree_03!AN12 -> plas | O15: =Tree_03!AO12 -> 0.31585798 | W15: 11 | X15: mass (H) | Y15: preg (C) | Z15: pedi (I) | AA15: insu (G) | AB15: 4 | AC15: =SUM(Tree_11!M2:M538)/COUNT(Tree_01!M2:M538) -> 0.73929236 | AS15: 7_5 | AT15: =COUNTIF('RandomForest Final'!AG:AG,AS15) -> 10
A16: Precision (class = 1) | B16: =IF(C10+C11=0,"", C11/(C10+C11)) -> 0.75510204 | J16: =RIGHT(LEFT(_xlfn.FORMULATEXT(K16),8),7) -> Tree_03 | K16: =Tree_03!AK13 -> 1 | L16: =Tree_03!AL13 -> plas > 137.5|plas ≤ 155.5 | M16: =Tree_03!AM13 -> plas ≤ 155.5 | N16: =Tree_03!AN13 -> plas | O16: =Tree_03!AO13 -> 0.34571218 | W16: 12 | X16: plas (D) | Y16: preg (C) | Z16: pres (E) | AA16: pedi (I) | AB16: 4 | AC16: =SUM(Tree_12!M2:M538)/COUNT(Tree_01!M2:M538) -> 0.79888268 | AS16: 8_4 | AT16: =COUNTIF('RandomForest Final'!AG:AG,AS16) -> 17
A17: Balanced Accuracy | B17: =IF(OR(B14="",B15=""),"", (B14+B15)/2) -> 0.68839506 | J17: =RIGHT(LEFT(_xlfn.FORMULATEXT(K17),8),7) -> Tree_03 | K17: =Tree_03!AK14 -> 1 | L17: =Tree_03!AL14 -> plas > 137.5|plas ≤ 146.5 | M17: =Tree_03!AM14 -> plas ≤ 146.5 | N17: =Tree_03!AN14 -> plas | O17: =Tree_03!AO14 -> 0.39504514 | AS17: 9_3 | AT17: =COUNTIF('RandomForest Final'!AG:AG,AS17) -> 23
A18: F1 Score (class = 1) | B18: =IF(OR(B14=0,B16=0),"", 2*B16*B14/(B16+B14)) -> 0.56923077 | J18: =RIGHT(LEFT(_xlfn.FORMULATEXT(K18),8),7) -> Tree_03 | K18: =Tree_03!AK15 -> 1 | L18: =Tree_03!AL15 -> plas > 155.5|age ≤ 44.5 | M18: =Tree_03!AM15 -> age ≤ 44.5 | N18: =Tree_03!AN15 -> age | O18: =Tree_03!AO15 -> 0.41101001 | W18: Column Name Key:
A19: Compare against a simple baseline on the test set | J19: =RIGHT(LEFT(_xlfn.FORMULATEXT(K19),8),7) -> Tree_04 | K19: =Tree_04!AK9 -> 0 | L19: =Tree_04!AL9 -> plas ≤ 133.5 | M19: =Tree_04!AM9 -> plas ≤ 133.5 | N19: =Tree_04!AN9 -> plas | O19: =Tree_04!AO9 -> 0.094730253 | W19: preg (C) | X19: Pregnancies | AS19: Split-Pattern Stability
A20: Positive rate in test set (P(y=1)) | B20: {=SUMPRODUCT(--('RandomForest Final'!$K$2:$K$769=1),--(COUNTIF('RandomForest Final'!$AC$2:$AC$769,'RandomForest Final'!$B$2:$B$769)>0)) / B4} -> 0.35064935 | J20: =RIGHT(LEFT(_xlfn.FORMULATEXT(K20),8),7) -> Tree_04 | K20: =Tree_04!AK10 -> 1 | L20: =Tree_04!AL10 -> plas ≤ 133.5|pedi ≤ 0.5095 | M20: =Tree_04!AM10 -> pedi ≤ 0.5095 | N20: =Tree_04!AN10 -> pedi | O20: =Tree_04!AO10 -> 0.23751112 | W20: plas (D) | X20: Plasma glucose | AS20: plas appears frequently as root
A21: Majority-class baseline accuracy (test set) | B21: =IF(B20="","", MAX(B20,1-B20)) -> 0.64935065 | J21: =RIGHT(LEFT(_xlfn.FORMULATEXT(K21),8),7) -> Tree_04 | K21: =Tree_04!AK11 -> 2 | L21: =Tree_04!AL11 -> plas ≤ 133.5 AND pedi ≤ 0.5095|plas ≤ 94.5 | M21: =Tree_04!AM11 -> plas ≤ 94.5 | N21: =Tree_04!AN11 -> plas | O21: =Tree_04!AO11 -> 0.36576136 | W21: pres (E) | X21: Blood pressure | AS21: pedigree frequently appears near top
J22: =RIGHT(LEFT(_xlfn.FORMULATEXT(K22),8),7) -> Tree_04 | K22: =Tree_04!AK12 -> 2 | L22: =Tree_04!AL12 -> plas ≤ 133.5 AND pedi > 0.5095|skin ≤ 28.5 | M22: =Tree_04!AM12 -> skin ≤ 28.5 | N22: =Tree_04!AN12 -> skin | O22: =Tree_04!AO12 -> 0.36386965 | W22: skin (F) | X22: Skin thickness | AS22: patterns align across trees
J23: =RIGHT(LEFT(_xlfn.FORMULATEXT(K23),8),7) -> Tree_04 | K23: =Tree_04!AK13 -> 1 | L23: =Tree_04!AL13 -> plas > 133.5|plas ≤ 161.5 | M23: =Tree_04!AM13 -> plas ≤ 161.5 | N23: =Tree_04!AN13 -> plas | O23: =Tree_04!AO13 -> 0.35074313 | W23: insu (G) | X23: Insulin | AS23: This is ideal stability.
J24: =RIGHT(LEFT(_xlfn.FORMULATEXT(K24),8),7) -> Tree_04 | K24: =Tree_04!AK14 -> 2 | L24: =Tree_04!AL14 -> plas > 133.5 AND plas ≤ 161.5|pedi ≤ 0.315 | M24: =Tree_04!AM14 -> pedi ≤ 0.315 | N24: =Tree_04!AN14 -> pedi | O24: =Tree_04!AO14 -> 0.38608959 | W24: mass (H) | X24: BMI
A25: Check: B16 (Balanced Accuracy) should be > B20 baseline | J25: =RIGHT(LEFT(_xlfn.FORMULATEXT(K25),8),7) -> Tree_04 | K25: =Tree_04!AK15 -> 1 | L25: =Tree_04!AL15 -> plas > 161.5|preg ≤ 6.5 | M25: =Tree_04!AM15 -> preg ≤ 6.5 | N25: =Tree_04!AN15 -> preg | O25: =Tree_04!AO15 -> 0.43267737 | W25: pedi (I) | X25: Diabetes pedigree function
A26: If B5 only slightly exceeds B20, the forest adds little value | J26: =RIGHT(LEFT(_xlfn.FORMULATEXT(K26),8),7) -> Tree_05 | K26: =Tree_05!AK9 -> 0 | L26: =Tree_05!AL9 -> plas ≤ 124.5 | M26: =Tree_05!AM9 -> plas ≤ 124.5 | N26: =Tree_05!AN9 -> plas | O26: =Tree_05!AO9 -> 0.082986476 | W26: age (J) | X26: Age
J27: =RIGHT(LEFT(_xlfn.FORMULATEXT(K27),8),7) -> Tree_05 | K27: =Tree_05!AK10 -> 1 | L27: =Tree_05!AL10 -> plas ≤ 124.5|age ≤ 27.5 | M27: =Tree_05!AM10 -> age ≤ 27.5 | N27: =Tree_05!AN10 -> age | O27: =Tree_05!AO10 -> 0.022653227
J28: =RIGHT(LEFT(_xlfn.FORMULATEXT(K28),8),7) -> Tree_05 | K28: =Tree_05!AK11 -> 2 | L28: =Tree_05!AL11 -> plas ≤ 124.5 AND age ≤ 27.5|skin ≤ 30.5 | M28: =Tree_05!AM11 -> skin ≤ 30.5 | N28: =Tree_05!AN11 -> skin | O28: =Tree_05!AO11 -> 0.0070809581 | W28: Key Observations:
J29: =RIGHT(LEFT(_xlfn.FORMULATEXT(K29),8),7) -> Tree_05 | K29: =Tree_05!AK12 -> 2 | L29: =Tree_05!AL12 -> plas ≤ 124.5 AND age > 27.5|plas ≤ 94.5 | M29: =Tree_05!AM12 -> plas ≤ 94.5 | N29: =Tree_05!AN12 -> plas | O29: =Tree_05!AO12 -> 0.03091356 | W29: 1. Most Commonly Used Features:
J30: =RIGHT(LEFT(_xlfn.FORMULATEXT(K30),8),7) -> Tree_05 | K30: =Tree_05!AK13 -> 1 | L30: =Tree_05!AL13 -> plas > 124.5|plas ≤ 166.5 | M30: =Tree_05!AM13 -> plas ≤ 166.5 | N30: =Tree_05!AN13 -> plas | O30: =Tree_05!AO13 -> 0.060452885 | W30: plas (D): Used in 8 out of 12 trees
A31: Random Forest Feature Importance (Gini-based) | J31: =RIGHT(LEFT(_xlfn.FORMULATEXT(K31),8),7) -> Tree_05 | K31: =Tree_05!AK14 -> 2 | L31: =Tree_05!AL14 -> plas > 124.5 AND plas ≤ 166.5|age ≤ 24.5 | M31: =Tree_05!AM14 -> age ≤ 24.5 | N31: =Tree_05!AN14 -> age | O31: =Tree_05!AO14 -> 0.035363478 | W31: age (J): Used in 7 out of 12 trees
J32: =RIGHT(LEFT(_xlfn.FORMULATEXT(K32),8),7) -> Tree_05 | K32: =Tree_05!AK15 -> 2 | L32: =Tree_05!AL15 -> plas > 124.5 AND plas > 166.5|age ≤ 37.5 | M32: =Tree_05!AM15 -> age ≤ 37.5 | N32: =Tree_05!AN15 -> age | O32: =Tree_05!AO15 -> 0.015534483 | W32: mass (H): Used in 7 out of 12 trees
A33: Feature | B33: Tree-wise Gini Gains | C33: Total Gain | D33: Normalized Importance | J33: =RIGHT(LEFT(_xlfn.FORMULATEXT(K33),8),7) -> Tree_06 | K33: =Tree_06!AK9 -> 0 | L33: =Tree_06!AL9 -> mass ≤ 28.849999 | M33: =Tree_06!AM9 -> mass ≤ 28.849999 | N33: =Tree_06!AN9 -> mass | O33: =Tree_06!AO9 -> 0.04247631 | W33: pedi (I): Used in 7 out of 12 trees
A34: preg | F34: Tree 1 | J34: =RIGHT(LEFT(_xlfn.FORMULATEXT(K34),8),7) -> Tree_06 | K34: =Tree_06!AK10 -> 1 | L34: =Tree_06!AL10 -> mass ≤ 28.849999|pres ≤ 5.5 | M34: =Tree_06!AM10 -> pres ≤ 5.5 | N34: =Tree_06!AN10 -> pres | O34: =Tree_06!AO10 -> 0.25642118 | W34: 2. Tree Complexity:
A35: plas | F35: Tree 2 | J35: =RIGHT(LEFT(_xlfn.FORMULATEXT(K35),8),7) -> Tree_06 | K35: =Tree_06!AK11 -> 2 | L35: =Tree_06!AL11 -> mass ≤ 28.849999 AND pres ≤ 5.5|skin ≤ 69 | M35: =Tree_06!AM11 -> skin ≤ 69 | N35: =Tree_06!AN11 -> skin | O35: =Tree_06!AO11 -> 0.3576561 | W35: Most trees use 3-4 features
A36: pres | F36: Tree 3 | J36: =RIGHT(LEFT(_xlfn.FORMULATEXT(K36),8),7) -> Tree_06 | K36: =Tree_06!AK12 -> 2 | L36: =Tree_06!AL12 -> mass ≤ 28.849999 AND pres > 5.5|mass ≤ 24.7 | M36: =Tree_06!AM12 -> mass ≤ 24.7 | N36: =Tree_06!AN12 -> mass | O36: =Tree_06!AO12 -> 0.027233278 | W36: Tree 2 is the simplest (only 2 features)
A37: skin | F37: Tree 4 | J37: =RIGHT(LEFT(_xlfn.FORMULATEXT(K37),8),7) -> Tree_06 | K37: =Tree_06!AK13 -> 1 | L37: =Tree_06!AL13 -> mass > 28.849999|pres ≤ 4.5 | M37: =Tree_06!AM13 -> pres ≤ 4.5 | N37: =Tree_06!AN13 -> pres | O37: =Tree_06!AO13 -> -0.012847511 | W37: Trees 4, 6, 7, 9, 11, 12 are most complex (4 features each)
A38: insu | F38: Tree 5 | J38: =RIGHT(LEFT(_xlfn.FORMULATEXT(K38),8),7) -> Tree_06 | K38: =Tree_06!AK14 -> 2 | L38: =Tree_06!AL14 -> mass > 28.849999 AND pres > 4.5|age ≤ 122.5 | M38: =Tree_06!AM14 -> age ≤ 122.5 | N38: =Tree_06!AN14 -> age | O38: =Tree_06!AO14 -> 0.012436413 | W38: 3. Feature Diversity: The Random Forest effectively uses all available features across different combinations,
A39: mass | F39: Tree 6 | J39: =RIGHT(LEFT(_xlfn.FORMULATEXT(K39),8),7) -> Tree_07 | K39: =Tree_07!AK9 -> 0 | L39: =Tree_07!AL9 -> plas ≤ 154.5 | M39: =Tree_07!AM9 -> plas ≤ 154.5 | N39: =Tree_07!AN9 -> plas | O39: =Tree_07!AO9 -> 0.12133445 | W39: which is ideal for reducing correlation between trees and improving ensemble performance.
A40: pedi | F40: Tree 7 | J40: =RIGHT(LEFT(_xlfn.FORMULATEXT(K40),8),7) -> Tree_07 | K40: =Tree_07!AK10 -> 1 | L40: =Tree_07!AL10 -> plas ≤ 154.5|mass ≤ 27.849999 | M40: =Tree_07!AM10 -> mass ≤ 27.849999 | N40: =Tree_07!AN10 -> mass | O40: =Tree_07!AO10 -> 0.039985143
A41: age | F41: Tree 8 | J41: =RIGHT(LEFT(_xlfn.FORMULATEXT(K41),8),7) -> Tree_07 | K41: =Tree_07!AK11 -> 2 | L41: =Tree_07!AL11 -> plas ≤ 154.5 AND mass ≤ 27.849999|plas ≤ 107.5 | M41: =Tree_07!AM11 -> plas ≤ 107.5 | N41: =Tree_07!AN11 -> plas | O41: =Tree_07!AO11 -> 0.011919137
F42: Tree 9 | J42: =RIGHT(LEFT(_xlfn.FORMULATEXT(K42),8),7) -> Tree_07 | K42: =Tree_07!AK12 -> 2 | L42: =Tree_07!AL12 -> plas ≤ 154.5 AND mass > 27.849999|pedi ≤ 1.105 | M42: =Tree_07!AM12 -> pedi ≤ 1.105 | N42: =Tree_07!AN12 -> pedi | O42: =Tree_07!AO12 -> 0.031152735
F43: Tree 10 | J43: =RIGHT(LEFT(_xlfn.FORMULATEXT(K43),8),7) -> Tree_07 | K43: =Tree_07!AK13 -> 1 | L43: =Tree_07!AL13 -> plas > 154.5|pedi ≤ 0.2745 | M43: =Tree_07!AM13 -> pedi ≤ 0.2745 | N43: =Tree_07!AN13 -> pedi | O43: =Tree_07!AO13 -> 0.0054302225
F44: Tree 11 | J44: =RIGHT(LEFT(_xlfn.FORMULATEXT(K44),8),7) -> Tree_07 | K44: =Tree_07!AK14 -> 2 | L44: =Tree_07!AL14 -> plas > 154.5 AND pedi > 0.2745|age ≤ 171.5 | M44: =Tree_07!AM14 -> age ≤ 171.5 | N44: =Tree_07!AN14 -> age | O44: =Tree_07!AO14 -> 0.0021696252
F45: Tree 12 | J45: =RIGHT(LEFT(_xlfn.FORMULATEXT(K45),8),7) -> Tree_08 | K45: =Tree_08!AK9 -> 0 | L45: =Tree_08!AL9 -> plas ≤ 133.5 | M45: =Tree_08!AM9 -> plas ≤ 133.5 | N45: =Tree_08!AN9 -> plas | O45: =Tree_08!AO9 -> 0.12067911
J46: =RIGHT(LEFT(_xlfn.FORMULATEXT(K46),8),7) -> Tree_08 | K46: =Tree_08!AK10 -> 1 | L46: =Tree_08!AL10 -> plas ≤ 133.5|age ≤ 27.5 | M46: =Tree_08!AM10 -> age ≤ 27.5 | N46: =Tree_08!AN10 -> age | O46: =Tree_08!AO10 -> 0.032512661
J47: =RIGHT(LEFT(_xlfn.FORMULATEXT(K47),8),7) -> Tree_08 | K47: =Tree_08!AK11 -> 2 | L47: =Tree_08!AL11 -> plas ≤ 133.5 AND age ≤ 27.5|mass ≤ 31.3 | M47: =Tree_08!AM11 -> mass ≤ 31.3 | N47: =Tree_08!AN11 -> mass | O47: =Tree_08!AO11 -> 0.004431795
J48: =RIGHT(LEFT(_xlfn.FORMULATEXT(K48),8),7) -> Tree_08 | K48: =Tree_08!AK12 -> 2 | L48: =Tree_08!AL12 -> plas ≤ 133.5 AND age > 27.5|mass ≤ 28.65 | M48: =Tree_08!AM12 -> mass ≤ 28.65 | N48: =Tree_08!AN12 -> mass | O48: =Tree_08!AO12 -> 0.073970126
J49: =RIGHT(LEFT(_xlfn.FORMULATEXT(K49),8),7) -> Tree_08 | K49: =Tree_08!AK13 -> 1 | L49: =Tree_08!AL13 -> plas > 133.5|mass ≤ 29.4 | M49: =Tree_08!AM13 -> mass ≤ 29.4 | N49: =Tree_08!AN13 -> mass | O49: =Tree_08!AO13 -> 0.1044409
J50: =RIGHT(LEFT(_xlfn.FORMULATEXT(K50),8),7) -> Tree_08 | K50: =Tree_08!AK14 -> 2 | L50: =Tree_08!AL14 -> plas > 133.5 AND mass > 29.4|plas ≤ 155.5 | M50: =Tree_08!AM14 -> plas ≤ 155.5 | N50: =Tree_08!AN14 -> plas | O50: =Tree_08!AO14 -> 0.022885019
J51: =RIGHT(LEFT(_xlfn.FORMULATEXT(K51),8),7) -> Tree_09 | K51: =Tree_09!AK9 -> 0 | L51: =Tree_09!AL9 -> plas ≤ 151.5 | M51: =Tree_09!AM9 -> plas ≤ 151.5 | N51: =Tree_09!AN9 -> plas | O51: =Tree_09!AO9 -> 0.10822981
J52: =RIGHT(LEFT(_xlfn.FORMULATEXT(K52),8),7) -> Tree_09 | K52: =Tree_09!AK10 -> 1 | L52: =Tree_09!AL10 -> plas ≤ 151.5|plas ≤ 99.5 | M52: =Tree_09!AM10 -> plas ≤ 99.5 | N52: =Tree_09!AN10 -> plas | O52: =Tree_09!AO10 -> 0.023099407
J53: =RIGHT(LEFT(_xlfn.FORMULATEXT(K53),8),7) -> Tree_09 | K53: =Tree_09!AK11 -> 2 | L53: =Tree_09!AL11 -> plas ≤ 151.5 AND plas ≤ 99.5|age ≤ 36.5 | M53: =Tree_09!AM11 -> age ≤ 36.5 | N53: =Tree_09!AN11 -> age | O53: =Tree_09!AO11 -> 0.011247309
J54: =RIGHT(LEFT(_xlfn.FORMULATEXT(K54),8),7) -> Tree_09 | K54: =Tree_09!AK12 -> 2 | L54: =Tree_09!AL12 -> plas ≤ 151.5 AND plas > 99.5|pedi ≤ 0.317 | M54: =Tree_09!AM12 -> pedi ≤ 0.317 | N54: =Tree_09!AN12 -> pedi | O54: =Tree_09!AO12 -> 0.028934881
J55: =RIGHT(LEFT(_xlfn.FORMULATEXT(K55),8),7) -> Tree_09 | K55: =Tree_09!AK13 -> 1 | L55: =Tree_09!AL13 -> plas > 151.5|skin ≤ 38.5 | M55: =Tree_09!AM13 -> skin ≤ 38.5 | N55: =Tree_09!AN13 -> skin | O55: =Tree_09!AO13 -> 0.017568208
J56: =RIGHT(LEFT(_xlfn.FORMULATEXT(K56),8),7) -> Tree_09 | K56: =Tree_09!AK14 -> 2 | L56: =Tree_09!AL14 -> plas > 151.5 AND skin ≤ 38.5|age ≤ 44.5 | M56: =Tree_09!AM14 -> age ≤ 44.5 | N56: =Tree_09!AN14 -> age | O56: =Tree_09!AO14 -> 0.015368638
J57: =RIGHT(LEFT(_xlfn.FORMULATEXT(K57),8),7) -> Tree_10 | K57: =Tree_10!AK9 -> 0 | L57: =Tree_10!AL9 -> mass ≤ 29.650001 | M57: =Tree_10!AM9 -> mass ≤ 29.650001 | N57: =Tree_10!AN9 -> mass | O57: =Tree_10!AO9 -> 0.051043202
J58: =RIGHT(LEFT(_xlfn.FORMULATEXT(K58),8),7) -> Tree_10 | K58: =Tree_10!AK10 -> 1 | L58: =Tree_10!AL10 -> mass ≤ 29.650001|pres ≤ 8.5 | M58: =Tree_10!AM10 -> pres ≤ 8.5 | N58: =Tree_10!AN10 -> pres | O58: =Tree_10!AO10 -> 0.017708126
J59: =RIGHT(LEFT(_xlfn.FORMULATEXT(K59),8),7) -> Tree_10 | K59: =Tree_10!AK11 -> 2 | L59: =Tree_10!AL11 -> mass ≤ 29.650001 AND pres ≤ 8.5|mass ≤ 26.5 | M59: =Tree_10!AM11 -> mass ≤ 26.5 | N59: =Tree_10!AN11 -> mass | O59: =Tree_10!AO11 -> 0.0092242895
J60: =RIGHT(LEFT(_xlfn.FORMULATEXT(K60),8),7) -> Tree_10 | K60: =Tree_10!AK12 -> 1 | L60: =Tree_10!AL12 -> mass > 29.650001|pres ≤ 6.5 | M60: =Tree_10!AM12 -> pres ≤ 6.5 | N60: =Tree_10!AN12 -> pres | O60: =Tree_10!AO12 -> 0.058195592
J61: =RIGHT(LEFT(_xlfn.FORMULATEXT(K61),8),7) -> Tree_10 | K61: =Tree_10!AK13 -> 2 | L61: =Tree_10!AL13 -> mass > 29.650001 AND pres ≤ 6.5|mass ≤ 43 | M61: =Tree_10!AM13 -> mass ≤ 43 | N61: =Tree_10!AN13 -> mass | O61: =Tree_10!AO13 -> 0.053828582
J62: =RIGHT(LEFT(_xlfn.FORMULATEXT(K62),8),7) -> Tree_10 | K62: =Tree_10!AK14 -> 2 | L62: =Tree_10!AL14 -> mass > 29.650001 AND pres > 6.5|pedi ≤ 0.208 | M62: =Tree_10!AM14 -> pedi ≤ 0.208 | N62: =Tree_10!AN14 -> pedi | O62: =Tree_10!AO14 -> 0.050979055
J63: =RIGHT(LEFT(_xlfn.FORMULATEXT(K63),8),7) -> Tree_11 | K63: =Tree_11!AK9 -> 0 | L63: =Tree_11!AL9 -> mass ≤ 29.849999 | M63: =Tree_11!AM9 -> mass ≤ 29.849999 | N63: =Tree_11!AN9 -> mass | O63: =Tree_11!AO9 -> 0.050459392
J64: =RIGHT(LEFT(_xlfn.FORMULATEXT(K64),8),7) -> Tree_11 | K64: =Tree_11!AK10 -> 1 | L64: =Tree_11!AL10 -> mass ≤ 29.849999|pres ≤ 4.5 | M64: =Tree_11!AM10 -> pres ≤ 4.5 | N64: =Tree_11!AN10 -> pres | O64: =Tree_11!AO10 -> 0.019069698
J65: =RIGHT(LEFT(_xlfn.FORMULATEXT(K65),8),7) -> Tree_11 | K65: =Tree_11!AK11 -> 2 | L65: =Tree_11!AL11 -> mass ≤ 29.849999 AND pres ≤ 4.5|mass ≤ 25.45 | M65: =Tree_11!AM11 -> mass ≤ 25.45 | N65: =Tree_11!AN11 -> mass | O65: =Tree_11!AO11 -> 0.0042802114
J66: =RIGHT(LEFT(_xlfn.FORMULATEXT(K66),8),7) -> Tree_11 | K66: =Tree_11!AK12 -> 2 | L66: =Tree_11!AL12 -> mass ≤ 29.849999 AND pres > 4.5|pedi ≤ 0.261 | M66: =Tree_11!AM12 -> pedi ≤ 0.261 | N66: =Tree_11!AN12 -> pedi | O66: =Tree_11!AO12 -> 0.078097077
J67: =RIGHT(LEFT(_xlfn.FORMULATEXT(K67),8),7) -> Tree_11 | K67: =Tree_11!AK13 -> 1 | L67: =Tree_11!AL13 -> mass > 29.849999|age ≤ 179 | M67: =Tree_11!AM13 -> age ≤ 179 | N67: =Tree_11!AN13 -> age | O67: =Tree_11!AO13 -> 0.039493193
J68: =RIGHT(LEFT(_xlfn.FORMULATEXT(K68),8),7) -> Tree_11 | K68: =Tree_11!AK14 -> 2 | L68: =Tree_11!AL14 -> mass > 29.849999 AND age ≤ 179|pres ≤ 4.5 | M68: =Tree_11!AM14 -> pres ≤ 4.5 | N68: =Tree_11!AN14 -> pres | O68: =Tree_11!AO14 -> 0.038340494
J69: =RIGHT(LEFT(_xlfn.FORMULATEXT(K69),8),7) -> Tree_11 | K69: =Tree_11!AK15 -> 2 | L69: =Tree_11!AL15 -> mass > 29.849999 AND age > 179|mass ≤ 35.049999 | M69: =Tree_11!AM15 -> mass ≤ 35.049999 | N69: =Tree_11!AN15 -> mass | O69: =Tree_11!AO15 -> 0.023812673
J70: =RIGHT(LEFT(_xlfn.FORMULATEXT(K70),8),7) -> Tree_12 | K70: =Tree_12!AK9 -> 0 | L70: =Tree_12!AL9 -> plas ≤ 127.5 | M70: =Tree_12!AM9 -> plas ≤ 127.5 | N70: =Tree_12!AN9 -> plas | O70: =Tree_12!AO9 -> 0.11691654
J71: =RIGHT(LEFT(_xlfn.FORMULATEXT(K71),8),7) -> Tree_12 | K71: =Tree_12!AK10 -> 1 | L71: =Tree_12!AL10 -> plas ≤ 127.5|pres ≤ 5.5 | M71: =Tree_12!AM10 -> pres ≤ 5.5 | N71: =Tree_12!AN10 -> pres | O71: =Tree_12!AO10 -> 0.021810192
J72: =RIGHT(LEFT(_xlfn.FORMULATEXT(K72),8),7) -> Tree_12 | K72: =Tree_12!AK11 -> 2 | L72: =Tree_12!AL11 -> plas ≤ 127.5 AND pres ≤ 5.5|skin ≤ 79 | M72: =Tree_12!AM11 -> skin ≤ 79 | N72: =Tree_12!AN11 -> skin | O72: =Tree_12!AO11 -> 0.010875607
J73: =RIGHT(LEFT(_xlfn.FORMULATEXT(K73),8),7) -> Tree_12 | K73: =Tree_12!AK12 -> 2 | L73: =Tree_12!AL12 -> plas ≤ 127.5 AND pres > 5.5|pedi ≤ 0.2205 | M73: =Tree_12!AM12 -> pedi ≤ 0.2205 | N73: =Tree_12!AN12 -> pedi | O73: =Tree_12!AO12 -> 0.07026943
J74: =RIGHT(LEFT(_xlfn.FORMULATEXT(K74),8),7) -> Tree_12 | K74: =Tree_12!AK13 -> 1 | L74: =Tree_12!AL13 -> plas > 127.5|pedi ≤ 0.3165 | M74: =Tree_12!AM13 -> pedi ≤ 0.3165 | N74: =Tree_12!AN13 -> pedi | O74: =Tree_12!AO13 -> 0.053556024
J75: =RIGHT(LEFT(_xlfn.FORMULATEXT(K75),8),7) -> Tree_12 | K75: =Tree_12!AK14 -> 2 | L75: =Tree_12!AL14 -> plas > 127.5 AND pedi ≤ 0.3165|pedi ≤ 0.242 | M75: =Tree_12!AM14 -> pedi ≤ 0.242 | N75: =Tree_12!AN14 -> pedi | O75: =Tree_12!AO14 -> 0.081762501
J76: =RIGHT(LEFT(_xlfn.FORMULATEXT(K76),8),7) -> Tree_12 | K76: =Tree_12!AK15 -> 2 | L76: =Tree_12!AL15 -> plas > 127.5 AND pedi > 0.3165|plas ≤ 143.5 | M76: =Tree_12!AM15 -> plas ≤ 143.5 | N76: =Tree_12!AN15 -> plas | O76: =Tree_12!AO15 -> 0.027825203

Sheet Tree_01
A1: SampleIndex | B1: RowID | C1: preg | D1: plas | E1: pres | F1: skin | G1: insu | H1: mass | I1: pedi | J1: age | K1: class | L1: Tree 1 | M1: if_correct
A2: 1 | B2: 42 | C2: 7 | D2: 133 | E2: 84 | F2: 0 | G2: 0 | H2: 40.2 | I2: 0.696 | J2: 37 | K2: 0 | L2: =IF(J2<=42.5,IF(G2<=119.5,IF(C2<=2.5,0,0),IF(C2<=0.5,1,0)),IF(G2<=139.5,IF(J2<=55.5,1,0),1)) -> 0 | M2: =IF(L2=K2,1,0) -> 1 | O2: Overall n | P2: =COUNTA($K$2:$K$769) -> 537
A3: 2 | B3: 343 | C3: 1 | D3: 0 | E3: 68 | F3: 35 | G3: 0 | H3: 32 | I3: 0.389 | J3: 22 | K3: 0 | L3: =IF(J3<=42.5,IF(G3<=119.5,IF(C3<=2.5,0,0),IF(C3<=0.5,1,0)),IF(G3<=139.5,IF(J3<=55.5,1,0),1)) -> 0 | M3: =IF(L3=K3,1,0) -> 1 | O3: Overall n1 | P3: =SUM($K$2:$K$769) -> 168
A4: 3 | B4: 365 | C4: 4 | D4: 147 | E4: 74 | F4: 25 | G4: 293 | H4: 34.9 | I4: 0.385 | J4: 30 | K4: 0 | L4: =IF(J4<=42.5,IF(G4<=119.5,IF(C4<=2.5,0,0),IF(C4<=0.5,1,0)),IF(G4<=139.5,IF(J4<=55.5,1,0),1)) -> 0 | M4: =IF(L4=K4,1,0) -> 1 | O4: p1_parent | P4: =P3/P2 -> 0.31284916
A5: 4 | B5: 539 | C5: 0 | D5: 127 | E5: 80 | F5: 37 | G5: 210 | H5: 36.3 | I5: 0.804 | J5: 23 | K5: 0 | L5: =IF(J5<=42.5,IF(G5<=119.5,IF(C5<=2.5,0,0),IF(C5<=0.5,1,0)),IF(G5<=139.5,IF(J5<=55.5,1,0),1)) -> 1 | M5: =IF(L5=K5,1,0) -> 0 | O5: Gini_parent | P5: =2*P4*(1-P4) -> 0.42994913
A6: 5 | B6: 335 | C6: 1 | D6: 95 | E6: 60 | F6: 18 | G6: 58 | H6: 23.9 | I6: 0.26 | J6: 22 | K6: 0 | L6: =IF(J6<=42.5,IF(G6<=119.5,IF(C6<=2.5,0,0),IF(C6<=0.5,1,0)),IF(G6<=139.5,IF(J6<=55.5,1,0),1)) -> 0 | M6: =IF(L6=K6,1,0) -> 1
A7: 6 | B7: 424 | C7: 2 | D7: 115 | E7: 64 | F7: 22 | G7: 0 | H7: 30.8 | I7: 0.421 | J7: 21 | K7: 0 | L7: =IF(J7<=42.5,IF(G7<=119.5,IF(C7<=2.5,0,0),IF(C7<=0.5,1,0)),IF(G7<=139.5,IF(J7<=55.5,1,0),1)) -> 0 | M7: =IF(L7=K7,1,0) -> 1 | AA7: A) Node-level lift / separation | AW7: =IF(AU7=0,"", AV7/AU7) | AX7: =IF(AW7="","", AW7/$P$4) | AY7: =IF(AW7="","", MAX(AW7, 1-AW7)) | AZ7: =$Z$9 + $Z$10 + $Z$11 -> 0.21212315 | BA7: =IF($P$3=0,"", AV7/$P$3) -> 0
A8: 7 | B8: 118 | C8: 5 | D8: 78 | E8: 48 | F8: 0 | G8: 0 | H8: 33.7 | I8: 0.654 | J8: 25 | K8: 0 | L8: =IF(J8<=42.5,IF(G8<=119.5,IF(C8<=2.5,0,0),IF(C8<=0.5,1,0)),IF(G8<=139.5,IF(J8<=55.5,1,0),1)) -> 0 | M8: =IF(L8=K8,1,0) -> 1 | O8: Split | P8: nL | Q8: n1L | R8: nR | S8: n1R | T8: pL | U8: pR | V8: Gini_L | W8: Gini_R | X8: Gini_split | Y8: Gain | Z8: Weighted Gain (for importance) | AA8: n_parent (node size) | AB8: n1_parent | AC8: Gini_parent_node | AD8: Lift_L | AE8: Lift_R | AF8: Separation | AG8: Sharpness_L | AH8: Sharpness_R | AI8: Conf_L | AJ8: Conf_R | AK8: Count how many " AND " appear in the Split text | AL8: Replace the last " AND " with a marker | AN8: Get the split variable name for this node | AO8: Gain | AW8: =IF(AU8=0,"", AV8/AU8) | AX8: =IF(AW8="","", AW8/$P$4) | AY8: =IF(AW8="","", MAX(AW8, 1-AW8)) | AZ8: =$Z$9 + $Z$10 + $Z$11 -> 0.21212315 | BA8: =IF($P$3=0,"", AV8/$P$3) -> 0
A9: 8 | B9: 344 | C9: 5 | D9: 122 | E9: 86 | F9: 0 | G9: 0 | H9: 34.7 | I9: 0.29 | J9: 33 | K9: 0 | L9: =IF(J9<=42.5,IF(G9<=119.5,IF(C9<=2.5,0,0),IF(C9<=0.5,1,0)),IF(G9<=139.5,IF(J9<=55.5,1,0),1)) -> 0 | M9: =IF(L9=K9,1,0) -> 1 | N9: =LEFT(O9, FIND(" ", O9)-1) -> age | O9: age ≤ 42.5 | P9: =COUNTIFS($J$2:$J$769,"<=42.5") -> 440 | Q9: =COUNTIFS($J$2:$J$769,"<=42.5",$K$2:$K$769,1) -> 111 | R9: =$P$2-P9 -> 97 | S9: =$P$3-Q9 -> 57 | T9: =IF(P9=0,"",Q9/P9) -> 0.25227273 | U9: =IF(R9=0,"",S9/R9) -> 0.58762887 | V9: =IF(T9="","",2*T9*(1-T9)) -> 0.3772624 | W9: =IF(U9="","",2*U9*(1-U9)) -> 0.48464236 | X9: =IF(OR(V9="",W9=""),"", (P9/$P$2)*V9 + (R9/$P$2)*W9) -> 0.39665878 | Y9: =IF(X9="","",$P$5 - X9) -> 0.03329035 | Z9: =IF(Y9="","",(P9+R9)/$P$2 * Y9) -> 0.03329035 | AD9: =IF(OR(T9="",$P$4=0),"", T9/$P$4) -> 0.80637175 | AE9: =IF(OR(U9="",$P$4=0),"", U9/$P$4) -> 1.8783137 | AF9: =IF(OR(T9="",U9=""),"", ABS(T9-U9)) -> 0.33535614 | AG9: =IF(V9="","", 1 - V9) -> 0.6227376 | AH9: =IF(W9="","", 1 - W9) -> 0.51535764 | AI9: =IF(T9="","", MAX(T9,1-T9)) -> 0.74772727 | AJ9: =IF(U9="","", MAX(U9,1-U9)) -> 0.58762887 | AK9: =(LEN($O9)-LEN(SUBSTITUTE($O9," AND ","")))/5 -> 0 | AL9: =IF(AK9=0, $O9, SUBSTITUTE($O9," AND ","|", AK9)) -> age ≤ 42.5 | AM9: =IF(AK9=0, AL9, TRIM(MID(AL9, FIND("|",AL9)+1, 999))) -> age ≤ 42.5 | AN9: =LEFT(AM9, FIND(" ", AM9 & " ") - 1) -> age | AO9: =Y9 -> 0.03329035
A10: 9 | B10: 672 | C10: 1 | D10: 99 | E10: 58 | F10: 10 | G10: 0 | H10: 25.4 | I10: 0.551 | J10: 21 | K10: 0 | L10: =IF(J10<=42.5,IF(G10<=119.5,IF(C10<=2.5,0,0),IF(C10<=0.5,1,0)),IF(G10<=139.5,IF(J10<=55.5,1,0),1)) -> 0 | M10: =IF(L10=K10,1,0) -> 1 | N10: =LEFT(O10, FIND(" ", O10)-1) -> age | O10: age ≤ 42.5 AND insu ≤ 119.5 | P10: =COUNTIFS($J$2:$J$769,"<=42.5",$G$2:$G$769,"<=119.5") -> 332 | Q10: =COUNTIFS($J$2:$J$769,"<=42.5", $G$2:$G$769,"<=119.5", $K$2:$K$769,1) -> 66 | R10: =COUNTIFS($J$2:$J$769,"<=42.5",$G$2:$G$769,">119.5") -> 108 | S10: =COUNTIFS($J$2:$J$769,"<=42.5", $G$2:$G$769,">119.5", $K$2:$K$769,1) -> 45 | T10: =IF(P10=0,"",Q10/P10) -> 0.19879518 | U10: =IF(R10=0,"",S10/R10) -> 0.41666667 | V10: =IF(T10="","",2*T10*(1-T10)) -> 0.31855131 | W10: =IF(U10="","",2*U10*(1-U10)) -> 0.48611111 | X10: =IF(OR(V10="",W10=""),"", (P10/$P$2)*V10 + (R10/$P$2)*W10) -> 0.29470956 | Y10: =IF(X10="","",$P$5 - X10) -> 0.13523956 | Z10: =IF(Y10="","",(P10+R10)/$P$2 * Y10) -> 0.11081082 | AA10: =P10+R10 -> 440 | AB10: =Q10+S10 -> 111 | AC10: =IF(AA10=0,"",2*(AB10/AA10)*(1-AB10/AA10)) -> 0.3772624 | AD10: =IF(OR(T10="",$P$4=0),"", T10/$P$4) -> 0.6354346 | AE10: =IF(OR(U10="",$P$4=0),"", U10/$P$4) -> 1.3318452 | AF10: =IF(OR(T10="",U10=""),"", ABS(T10-U10)) -> 0.21787149 | AG10: =IF(V10="","", 1 - V10) -> 0.68144869 | AH10: =IF(W10="","", 1 - W10) -> 0.51388889 | AI10: =IF(T10="","", MAX(T10,1-T10)) -> 0.80120482 | AJ10: =IF(U10="","", MAX(U10,1-U10)) -> 0.58333333 | AK10: =(LEN($O10)-LEN(SUBSTITUTE($O10," AND ","")))/5 -> 1 | AL10: =IF(AK10=0, $O10, SUBSTITUTE($O10," AND ","|", AK10)) -> age ≤ 42.5|insu ≤ 119.5 | AM10: =IF(AK10=0, AL10, TRIM(MID(AL10, FIND("|",AL10)+1, 999))) -> insu ≤ 119.5 | AN10: =LEFT(AM10, FIND(" ", AM10 & " ") - 1) -> insu | AO10: =Y10 -> 0.13523956
A11: 10 | B11: 334 | C11: 12 | D11: 106 | E11: 80 | F11: 0 | G11: 0 | H11: 23.6 | I11: 0.137 | J11: 44 | K11: 0 | L11: =IF(J11<=42.5,IF(G11<=119.5,IF(C11<=2.5,0,0),IF(C11<=0.5,1,0)),IF(G11<=139.5,IF(J11<=55.5,1,0),1)) -> 1 | M11: =IF(L11=K11,1,0) -> 0 | N11: =LEFT(O11, FIND(" ", O11)-1) -> age | O11: age ≤ 42.5 AND insu > 119.5 AND preg ≤ 0.5 | P11: =COUNTIFS($J$2:$J$769,"<=42.5",$G$2:$G$769,">119.5",$C$2:$C$769,"<=0.5") -> 23 | Q11: =COUNTIFS($J$2:$J$769,"<=42.5",$G$2:$G$769,">119.5",$C$2:$C$769,"<=0.5",$K$2:$K$769,1) -> 15 | R11: =COUNTIFS($J$2:$J$769,"<=42.5", $G$2:$G$769,">119.5",$C$2:$C$769,">0.5") -> 85 | S11: =COUNTIFS($J$2:$J$769,"<=42.5", $G$2:$G$769,">119.5", $C$2:$C$769,">0.5", $K$2:$K$769,1) -> 30 | T11: =IF(P11=0,"",Q11/P11) -> 0.65217391 | U11: =IF(R11=0,"",S11/R11) -> 0.35294118 | V11: =IF(T11="","",2*T11*(1-T11)) -> 0.4536862 | W11: =IF(U11="","",2*U11*(1-U11)) -> 0.4567474 | X11: =IF(OR(V11="",W11=""),"", (P11/$P$2)*V11 + (R11/$P$2)*W11) -> 0.0917287 | Y11: =IF(X11="","",$P$5 - X11) -> 0.33822043 | Z11: =IF(Y11="","",(P11+R11)/$P$2 * Y11) -> 0.068021985 | AA11: =P11 + R11 -> 108 | AB11: =Q11 + S11 -> 45 | AC11: =IF(AA11=0,"", 2*(AB11/AA11)*(1 - AB11/AA11)) -> 0.48611111 | AD11: =IF(OR(T11="",$P$4=0),"", T11/$P$4) -> 2.0846273 | AE11: =IF(OR(U11="",$P$4=0),"", U11/$P$4) -> 1.1281513 | AF11: =IF(OR(T11="",U11=""),"", ABS(T11-U11)) -> 0.29923274 | AG11: =IF(V11="","", 1 - V11) -> 0.5463138 | AH11: =IF(W11="","", 1 - W11) -> 0.5432526 | AI11: =IF(T11="","", MAX(T11,1-T11)) -> 0.65217391 | AJ11: =IF(U11="","", MAX(U11,1-U11)) -> 0.64705882 | AK11: =(LEN($O11)-LEN(SUBSTITUTE($O11," AND ","")))/5 -> 2 | AL11: =IF(AK11=0, $O11, SUBSTITUTE($O11," AND ","|", AK11)) -> age ≤ 42.5 AND insu > 119.5|preg ≤ 0.5 | AM11: =IF(AK11=0, AL11, TRIM(MID(AL11, FIND("|",AL11)+1, 999))) -> preg ≤ 0.5 | AN11: =LEFT(AM11, FIND(" ", AM11 & " ") - 1) -> preg | AO11: =Y11 -> 0.33822043
A12: 11 | B12: 710 | C12: 2 | D12: 93 | E12: 64 | F12: 32 | G12: 160 | H12: 38 | I12: 0.674 | J12: 23 | K12: 1 | L12: =IF(J12<=42.5,IF(G12<=119.5,IF(C12<=2.5,0,0),IF(C12<=0.5,1,0)),IF(G12<=139.5,IF(J12<=55.5,1,0),1)) -> 0 | M12: =IF(L12=K12,1,0) -> 0 | N12: =LEFT(O12, FIND(" ", O12)-1) -> age | O12: age > 42.5 AND insu ≤ 139.5 | P12: =COUNTIFS($J$2:$J$769,">42.5",$G$2:$G$769,"<=139.5") -> 73 | Q12: =COUNTIFS($J$2:$J$769,">42.5", $G$2:$G$769,"<=139.5", $K$2:$K$769,1) -> 35 | R12: =COUNTIFS($J$2:$J$769,">42.5",$G$2:$G$769,">139.5") -> 24 | S12: =COUNTIFS($J$2:$J$769,">42.5", $G$2:$G$769,">139.5", $K$2:$K$769,1) -> 22 | T12: =IF(P12=0,"",Q12/P12) -> 0.47945205 | U12: =IF(R12=0,"",S12/R12) -> 0.91666667 | V12: =IF(T12="","",2*T12*(1-T12)) -> 0.49915556 | W12: =IF(U12="","",2*U12*(1-U12)) -> 0.15277778 | X12: =IF(OR(V12="",W12=""),"", (P12/$P$2)*V12 + (R12/$P$2)*W12) -> 0.074683469 | Y12: =IF(X12="","",$P$5 - X12) -> 0.35526566 | Z12: =IF(Y12="","",(P12+R12)/$P$2 * Y12) -> 0.064172754 | AA12: =P12 + R12 -> 97 | AB12: =Q12 + S12 -> 57 | AC12: =IF(AA12=0,"", 2*(AB12/AA12)*(1 - AB12/AA12)) -> 0.48464236 | AD12: =IF(OR(T12="",$P$4=0),"", T12/$P$4) -> 1.5325342 | AE12: =IF(OR(U12="",$P$4=0),"", U12/$P$4) -> 2.9300595 | AF12: =IF(OR(T12="",U12=""),"", ABS(T12-U12)) -> 0.43721461 | AG12: =IF(V12="","", 1 - V12) -> 0.50084444 | AH12: =IF(W12="","", 1 - W12) -> 0.84722222 | AI12: =IF(T12="","", MAX(T12,1-T12)) -> 0.52054795 | AJ12: =IF(U12="","", MAX(U12,1-U12)) -> 0.91666667 | AK12: =(LEN($O12)-LEN(SUBSTITUTE($O12," AND ","")))/5 -> 1 | AL12: =IF(AK12=0, $O12, SUBSTITUTE($O12," AND ","|", AK12)) -> age > 42.5|insu ≤ 139.5 | AM12: =IF(AK12=0, AL12, TRIM(MID(AL12, FIND("|",AL12)+1, 999))) -> insu ≤ 139.5 | AN12: =LEFT(AM12, FIND(" ", AM12 & " ") - 1) -> insu | AO12: =Y12 -> 0.35526566
A13: 12 | B13: 373 | C13: 0 | D13: 84 | E13: 64 | F13: 22 | G13: 66 | H13: 35.8 | I13: 0.545 | J13: 21 | K13: 0 | L13: =IF(J13<=42.5,IF(G13<=119.5,IF(C13<=2.5,0,0),IF(C13<=0.5,1,0)),IF(G13<=139.5,IF(J13<=55.5,1,0),1)) -> 0 | M13: =IF(L13=K13,1,0) -> 1 | N13: =LEFT(O13, FIND(" ", O13)-1) -> age | O13: age > 42.5 AND insu ≤ 139.5 AND age ≤ 55.5 | P13: =COUNTIFS($J$2:$J$769,">42.5", $G$2:$G$769,"<=139.5", $J$2:$J$769,"<=55.5") -> 45 | Q13: =COUNTIFS($J$2:$J$769,">42.5",$G$2:$G$769,"<=139.5", $J$2:$J$769,"<=55.5", $K$2:$K$769,1) -> 27 | R13: =COUNTIFS($J$2:$J$769,">42.5", $G$2:$G$769,"<=139.5", $J$2:$J$769,">55.5") -> 28 | S13: =COUNTIFS($J$2:$J$769,">42.5", $G$2:$G$769,"<=139.5", $J$2:$J$769,">55.5", $K$2:$K$769,1) -> 8 | T13: =IF(P13=0,"",Q13/P13) -> 0.6 | U13: =IF(R13=0,"",S13/R13) -> 0.28571429 | V13: =IF(T13="","",2*T13*(1-T13)) -> 0.48 | W13: =IF(U13="","",2*U13*(1-U13)) -> 0.40816327 | X13: =IF(OR(V13="",W13=""),"", (P13/$P$2)*V13 + (R13/$P$2)*W13) -> 0.06150572 | Y13: =IF(X13="","",$P$5 - X13) -> 0.36844341 | Z13: =IF(Y13="","",(P13+R13)/$P$2 * Y13) -> 0.050086348 | AA13: =P13 + R13 -> 73 | AB13: =Q13 + S13 -> 35 | AC13: =IF(AA13=0,"", 2*(AB13/AA13)*(1 - AB13/AA13)) -> 0.49915556 | AD13: =IF(OR(T13="",$P$4=0),"", T13/$P$4) -> 1.9178571 | AE13: =IF(OR(U13="",$P$4=0),"", U13/$P$4) -> 0.91326531 | AF13: =IF(OR(T13="",U13=""),"", ABS(T13-U13)) -> 0.31428571 | AG13: =IF(V13="","", 1 - V13) -> 0.52 | AH13: =IF(W13="","", 1 - W13) -> 0.59183673 | AI13: =IF(T13="","", MAX(T13,1-T13)) -> 0.6 | AJ13: =IF(U13="","", MAX(U13,1-U13)) -> 0.71428571 | AK13: =(LEN($O13)-LEN(SUBSTITUTE($O13," AND ","")))/5 -> 2 | AL13: =IF(AK13=0, $O13, SUBSTITUTE($O13," AND ","|", AK13)) -> age > 42.5 AND insu ≤ 139.5|age ≤ 55.5 | AM13: =IF(AK13=0, AL13, TRIM(MID(AL13, FIND("|",AL13)+1, 999))) -> age ≤ 55.5 | AN13: =LEFT(AM13, FIND(" ", AM13 & " ") - 1) -> age | AO13: =Y13 -> 0.36844341
A14: 13 | B14: 759 | C14: 1 | D14: 106 | E14: 76 | F14: 0 | G14: 0 | H14: 37.5 | I14: 0.197 | J14: 26 | K14: 0 | L14: =IF(J14<=42.5,IF(G14<=119.5,IF(C14<=2.5,0,0),IF(C14<=0.5,1,0)),IF(G14<=139.5,IF(J14<=55.5,1,0),1)) -> 0 | M14: =IF(L14=K14,1,0) -> 1
A15: 14 | B15: 185 | C15: 4 | D15: 141 | E15: 74 | F15: 0 | G15: 0 | H15: 27.6 | I15: 0.244 | J15: 40 | K15: 0 | L15: =IF(J15<=42.5,IF(G15<=119.5,IF(C15<=2.5,0,0),IF(C15<=0.5,1,0)),IF(G15<=139.5,IF(J15<=55.5,1,0),1)) -> 0 | M15: =IF(L15=K15,1,0) -> 1
A16: 15 | B16: 202 | C16: 1 | D16: 138 | E16: 82 | F16: 0 | G16: 0 | H16: 40.1 | I16: 0.236 | J16: 28 | K16: 0 | L16: =IF(J16<=42.5,IF(G16<=119.5,IF(C16<=2.5,0,0),IF(C16<=0.5,1,0)),IF(G16<=139.5,IF(J16<=55.5,1,0),1)) -> 0 | M16: =IF(L16=K16,1,0) -> 1
A17: 16 | B17: 479 | C17: 8 | D17: 126 | E17: 74 | F17: 38 | G17: 75 | H17: 25.9 | I17: 0.162 | J17: 39 | K17: 0 | L17: =IF(J17<=42.5,IF(G17<=119.5,IF(C17<=2.5,0,0),IF(C17<=0.5,1,0)),IF(G17<=139.5,IF(J17<=55.5,1,0),1)) -> 0 | M17: =IF(L17=K17,1,0) -> 1
A18: 17 | B18: 603 | C18: 1 | D18: 124 | E18: 74 | F18: 36 | G18: 0 | H18: 27.8 | I18: 0.1 | J18: 30 | K18: 0 | L18: =IF(J18<=42.5,IF(G18<=119.5,IF(C18<=2.5,0,0),IF(C18<=0.5,1,0)),IF(G18<=139.5,IF(J18<=55.5,1,0),1)) -> 0 | M18: =IF(L18=K18,1,0) -> 1
A19: 18 | B19: 386 | C19: 1 | D19: 119 | E19: 54 | F19: 13 | G19: 50 | H19: 22.3 | I19: 0.205 | J19: 24 | K19: 0 | L19: =IF(J19<=42.5,IF(G19<=119.5,IF(C19<=2.5,0,0),IF(C19<=0.5,1,0)),IF(G19<=139.5,IF(J19<=55.5,1,0),1)) -> 0 | M19: =IF(L19=K19,1,0) -> 1
A20: 19 | B20: 642 | C20: 4 | D20: 128 | E20: 70 | F20: 0 | G20: 0 | H20: 34.3 | I20: 0.303 | J20: 24 | K20: 0 | L20: =IF(J20<=42.5,IF(G20<=119.5,IF(C20<=2.5,0,0),IF(C20<=0.5,1,0)),IF(G20<=139.5,IF(J20<=55.5,1,0),1)) -> 0 | M20: =IF(L20=K20,1,0) -> 1
A21: 20 | B21: 298 | C21: 0 | D21: 126 | E21: 84 | F21: 29 | G21: 215 | H21: 30.7 | I21: 0.52 | J21: 24 | K21: 0 | L21: =IF(J21<=42.5,IF(G21<=119.5,IF(C21<=2.5,0,0),IF(C21<=0.5,1,0)),IF(G21<=139.5,IF(J21<=55.5,1,0),1)) -> 1 | M21: =IF(L21=K21,1,0) -> 0
A22: 21 | B22: 161 | C22: 4 | D22: 151 | E22: 90 | F22: 38 | G22: 0 | H22: 29.7 | I22: 0.294 | J22: 36 | K22: 0 | L22: =IF(J22<=42.5,IF(G22<=119.5,IF(C22<=2.5,0,0),IF(C22<=0.5,1,0)),IF(G22<=139.5,IF(J22<=55.5,1,0),1)) -> 0 | M22: =IF(L22=K22,1,0) -> 1
A23: 22 | B23: 499 | C23: 7 | D23: 195 | E23: 70 | F23: 33 | G23: 145 | H23: 25.1 | I23: 0.163 | J23: 55 | K23: 1 | L23: =IF(J23<=42.5,IF(G23<=119.5,IF(C23<=2.5,0,0),IF(C23<=0.5,1,0)),IF(G23<=139.5,IF(J23<=55.5,1,0),1)) -> 1 | M23: =IF(L23=K23,1,0) -> 1
A24: 23 | B24: 148 | C24: 2 | D24: 106 | E24: 64 | F24: 35 | G24: 119 | H24: 30.5 | I24: 1.4 | J24: 34 | K24: 0 | L24: =IF(J24<=42.5,IF(G24<=119.5,IF(C24<=2.5,0,0),IF(C24<=0.5,1,0)),IF(G24<=139.5,IF(J24<=55.5,1,0),1)) -> 0 | M24: =IF(L24=K24,1,0) -> 1
A25: 24 | B25: 404 | C25: 9 | D25: 72 | E25: 78 | F25: 25 | G25: 0 | H25: 31.6 | I25: 0.28 | J25: 38 | K25: 0 | L25: =IF(J25<=42.5,IF(G25<=119.5,IF(C25<=2.5,0,0),IF(C25<=0.5,1,0)),IF(G25<=139.5,IF(J25<=55.5,1,0),1)) -> 0 | M25: =IF(L25=K25,1,0) -> 1
... A45: 44 | B45: 32 | C45: 3 | D45: 158 | E45: 76 | F45: 36 | G45: 245 | H45: 31.6 | I45: 0.851 | J45: 28 | K45: 1 | L45: =IF(J45<=42.5,IF(G45<=119.5,IF(C45<=2.5,0,0),IF(C45<=0.5,1,0)),IF(G45<=139.5,IF(J45<=55.5,1,0),1)) -> 0 | M45: =IF(L45=K45,1,0) -> 0
A46: 45 | B46: 452 | C46: 2 | D46: 134 | E46: 70 | F46: 0 | G46: 0 | H46: 28.9 | I46: 0.542 | J46: 23 | K46: 1 | L46: =IF(J46<=42.5,IF(G46<=119.5,IF(C46<=2.5,0,0),IF(C46<=0.5,1,0)),IF(G46<=139.5,IF(J46<=55.5,1,0),1)) -> 0 | M46: =IF(L46=K46,1,0) -> 0 | O46: Row 9: root split (age ≤ 42.5)
A47: 46 | B47: 343 | C47: 1 | D47: 0 | E47: 68 | F47: 35 | G47: 0 | H47: 32 | I47: 0.389 | J47: 22 | K47: 0 | L47: =IF(J47<=42.5,IF(G47<=119.5,IF(C47<=2.5,0,0),IF(C47<=0.5,1,0)),IF(G47<=139.5,IF(J47<=55.5,1,0),1)) -> 0 | M47: =IF(L47=K47,1,0) -> 1 | O47: Row 10: left split (insu ≤ 119.5)
A48: 47 | B48: 54 | C48: 8 | D48: 176 | E48: 90 | F48: 34 | G48: 300 | H48: 33.7 | I48: 0.467 | J48: 58 | K48: 1 | L48: =IF(J48<=42.5,IF(G48<=119.5,IF(C48<=2.5,0,0),IF(C48<=0.5,1,0)),IF(G48<=139.5,IF(J48<=55.5,1,0),1)) -> 1 | M48: =IF(L48=K48,1,0) -> 1 | O48: Row 11: left-right split (preg ≤ 0.5)
A49: 48 | B49: 554 | C49: 1 | D49: 88 | E49: 62 | F49: 24 | G49: 44 | H49: 29.9 | I49: 0.422 | J49: 23 | K49: 0 | L49: =IF(J49<=42.5,IF(G49<=119.5,IF(C49<=2.5,0,0),IF(C49<=0.5,1,0)),IF(G49<=139.5,IF(J49<=55.5,1,0),1)) -> 0 | M49: =IF(L49=K49,1,0) -> 1 | O49: Row 12: right split (insu ≤ 139.5)
A50: 49 | B50: 345 | C50: 8 | D50: 95 | E50: 72 | F50: 0 | G50: 0 | H50: 36.8 | I50: 0.485 | J50: 57 | K50: 0 | L50: =IF(J50<=42.5,IF(G50<=119.5,IF(C50<=2.5,0,0),IF(C50<=0.5,1,0)),IF(G50<=139.5,IF(J50<=55.5,1,0),1)) -> 0 | M50: =IF(L50=K50,1,0) -> 1 | O50: Row 13: right-left split (age ≤ 55.5)
A51: 50 | B51: 493 | C51: 4 | D51: 99 | E51: 68 | F51: 38 | G51: 0 | H51: 32.8 | I51: 0.145 | J51: 33 | K51: 0 | L51: =IF(J51<=42.5,IF(G51<=119.5,IF(C51<=2.5,0,0),IF(C51<=0.5,1,0)),IF(G51<=139.5,IF(J51<=55.5,1,0),1)) -> 0 | M51: =IF(L51=K51,1,0) -> 1
A52: 51 | B52: 234 | C52: 4 | D52: 122 | E52: 68 | F52: 0 | G52: 0 | H52: 35 | I52: 0.394 | J52: 29 | K52: 0 | L52: =IF(J52<=42.5,IF(G52<=119.5,IF(C52<=2.5,0,0),IF(C52<=0.5,1,0)),IF(G52<=139.5,IF(J52<=55.5,1,0),1)) -> 0 | M52: =IF(L52=K52,1,0) -> 1
A53: 52 | B53: 122 | C53: 6 | D53: 111 | E53: 64 | F53: 39 | G53: 0 | H53: 34.2 | I53: 0.26 | J53: 24 | K53: 0 | L53: =IF(J53<=42.5,IF(G53<=119.5,IF(C53<=2.5,0,0),IF(C53<=0.5,1,0)),IF(G53<=139.5,IF(J53<=55.5,1,0),1)) -> 0 | M53: =IF(L53=K53,1,0) -> 1
A54: 53 | B54: 17 | C54: 0 | D54: 118 | E54: 84 | F54: 47 | G54: 230 | H54: 45.8 | I54: 0.551 | J54: 31 | K54: 1 | L54: =IF(J54<=42.5,IF(G54<=119.5,IF(C54<=2.5,0,0),IF(C54<=0.5,1,0)),IF(G54<=139.5,IF(J54<=55.5,1,0),1)) -> 1 | M54: =IF(L54=K54,1,0) -> 1
A55: 54 | B55: 93 | C55: 7 | D55: 81 | E55: 78 | F55: 40 | G55: 48 | H55: 46.7 | I55: 0.261 | J55: 42 | K55: 0 | L55: =IF(J55<=42.5,IF(G55<=119.5,IF(C55<=2.5,0,0),IF(C55<=0.5,1,0)),IF(G55<=139.5,IF(J55<=55.5,1,0),1)) -> 0 | M55: =IF(L55=K55,1,0) -> 1
A56: 55 | B56: 623 | C56: 6 | D56: 183 | E56: 94 | F56: 0 | G56: 0 | H56: 40.8 | I56: 1.461 | J56: 45 | K56: 0 | L56: =IF(J56<=42.5,IF(G56<=119.5,IF(C56<=2.5,0,0),IF(C56<=0.5,1,0)),IF(G56<=139.5,IF(J56<=55.5,1,0),1)) -> 1 | M56: =IF(L56=K56,1,0) -> 0
A57: 56 | B57: 168 | C57: 4 | D57: 120 | E57: 68 | F57: 0 | G57: 0 | H57: 29.6 | I57: 0.709 | J57: 34 | K57: 0 | L57: =IF(J57<=42.5,IF(G57<=119.5,IF(C57<=2.5,0,0),IF(C57<=0.5,1,0)),IF(G57<=139.5,IF(J57<=55.5,1,0),1)) -> 0 | M57: =IF(L57=K57,1,0) -> 1
A58: 57 | B58: 440 | C58: 6 | D58: 107 | E58: 88 | F58: 0 | G58: 0 | H58: 36.8 | I58: 0.727 | J58: 31 | K58: 0 | L58: =IF(J58<=42.5,IF(G58<=119.5,IF(C58<=2.5,0,0),IF(C58<=0.5,1,0)),IF(G58<=139.5,IF(J58<=55.5,1,0),1)) -> 0 | M58: =IF(L58=K58,1,0) -> 1
A59: 58 | B59: 121 | C59: 0 | D59: 162 | E59: 76 | F59: 56 | G59: 100 | H59: 53.2 | I59: 0.759 | J59: 25 | K59: 1 | L59: =IF(J59<=42.5,IF(G59<=119.5,IF(C59<=2.5,0,0),IF(C59<=0.5,1,0)),IF(G59<=139.5,IF(J59<=55.5,1,0),1)) -> 0 | M59: =IF(L59=K59,1,0) -> 0
A60: 59 | B60: 286 | C60: 7 | D60: 136 | E60: 74 | F60: 26 | G60: 135 | H60: 26 | I60: 0.647 | J60: 51 | K60: 0 | L60: =IF(J60<=42.5,IF(G60<=119.5,IF(C60<=2.5,0,0),IF(C60<=0.5,1,0)),IF(G60<=139.5,IF(J60<=55.5,1,0),1)) -> 1 | M60: =IF(L60=K60,1,0) -> 0
A61: 60 | B61: 462 | C61: 1 | D61: 71 | E61: 62 | F61: 0 | G61: 0 | H61: 21.8 | I61: 0.416 | J61: 26 | K61: 0 | L61: =IF(J61<=42.5,IF(G61<=119.5,IF(C61<=2.5,0,0),IF(C61<=0.5,1,0)),IF(G61<=139.5,IF(J61<=55.5,1,0),1)) -> 0 | M61: =IF(L61=K61,1,0) -> 1
A62: 61 | B62: 258 | C62: 2 | D62: 114 | E62: 68 | F62: 22 | G62: 0 | H62: 28.7 | I62: 0.092 | J62: 25 | K62: 0 | L62: =IF(J62<=42.5,IF(G62<=119.5,IF(C62<=2.5,0,0),IF(C62<=0.5,1,0)),IF(G62<=139.5,IF(J62<=55.5,1,0),1)) -> 0 | M62: =IF(L62=K62,1,0) -> 1
... A538: 537 | B538: 373 | C538: 0 | D538: 84 | E538: 64 | F538: 22 | G538: 66 | H538: 35.8 | I538: 0.545 | J538: 21 | K538: 0 | L538: =IF(J538<=42.5,IF(G538<=119.5,IF(C538<=2.5,0,0),IF(C538<=0.5,1,0)),IF(G538<=139.5,IF(J538<=55.5,1,0),1)) -> 0 | M538: =IF(L538=K538,1,0) -> 1

Sheet Tree_02
A1: SampleIndex | B1: RowID | C1: preg | D1: plas | E1: pres | F1: skin | G1: insu | H1: mass | I1: pedi | J1: age | K1: class | L1: Tree 2 | M1: if_correct
A2: 1 | B2: 267 | C2: 0 | D2: 138 | E2: 0 | F2: 0 | G2: 0 | H2: 36.3 | I2: 0.933 | J2: 25 | K2: 1 | L2: =IF(J2<=30.5,IF(H2<=36.25,IF(J2<=26.5,0,0),IF(H2<=42.75,0,1)),IF(H2<=27.45,IF(H2<=24.8,0,0),IF(J2<=42.5,1,1))) -> 0 | M2: =IF(L2=K2,1,0) -> 0 | O2: Overall n | P2: =COUNTA($K$2:$K$769) -> 537
A3: 2 | B3: 290 | C3: 5 | D3: 108 | E3: 72 | F3: 43 | G3: 75 | H3: 36.1 | I3: 0.263 | J3: 33 | K3: 0 | L3: =IF(J3<=30.5,IF(H3<=36.25,IF(J3<=26.5,0,0),IF(H3<=42.75,0,1)),IF(H3<=27.45,IF(H3<=24.8,0,0),IF(J3<=42.5,1,1))) -> 1 | M3: =IF(L3=K3,1,0) -> 0 | O3: Overall n1 | P3: =SUM($K$2:$K$769) -> 197
A4: 3 | B4: 177 | C4: 6 | D4: 85 | E4: 78 | F4: 0 | G4: 0 | H4: 31.2 | I4: 0.382 | J4: 42 | K4: 0 | L4: =IF(J4<=30.5,IF(H4<=36.25,IF(J4<=26.5,0,0),IF(H4<=42.75,0,1)),IF(H4<=27.45,IF(H4<=24.8,0,0),IF(J4<=42.5,1,1))) -> 1 | M4: =IF(L4=K4,1,0) -> 0 | O4: p1_parent | P4: =P3/P2 -> 0.36685289
A5: 4 | B5: 257 | C5: 3 | D5: 111 | E5: 56 | F5: 39 | G5: 0 | H5: 30.1 | I5: 0.557 | J5: 30 | K5: 0 | L5: =IF(J5<=30.5,IF(H5<=36.25,IF(J5<=26.5,0,0),IF(H5<=42.75,0,1)),IF(H5<=27.45,IF(H5<=24.8,0,0),IF(J5<=42.5,1,1))) -> 0 | M5: =IF(L5=K5,1,0) -> 1 | O5: Gini_parent | P5: =2*P4*(1-P4) -> 0.46454369
A6: 5 | B6: 455 | C6: 2 | D6: 100 | E6: 54 | F6: 28 | G6: 105 | H6: 37.8 | I6: 0.498 | J6: 24 | K6: 0 | L6: =IF(J6<=30.5,IF(H6<=36.25,IF(J6<=26.5,0,0),IF(H6<=42.75,0,1)),IF(H6<=27.45,IF(H6<=24.8,0,0),IF(J6<=42.5,1,1))) -> 0 | M6: =IF(L6=K6,1,0) -> 1
A7: 6 | B7: 469 | C7: 8 | D7: 120 | E7: 0 | F7: 0 | G7: 0 | H7: 30 | I7: 0.183 | J7: 38 | K7: 1 | L7: =IF(J7<=30.5,IF(H7<=36.25,IF(J7<=26.5,0,0),IF(H7<=42.75,0,1)),IF(H7<=27.45,IF(H7<=24.8,0,0),IF(J7<=42.5,1,1))) -> 1 | M7: =IF(L7=K7,1,0) -> 1 | AA7: A) Node-level lift / separation
A8: 7 | B8: 392 | C8: 5 | D8: 166 | E8: 76 | F8: 0 | G8: 0 | H8: 45.7 | I8: 0.34 | J8: 27 | K8: 1 | L8: =IF(J8<=30.5,IF(H8<=36.25,IF(J8<=26.5,0,0),IF(H8<=42.75,0,1)),IF(H8<=27.45,IF(H8<=24.8,0,0),IF(J8<=42.5,1,1))) -> 1 | M8: =IF(L8=K8,1,0) -> 1 | O8: Split | P8: nL | Q8: n1L | R8: nR | S8: n1R | T8: pL | U8: pR | V8: Gini_L | W8: Gini_R | X8: Gini_split | Y8: Gain | Z8: Weighted Gain (for importance) | AA8: n_parent (node size) | AB8: n1_parent | AC8: Gini_parent_node | AD8: Lift_L | AE8: Lift_R | AF8: Separation | AG8: Sharpness_L | AH8: Sharpness_R | AI8: Conf_L | AJ8: Conf_R | AK8: Count how many " AND " appear in the Split text | AL8: Replace the last " AND " with a marker | AN8: Get the split variable name for this node | AO8: Gain
A9: 8 | B9: 655 | C9: 1 | D9: 106 | E9: 70 | F9: 28 | G9: 135 | H9: 34.2 | I9: 0.142 | J9: 22 | K9: 0 | L9: =IF(J9<=30.5,IF(H9<=36.25,IF(J9<=26.5,0,0),IF(H9<=42.75,0,1)),IF(H9<=27.45,IF(H9<=24.8,0,0),IF(J9<=42.5,1,1))) -> 0 | M9: =IF(L9=K9,1,0) -> 1 | O9: age ≤ 30.5 | P9: =COUNTIFS($J$2:$J$769,"<=30.5") -> 283 | Q9: =COUNTIFS($J$2:$J$769,"<=30.5",$K$2:$K$769,1) -> 61 | R9: =$P$2-P9 -> 254 | S9: =$P$3-Q9 -> 136 | T9: =IF(P9=0,"",Q9/P9) -> 0.2155477 | U9: =IF(R9=0,"",S9/R9) -> 0.53543307 | V9: =IF(T9="","",2*T9*(1-T9)) -> 0.33817378 | W9: =IF(U9="","",2*U9*(1-U9)) -> 0.49748899 | X9: =IF(OR(V9="",W9=""),"", (P9/$P$2)*V9 + (R9/$P$2)*W9) -> 0.41352958 | Y9: =IF(X9="","",$P$5 - X9) -> 0.051014111 | Z9: =IF(Y9="","",(P9+R9)/$P$2 * Y9) -> 0.051014111 | AA9: =P2 -> 537 | AB9: =P3 -> 197 | AD9: =IF(OR(T9="",$P$4=0),"", T9/$P$4) -> 0.58755897 | AE9: =IF(OR(U9="",$P$4=0),"", U9/$P$4) -> 1.4595308 | AF9: =IF(OR(T9="",U9=""),"", ABS(T9-U9)) -> 0.31988537 | AG9: =IF(V9="","", 1 - V9) -> 0.66182622 | AH9: =IF(W9="","", 1 - W9) -> 0.50251101 | AI9: =IF(T9="","", MAX(T9,1-T9)) -> 0.7844523 | AJ9: =IF(U9="","", MAX(U9,1-U9)) -> 0.53543307 | AK9: =(LEN($O9)-LEN(SUBSTITUTE($O9," AND ","")))/5 -> 0 | AL9: =IF(AK9=0, $O9, SUBSTITUTE($O9," AND ","|", AK9)) -> age ≤ 30.5 | AM9: =IF(AK9=0, AL9, TRIM(MID(AL9, FIND("|",AL9)+1, 999))) -> age ≤ 30.5 | AN9: =LEFT(AM9, FIND(" ", AM9 & " ") - 1) -> age | AO9: =Y9 -> 0.051014111
A10: 9 | B10: 389 | C10: 5 | D10: 144 | E10: 82 | F10: 26 | G10: 285 | H10: 32 | I10: 0.452 | J10: 58 | K10: 1 | L10: =IF(J10<=30.5,IF(H10<=36.25,IF(J10<=26.5,0,0),IF(H10<=42.75,0,1)),IF(H10<=27.45,IF(H10<=24.8,0,0),IF(J10<=42.5,1,1))) -> 1 | M10: =IF(L10=K10,1,0) -> 1 | O10: age ≤ 30.5 AND mass ≤ 36.25 | P10: =COUNTIFS($J$2:$J$538,"<=30.5",$H$2:$H$538,"<=36.25") -> 220 | Q10: =SUMIFS($K$2:$K$538,$J$2:$J$538,"<=30.5",$H$2:$H$538,"<=36.25") -> 28 | R10: =AA10-P10 -> 63 | S10: =AB10-Q10 -> 33 | T10: =IF(P10=0,"",Q10/P10) -> 0.12727273 | U10: =IF(R10=0,"",S10/R10) -> 0.52380952 | V10: =IF(T10="","",2*T10*(1-T10)) -> 0.22214876 | W10: =IF(U10="","",2*U10*(1-U10)) -> 0.49886621 | X10: =IF(OR(V10="",W10=""),"", (P10/$P$2)*V10 + (R10/$P$2)*W10) -> 0.14953687 | Y10: =IF(X10="","",$P$5 - X10) -> 0.31500682 | Z10: =IF(Y10="","",(P10+R10)/$P$2 * Y10) -> 0.16600918 | AA10: =P9 -> 283 | AB10: =Q9 -> 61 | AC10: =IF(AA10=0,"",2*(AB10/AA10)*(1-AB10/AA10)) -> 0.33817378 | AD10: =IF(OR(T10="",$P$4=0),"", T10/$P$4) -> 0.34693124 | AE10: =IF(OR(U10="",$P$4=0),"", U10/$P$4) -> 1.4278463 | AF10: =IF(OR(T10="",U10=""),"", ABS(T10-U10)) -> 0.3965368 | AG10: =IF(V10="","", 1 - V10) -> 0.77785124 | AH10: =IF(W10="","", 1 - W10) -> 0.50113379 | AI10: =IF(T10="","", MAX(T10,1-T10)) -> 0.87272727 | AJ10: =IF(U10="","", MAX(U10,1-U10)) -> 0.52380952 | AK10: =(LEN($O10)-LEN(SUBSTITUTE($O10," AND ","")))/5 -> 1 | AL10: =IF(AK10=0, $O10, SUBSTITUTE($O10," AND ","|", AK10)) -> age ≤ 30.5|mass ≤ 36.25 | AM10: =IF(AK10=0, AL10, TRIM(MID(AL10, FIND("|",AL10)+1, 999))) -> mass ≤ 36.25 | AN10: =LEFT(AM10, FIND(" ", AM10 & " ") - 1) -> mass | AO10: =Y10 -> 0.31500682
A11: 10 | B11: 516 | C11: 3 | D11: 163 | E11: 70 | F11: 18 | G11: 105 | H11: 31.6 | I11: 0.268 | J11: 28 | K11: 1 | L11: =IF(J11<=30.5,IF(H11<=36.25,IF(J11<=26.5,0,0),IF(H11<=42.75,0,1)),IF(H11<=27.45,IF(H11<=24.8,0,0),IF(J11<=42.5,1,1))) -> 0 | M11: =IF(L11=K11,1,0) -> 0 | O11: age ≤ 30.5 AND mass > 36.25 AND mass ≤ 42.75 | P11: =COUNTIFS($J$2:$J$538,"<=30.5",$H$2:$H$538,">36.25",$H$2:$H$538,"<=42.75") -> 41 | Q11: =SUMIFS($K$2:$K$538, $J$2:$J$538,"<=30.5", $H$2:$H$538,">36.25", $H$2:$H$538,"<=42.75") -> 16 | R11: =AA11-P11 -> 22 | S11: =AB11-Q11 -> 17 | T11: =IF(P11=0,"",Q11/P11) -> 0.3902439 | U11: =IF(R11=0,"",S11/R11) -> 0.77272727 | V11: =IF(T11="","",2*T11*(1-T11)) -> 0.4759072 | W11: =IF(U11="","",2*U11*(1-U11)) -> 0.35123967 | X11: =IF(OR(V11="",W11=""),"", (P11/$P$2)*V11 + (R11/$P$2)*W11) -> 0.050725266 | Y11: =IF(X11="","",$P$5 - X11) -> 0.41381843 | Z11: =IF(Y11="","",(P11+R11)/$P$2 * Y11) -> 0.04854853 | AA11: =R10 -> 63 | AB11: =S10 -> 33 | AC11: =IF(AA11=0,"", 2*(AB11/AA11)*(1 - AB11/AA11)) -> 0.49886621 | AD11: =IF(OR(T11="",$P$4=0),"", T11/$P$4) -> 1.0637613 | AE11: =IF(OR(U11="",$P$4=0),"", U11/$P$4) -> 2.1063683 | AF11: =IF(OR(T11="",U11=""),"", ABS(T11-U11)) -> 0.38248337 | AG11: =IF(V11="","", 1 - V11) -> 0.5240928 | AH11: =IF(W11="","", 1 - W11) -> 0.64876033 | AI11: =IF(T11="","", MAX(T11,1-T11)) -> 0.6097561 | AJ11: =IF(U11="","", MAX(U11,1-U11)) -> 0.77272727 | AK11: =(LEN($O11)-LEN(SUBSTITUTE($O11," AND ","")))/5 -> 2 | AL11: =IF(AK11=0, $O11, SUBSTITUTE($O11," AND ","|", AK11)) -> age ≤ 30.5 AND mass > 36.25|mass ≤ 42.75 | AM11: =IF(AK11=0, AL11, TRIM(MID(AL11, FIND("|",AL11)+1, 999))) -> mass ≤ 42.75 | AN11: =LEFT(AM11, FIND(" ", AM11 & " ") - 1) -> mass | AO11: =Y11 -> 0.41381843
A12: 11 | B12: 31 | C12: 5 | D12: 109 | E12: 75 | F12: 26 | G12: 0 | H12: 36 | I12: 0.546 | J12: 60 | K12: 0 | L12: =IF(J12<=30.5,IF(H12<=36.25,IF(J12<=26.5,0,0),IF(H12<=42.75,0,1)),IF(H12<=27.45,IF(H12<=24.8,0,0),IF(J12<=42.5,1,1))) -> 1 | M12: =IF(L12=K12,1,0) -> 0 | O12: age > 30.5 AND mass ≤ 27.45 | P12: =COUNTIFS($J$2:$J$538,">30.5",$H$2:$H$538,"<=27.45") -> 41 | Q12: =SUMIFS($K$2:$K$538,$J$2:$J$538,">30.5",$H$2:$H$538,"<=27.45") -> 9 | R12: =AA12-P12 -> 213 | S12: =AB12-Q12 -> 127 | T12: =IF(P12=0,"",Q12/P12) -> 0.2195122 | U12: =IF(R12=0,"",S12/R12) -> 0.59624413 | V12: =IF(T12="","",2*T12*(1-T12)) -> 0.34265318 | W12: =IF(U12="","",2*U12*(1-U12)) -> 0.48147413 | X12: =IF(OR(V12="",W12=""),"", (P12/$P$2)*V12 + (R12/$P$2)*W12) -> 0.21713738 | Y12: =IF(X12="","",$P$5 - X12) -> 0.24740632 | Z12: =IF(Y12="","",(P12+R12)/$P$2 * Y12) -> 0.11702273 | AA12: =R9 -> 254 | AB12: =S9 -> 136 | AC12: =IF(AA12=0,"", 2*(AB12/AA12)*(1 - AB12/AA12)) -> 0.49748899 | AD12: =IF(OR(T12="",$P$4=0),"", T12/$P$4) -> 0.59836573 | AE12: =IF(OR(U12="",$P$4=0),"", U12/$P$4) -> 1.6252949 | AF12: =IF(OR(T12="",U12=""),"", ABS(T12-U12)) -> 0.37673194 | AG12: =IF(V12="","", 1 - V12) -> 0.65734682 | AH12: =IF(W12="","", 1 - W12) -> 0.51852587 | AI12: =IF(T12="","", MAX(T12,1-T12)) -> 0.7804878 | AJ12: =IF(U12="","", MAX(U12,1-U12)) -> 0.59624413 | AK12: =(LEN($O12)-LEN(SUBSTITUTE($O12," AND ","")))/5 -> 1 | AL12: =IF(AK12=0, $O12, SUBSTITUTE($O12," AND ","|", AK12)) -> age > 30.5|mass ≤ 27.45 | AM12: =IF(AK12=0, AL12, TRIM(MID(AL12, FIND("|",AL12)+1, 999))) -> mass ≤ 27.45 | AN12: =LEFT(AM12, FIND(" ", AM12 & " ") - 1) -> mass | AO12: =Y12 -> 0.24740632
A13: 12 | B13: 181 | C13: 6 | D13: 87 | E13: 80 | F13: 0 | G13: 0 | H13: 23.2 | I13: 0.084 | J13: 32 | K13: 0 | L13: =IF(J13<=30.5,IF(H13<=36.25,IF(J13<=26.5,0,0),IF(H13<=42.75,0,1)),IF(H13<=27.45,IF(H13<=24.8,0,0),IF(J13<=42.5,1,1))) -> 0 | M13: =IF(L13=K13,1,0) -> 1
A14: 13 | B14: 171 | C14: 6 | D14: 102 | E14: 82 | F14: 0 | G14: 0 | H14: 30.8 | I14: 0.18 | J14: 36 | K14: 1 | L14: =IF(J14<=30.5,IF(H14<=36.25,IF(J14<=26.5,0,0),IF(H14<=42.75,0,1)),IF(H14<=27.45,IF(H14<=24.8,0,0),IF(J14<=42.5,1,1))) -> 1 | M14: =IF(L14=K14,1,0) -> 1
A15: 14 | B15: 31 | C15: 5 | D15: 109 | E15: 75 | F15: 26 | G15: 0 | H15: 36 | I15: 0.546 | J15: 60 | K15: 0 | L15: =IF(J15<=30.5,IF(H15<=36.25,IF(J15<=26.5,0,0),IF(H15<=42.75,0,1)),IF(H15<=27.45,IF(H15<=24.8,0,0),IF(J15<=42.5,1,1))) -> 1 | M15: =IF(L15=K15,1,0) -> 0
A16: 15 | B16: 405 | C16: 5 | D16: 168 | E16: 64 | F16: 0 | G16: 0 | H16: 32.9 | I16: 0.135 | J16: 41 | K16: 1 | L16: =IF(J16<=30.5,IF(H16<=36.25,IF(J16<=26.5,0,0),IF(H16<=42.75,0,1)),IF(H16<=27.45,IF(H16<=24.8,0,0),IF(J16<=42.5,1,1))) -> 1 | M16: =IF(L16=K16,1,0) -> 1
A17: 16 | B17: 407 | C17: 4 | D17: 115 | E17: 72 | F17: 0 | G17: 0 | H17: 28.9 | I17: 0.376 | J17: 46 | K17: 1 | L17: =IF(J17<=30.5,IF(H17<=36.25,IF(J17<=26.5,0,0),IF(H17<=42.75,0,1)),IF(H17<=27.45,IF(H17<=24.8,0,0),IF(J17<=42.5,1,1))) -> 1 | M17: =IF(L17=K17,1,0) -> 1
A18: 17 | B18: 30 | C18: 5 | D18: 117 | E18: 92 | F18: 0 | G18: 0 | H18: 34.1 | I18: 0.337 | J18: 38 | K18: 0 | L18: =IF(J18<=30.5,IF(H18<=36.25,IF(J18<=26.5,0,0),IF(H18<=42.75,0,1)),IF(H18<=27.45,IF(H18<=24.8,0,0),IF(J18<=42.5,1,1))) -> 1 | M18: =IF(L18=K18,1,0) -> 0
A19: 18 | B19: 202 | C19: 1 | D19: 138 | E19: 82 | F19: 0 | G19: 0 | H19: 40.1 | I19: 0.236 | J19: 28 | K19: 0 | L19: =IF(J19<=30.5,IF(H19<=36.25,IF(J19<=26.5,0,0),IF(H19<=42.75,0,1)),IF(H19<=27.45,IF(H19<=24.8,0,0),IF(J19<=42.5,1,1))) -> 0 | M19: =IF(L19=K19,1,0) -> 1
A20: 19 | B20: 28 | C20: 1 | D20: 97 | E20: 66 | F20: 15 | G20: 140 | H20: 23.2 | I20: 0.487 | J20: 22 | K20: 0 | L20: =IF(J20<=30.5,IF(H20<=36.25,IF(J20<=26.5,0,0),IF(H20<=42.75,0,1)),IF(H20<=27.45,IF(H20<=24.8,0,0),IF(J20<=42.5,1,1))) -> 0 | M20: =IF(L20=K20,1,0) -> 1
A21: 20 | B21: 665 | C21: 6 | D21: 115 | E21: 60 | F21: 39 | G21: 0 | H21: 33.7 | I21: 0.245 | J21: 40 | K21: 1 | L21: =IF(J21<=30.5,IF(H21<=36.25,IF(J21<=26.5,0,0),IF(H21<=42.75,0,1)),IF(H21<=27.45,IF(H21<=24.8,0,0),IF(J21<=42.5,1,1))) -> 1 | M21: =IF(L21=K21,1,0) -> 1
A22: 21 | B22: 241 | C22: 1 | D22: 91 | E22: 64 | F22: 24 | G22: 0 | H22: 29.2 | I22: 0.192 | J22: 21 | K22: 0 | L22: =IF(J22<=30.5,IF(H22<=36.25,IF(J22<=26.5,0,0),IF(H22<=42.75,0,1)),IF(H22<=27.45,IF(H22<=24.8,0,0),IF(J22<=42.5,1,1))) -> 0 | M22: =IF(L22=K22,1,0) -> 1
A23: 22 | B23: 705 | C23: 4 | D23: 110 | E23: 76 | F23: 20 | G23: 100 | H23: 28.4 | I23: 0.118 | J23: 27 | K23: 0 | L23: =IF(J23<=30.5,IF(H23<=36.25,IF(J23<=26.5,0,0),IF(H23<=42.75,0,1)),IF(H23<=27.45,IF(H23<=24.8,0,0),IF(J23<=42.5,1,1))) -> 0 | M23: =IF(L23=K23,1,0) -> 1
A24: 23 | B24: 498 | C24: 2 | D24: 81 | E24: 72 | F24: 15 | G24: 76 | H24: 30.1 | I24: 0.547 | J24: 25 | K24: 0 | L24: =IF(J24<=30.5,IF(H24<=36.25,IF(J24<=26.5,0,0),IF(H24<=42.75,0,1)),IF(H24<=27.45,IF(H24<=24.8,0,0),IF(J24<=42.5,1,1))) -> 0 | M24: =IF(L24=K24,1,0) -> 1
... A538: 537 | B538: 663 | C538: 8 | D538: 167 | E538: 106 | F538: 46 | G538: 231 | H538: 37.6 | I538: 0.165 | J538: 43 | K538: 1 | L538: =IF(J538<=30.5,IF(H538<=36.25,IF(J538<=26.5,0,0),IF(H538<=42.75,0,1)),IF(H538<=27.45,IF(H538<=24.8,0,0),IF(J538<=42.5,1,1))) -> 1 | M538: =IF(L538=K538,1,0) -> 1

Sheet Tree_03
A1: SampleIndex | B1: RowID | C1: preg | D1: plas | E1: pres | F1: skin | G1: insu | H1: mass | I1: pedi | J1: age | K1: class | L1: Tree 3 | M1: if_correct
A2: 1 | B2: 715 | C2: 3 | D2: 102 | E2: 74 | F2: 0 | G2: 0 | H2: 29.5 | I2: 0.121 | J2: 32 | K2: 0 | L2: =IF(D2<=137.5,IF(J2<=27.5,IF(I2<=0.4945,0,0),IF(D2<=107.5,0,0)),IF(D2<=155.5,IF(D2<=146.5,1,0),IF(J2<=44.5,1,1))) -> 0 | M2: =IF(L2=K2,1,0) -> 1 | O2: Overall n | P2: =COUNTA($K$2:$K$769) -> 537
A3: 2 | B3: 207 | C3: 8 | D3: 196 | E3: 76 | F3: 29 | G3: 280 | H3: 37.5 | I3: 0.605 | J3: 57 | K3: 1 | L3: =IF(D3<=137.5,IF(J3<=27.5,IF(I3<=0.4945,0,0),IF(D3<=107.5,0,0)),IF(D3<=155.5,IF(D3<=146.5,1,0),IF(J3<=44.5,1,1))) -> 1 | M3: =IF(L3=K3,1,0) -> 1 | O3: Overall n1 | P3: =SUM($K$2:$K$769) -> 181
A4: 3 | B4: 535 | C4: 1 | D4: 77 | E4: 56 | F4: 30 | G4: 56 | H4: 33.3 | I4: 1.251 | J4: 24 | K4: 0 | L4: =IF(D4<=137.5,IF(J4<=27.5,IF(I4<=0.4945,0,0),IF(D4<=107.5,0,0)),IF(D4<=155.5,IF(D4<=146.5,1,0),IF(J4<=44.5,1,1))) -> 0 | M4: =IF(L4=K4,1,0) -> 1 | O4: p1_parent | P4: =P3/P2 -> 0.33705773
A5: 4 | B5: 362 | C5: 5 | D5: 158 | E5: 70 | F5: 0 | G5: 0 | H5: 29.8 | I5: 0.207 | J5: 63 | K5: 0 | L5: =IF(D5<=137.5,IF(J5<=27.5,IF(I5<=0.4945,0,0),IF(D5<=107.5,0,0)),IF(D5<=155.5,IF(D5<=146.5,1,0),IF(J5<=44.5,1,1))) -> 1 | M5: =IF(L5=K5,1,0) -> 0 | O5: Gini_parent | P5: =2*P4*(1-P4) -> 0.44689963
A6: 5 | B6: 622 | C6: 2 | D6: 92 | E6: 76 | F6: 20 | G6: 0 | H6: 24.2 | I6: 1.698 | J6: 28 | K6: 0 | L6: =IF(D6<=137.5,IF(J6<=27.5,IF(I6<=0.4945,0,0),IF(D6<=107.5,0,0)),IF(D6<=155.5,IF(D6<=146.5,1,0),IF(J6<=44.5,1,1))) -> 0 | M6: =IF(L6=K6,1,0) -> 1
A7: 6 | B7: 80 | C7: 2 | D7: 112 | E7: 66 | F7: 22 | G7: 0 | H7: 25 | I7: 0.307 | J7: 24 | K7: 0 | L7: =IF(D7<=137.5,IF(J7<=27.5,IF(I7<=0.4945,0,0),IF(D7<=107.5,0,0)),IF(D7<=155.5,IF(D7<=146.5,1,0),IF(J7<=44.5,1,1))) -> 0 | M7: =IF(L7=K7,1,0) -> 1 | AA7: A) Node-level lift / separation
A8: 7 | B8: 71 | C8: 2 | D8: 100 | E8: 66 | F8: 20 | G8: 90 | H8: 32.9 | I8: 0.867 | J8: 28 | K8: 1 | L8: =IF(D8<=137.5,IF(J8<=27.5,IF(I8<=0.4945,0,0),IF(D8<=107.5,0,0)),IF(D8<=155.5,IF(D8<=146.5,1,0),IF(J8<=44.5,1,1))) -> 0 | M8: =IF(L8=K8,1,0) -> 0 | O8: Split | P8: nL | Q8: n1L | R8: nR | S8: n1R | T8: pL | U8: pR | V8: Gini_L | W8: Gini_R | X8: Gini_split | Y8: Gain | Z8: Weighted Gain (for importance) | AA8: n_parent (node size) | AB8: n1_parent | AC8: Gini_parent_node | AD8: Lift_L | AE8: Lift_R | AF8: Separation | AG8: Sharpness_L | AH8: Sharpness_R | AI8: Conf_L | AJ8: Conf_R | AK8: Count how many " AND " appear in the Split text | AL8: Replace the last " AND " with a marker | AN8: Get the split variable name for this node | AO8: Gain
A9: 8 | B9: 436 | C9: 0 | D9: 141 | E9: 0 | F9: 0 | G9: 0 | H9: 42.4 | I9: 0.205 | J9: 29 | K9: 1 | L9: =IF(D9<=137.5,IF(J9<=27.5,IF(I9<=0.4945,0,0),IF(D9<=107.5,0,0)),IF(D9<=155.5,IF(D9<=146.5,1,0),IF(J9<=44.5,1,1))) -> 1 | M9: =IF(L9=K9,1,0) -> 1 | O9: plas ≤ 137.5 | P9: =COUNTIFS($D$2:$D$769,"<=137.5") -> 394 | Q9: =COUNTIFS($D$2:$D$769,"<=137.5",$K$2:$K$769,1) -> 81 | R9: =$P$2-P9 -> 143 | S9: =$P$3-Q9 -> 100 | T9: =IF(P9=0,"",Q9/P9) -> 0.20558376 | U9: =IF(R9=0,"",S9/R9) -> 0.6993007 | V9: =IF(T9="","",2*T9*(1-T9)) -> 0.32663815 | W9: =IF(U9="","",2*U9*(1-U9)) -> 0.42055846 | X9: =IF(OR(V9="",W9=""),"", (P9/$P$2)*V9 + (R9/$P$2)*W9) -> 0.35164859 | Y9: =IF(X9="","",$P$5 - X9) -> 0.095251044 | Z9: =IF(Y9="","",(P9+R9)/$P$2 * Y9) -> 0.095251044 | AA9: =P2 -> 537 | AB9: =P3 -> 181 | AD9: =IF(OR(T9="",$P$4=0),"", T9/$P$4) -> 0.60993634 | AE9: =IF(OR(U9="",$P$4=0),"", U9/$P$4) -> 2.0747209 | AF9: =IF(OR(T9="",U9=""),"", ABS(T9-U9)) -> 0.49371694 | AG9: =IF(V9="","", 1 - V9) -> 0.67336185 | AH9: =IF(W9="","", 1 - W9) -> 0.57944154 | AI9: =IF(T9="","", MAX(T9,1-T9)) -> 0.79441624 | AJ9: =IF(U9="","", MAX(U9,1-U9)) -> 0.6993007 | AK9: =(LEN($O9)-LEN(SUBSTITUTE($O9," AND ","")))/5 -> 0 | AL9: =IF(AK9=0, $O9, SUBSTITUTE($O9," AND ","|", AK9)) -> plas ≤ 137.5 | AM9: =IF(AK9=0, AL9, TRIM(MID(AL9, FIND("|",AL9)+1, 999))) -> plas ≤ 137.5 | AN9: =LEFT(AM9, FIND(" ", AM9 & " ") - 1) -> plas | AO9: =Y9 -> 0.095251044
A10: 9 | B10: 668 | C10: 10 | D10: 111 | E10: 70 | F10: 27 | G10: 0 | H10: 27.5 | I10: 0.141 | J10: 40 | K10: 1 | L10: =IF(D10<=137.5,IF(J10<=27.5,IF(I10<=0.4945,0,0),IF(D10<=107.5,0,0)),IF(D10<=155.5,IF(D10<=146.5,1,0),IF(J10<=44.5,1,1))) -> 0 | M10: =IF(L10=K10,1,0) -> 0 | O10: plas ≤ 137.5 AND age ≤ 27.5 | P10: =COUNTIFS($D$2:$D$538,"<=137.5", $J$2:$J$538,"<=27.5") -> 224 | Q10: =SUMIFS($K$2:$K$538, $D$2:$D$538,"<=137.5", $J$2:$J$538,"<=27.5") -> 23 | R10: =AA10-P10 -> 170 | S10: =AB10-Q10 -> 58 | T10: =IF(P10=0,"",Q10/P10) -> 0.10267857 | U10: =IF(R10=0,"",S10/R10) -> 0.34117647 | V10: =IF(T10="","",2*T10*(1-T10)) -> 0.18427136 | W10: =IF(U10="","",2*U10*(1-U10)) -> 0.44955017 | X10: =IF(OR(V10="",W10=""),"", (P10/$P$2)*V10 + (R10/$P$2)*W10) -> 0.21918122 | Y10: =IF(X10="","",$P$5 - X10) -> 0.22771841 | Z10: =IF(Y10="","",(P10+R10)/$P$2 * Y10) -> 0.16707831 | AA10: =P9 -> 394 | AB10: =Q9 -> 81 | AC10: =V9 -> 0.32663815 | AD10: =IF(OR(T10="",$P$4=0),"", T10/$P$4) -> 0.304632 | AE10: =IF(OR(U10="",$P$4=0),"", U10/$P$4) -> 1.0122197 | AF10: =IF(OR(T10="",U10=""),"", ABS(T10-U10)) -> 0.2384979 | AG10: =IF(V10="","", 1 - V10) -> 0.81572864 | AH10: =IF(W10="","", 1 - W10) -> 0.55044983 | AI10: =IF(T10="","", MAX(T10,1-T10)) -> 0.89732143 | AJ10: =IF(U10="","", MAX(U10,1-U10)) -> 0.65882353 | AK10: =(LEN($O10)-LEN(SUBSTITUTE($O10," AND ","")))/5 -> 1 | AL10: =IF(AK10=0, $O10, SUBSTITUTE($O10," AND ","|", AK10)) -> plas ≤ 137.5|age ≤ 27.5 | AM10: =IF(AK10=0, AL10, TRIM(MID(AL10, FIND("|",AL10)+1, 999))) -> age ≤ 27.5 | AN10: =LEFT(AM10, FIND(" ", AM10 & " ") - 1) -> age | AO10: =Y10 -> 0.22771841
A11: 10 | B11: 181 | C11: 6 | D11: 87 | E11: 80 | F11: 0 | G11: 0 | H11: 23.2 | I11: 0.084 | J11: 32 | K11: 0 | L11: =IF(D11<=137.5,IF(J11<=27.5,IF(I11<=0.4945,0,0),IF(D11<=107.5,0,0)),IF(D11<=155.5,IF(D11<=146.5,1,0),IF(J11<=44.5,1,1))) -> 0 | M11: =IF(L11=K11,1,0) -> 1 | O11: plas ≤ 137.5 AND age ≤ 27.5 AND pedi ≤ 0.4945 | P11: =COUNTIFS($D$2:$D$538,"<=137.5", $J$2:$J$538,"<=27.5",$I$2:$I$538,"<=0.4945") -> 143 | Q11: =SUMIFS($K$2:$K$538,$D$2:$D$538,"<=137.5",$J$2:$J$538,"<=27.5", $I$2:$I$538,"<=0.4945") -> 4 | R11: =AA11-P11 -> 81 | S11: =AB11-Q11 -> 19 | T11: =IF(P11=0,"",Q11/P11) -> 0.027972028 | U11: =IF(R11=0,"",S11/R11) -> 0.2345679 | V11: =IF(T11="","",2*T11*(1-T11)) -> 0.054379187 | W11: =IF(U11="","",2*U11*(1-U11)) -> 0.3590916 | X11: =IF(OR(V11="",W11=""),"", (P11/$P$2)*V11 + (R11/$P$2)*W11) -> 0.068645519 | Y11: =IF(X11="","",$P$5 - X11) -> 0.37825411 | Z11: =IF(Y11="","",(P11+R11)/$P$2 * Y11) -> 0.15778198 | AA11: =P10 -> 224 | AB11: =Q10 -> 23 | AC11: =Y10 -> 0.22771841 | AD11: =IF(OR(T11="",$P$4=0),"", T11/$P$4) -> 0.082988834 | AE11: =IF(OR(U11="",$P$4=0),"", U11/$P$4) -> 0.69592797 | AF11: =IF(OR(T11="",U11=""),"", ABS(T11-U11)) -> 0.20659587 | AG11: =IF(V11="","", 1 - V11) -> 0.94562081 | AH11: =IF(W11="","", 1 - W11) -> 0.6409084 | AI11: =IF(T11="","", MAX(T11,1-T11)) -> 0.97202797 | AJ11: =IF(U11="","", MAX(U11,1-U11)) -> 0.7654321 | AK11: =(LEN($O11)-LEN(SUBSTITUTE($O11," AND ","")))/5 -> 2 | AL11: =IF(AK11=0, $O11, SUBSTITUTE($O11," AND ","|", AK11)) -> plas ≤ 137.5 AND age ≤ 27.5|pedi ≤ 0.4945 | AM11: =IF(AK11=0, AL11, TRIM(MID(AL11, FIND("|",AL11)+1, 999))) -> pedi ≤ 0.4945 | AN11: =LEFT(AM11, FIND(" ", AM11 & " ") - 1) -> pedi | AO11: =Y11 -> 0.37825411
A12: 11 | B12: 677 | C12: 9 | D12: 156 | E12: 86 | F12: 0 | G12: 0 | H12: 24.8 | I12: 0.23 | J12: 53 | K12: 1 | L12: =IF(D12<=137.5,IF(J12<=27.5,IF(I12<=0.4945,0,0),IF(D12<=107.5,0,0)),IF(D12<=155.5,IF(D12<=146.5,1,0),IF(J12<=44.5,1,1))) -> 1 | M12: =IF(L12=K12,1,0) -> 1 | O12: plas ≤ 137.5 AND age > 27.5 AND plas ≤ 107.5 | P12: =COUNTIFS($D$2:$D$538,"<=107.5",$J$2:$J$538,">27.5") -> 74 | Q12: =SUMIFS($K$2:$K$538,$D$2:$D$538,"<=107.5",$J$2:$J$538,">27.5") -> 14 | R12: =AA12-P12 -> 96 | S12: =AB12-Q12 -> 44 | T12: =IF(P12=0,"",Q12/P12) -> 0.18918919 | U12: =IF(R12=0,"",S12/R12) -> 0.45833333 | V12: =IF(T12="","",2*T12*(1-T12)) -> 0.30679328 | W12: =IF(U12="","",2*U12*(1-U12)) -> 0.49652778 | X12: =IF(OR(V12="",W12=""),"", (P12/$P$2)*V12 + (R12/$P$2)*W12) -> 0.13104166 | Y12: =IF(X12="","",$P$5 - X12) -> 0.31585798 | Z12: =IF(Y12="","",(P12+R12)/$P$2 * Y12) -> 0.099992283 | AA12: =P9-P10 -> 170 | AB12: =Q9-Q10 -> 58 | AC12: =W10 -> 0.44955017 | AD12: =IF(OR(T12="",$P$4=0),"", T12/$P$4) -> 0.5612961 | AE12: =IF(OR(U12="",$P$4=0),"", U12/$P$4) -> 1.3598066 | AF12: =IF(OR(T12="",U12=""),"", ABS(T12-U12)) -> 0.26914414 | AG12: =IF(V12="","", 1 - V12) -> 0.69320672 | AH12: =IF(W12="","", 1 - W12) -> 0.50347222 | AI12: =IF(T12="","", MAX(T12,1-T12)) -> 0.81081081 | AJ12: =IF(U12="","", MAX(U12,1-U12)) -> 0.54166667 | AK12: =(LEN($O12)-LEN(SUBSTITUTE($O12," AND ","")))/5 -> 2 | AL12: =IF(AK12=0, $O12, SUBSTITUTE($O12," AND ","|", AK12)) -> plas ≤ 137.5 AND age > 27.5|plas ≤ 107.5 | AM12: =IF(AK12=0, AL12, TRIM(MID(AL12, FIND("|",AL12)+1, 999))) -> plas ≤ 107.5 | AN12: =LEFT(AM12, FIND(" ", AM12 & " ") - 1) -> plas | AO12: =Y12 -> 0.31585798
A13: 12 | B13: 207 | C13: 8 | D13: 196 | E13: 76 | F13: 29 | G13: 280 | H13: 37.5 | I13: 0.605 | J13: 57 | K13: 1 | L13: =IF(D13<=137.5,IF(J13<=27.5,IF(I13<=0.4945,0,0),IF(D13<=107.5,0,0)),IF(D13<=155.5,IF(D13<=146.5,1,0),IF(J13<=44.5,1,1))) -> 1 | M13: =IF(L13=K13,1,0) -> 1 | O13: plas > 137.5 AND plas ≤ 155.5 | P13: =COUNTIFS($D$2:$D$538,">137.5",$D$2:$D$538,"<=155.5") -> 66 | Q13: =SUMIFS($K$2:$K$538, $D$2:$D$538,">137.5", $D$2:$D$538,"<=155.5") -> 36 | R13: =AA13-P13 -> 77 | S13: =AB13-Q13 -> 64 | T13: =IF(P13=0,"",Q13/P13) -> 0.54545455 | U13: =IF(R13=0,"",S13/R13) -> 0.83116883 | V13: =IF(T13="","",2*T13*(1-T13)) -> 0.49586777 | W13: =IF(U13="","",2*U13*(1-U13)) -> 0.28065441 | X13: =IF(OR(V13="",W13=""),"", (P13/$P$2)*V13 + (R13/$P$2)*W13) -> 0.10118745 | Y13: =IF(X13="","",$P$5 - X13) -> 0.34571218 | Z13: =IF(Y13="","",(P13+R13)/$P$2 * Y13) -> 0.092061158 | AA13: =R9 -> 143 | AB13: =S9 -> 100 | AC13: =W9 -> 0.42055846 | AD13: =IF(OR(T13="",$P$4=0),"", T13/$P$4) -> 1.6182823 | AE13: =IF(OR(U13="",$P$4=0),"", U13/$P$4) -> 2.4659539 | AF13: =IF(OR(T13="",U13=""),"", ABS(T13-U13)) -> 0.28571429 | AG13: =IF(V13="","", 1 - V13) -> 0.50413223 | AH13: =IF(W13="","", 1 - W13) -> 0.71934559 | AI13: =IF(T13="","", MAX(T13,1-T13)) -> 0.54545455 | AJ13: =IF(U13="","", MAX(U13,1-U13)) -> 0.83116883 | AK13: =(LEN($O13)-LEN(SUBSTITUTE($O13," AND ","")))/5 -> 1 | AL13: =IF(AK13=0, $O13, SUBSTITUTE($O13," AND ","|", AK13)) -> plas > 137.5|plas ≤ 155.5 | AM13: =IF(AK13=0, AL13, TRIM(MID(AL13, FIND("|",AL13)+1, 999))) -> plas ≤ 155.5 | AN13: =LEFT(AM13, FIND(" ", AM13 & " ") - 1) -> plas | AO13: =Y13 -> 0.34571218
A14: 13 | B14: 678 | C14: 0 | D14: 93 | E14: 60 | F14: 0 | G14: 0 | H14: 35.3 | I14: 0.263 | J14: 25 | K14: 0 | L14: =IF(D14<=137.5,IF(J14<=27.5,IF(I14<=0.4945,0,0),IF(D14<=107.5,0,0)),IF(D14<=155.5,IF(D14<=146.5,1,0),IF(J14<=44.5,1,1))) -> 0 | M14: =IF(L14=K14,1,0) -> 1 | O14: plas > 137.5 AND plas ≤ 146.5 | P14: =COUNTIFS($D$2:$D$538,">137.5", $D$2:$D$538,"<=146.5") -> 38 | Q14: =SUMIFS($K$2:$K$538,$D$2:$D$538,">137.5",$D$2:$D$538,"<=146.5") -> 27 | R14: =AA14-P14 -> 28 | S14: =AB14-Q14 -> 9 | T14: =IF(P14=0,"",Q14/P14) -> 0.71052632 | U14: =IF(R14=0,"",S14/R14) -> 0.32142857 | V14: =IF(T14="","",2*T14*(1-T14)) -> 0.41135734 | W14: =IF(U14="","",2*U14*(1-U14)) -> 0.43622449 | X14: =IF(OR(V14="",W14=""),"", (P14/$P$2)*V14 + (R14/$P$2)*W14) -> 0.051854497 | Y14: =IF(X14="","",$P$5 - X14) -> 0.39504514 | Z14: =IF(Y14="","",(P14+R14)/$P$2 * Y14) -> 0.048553033 | AA14: =P13 -> 66 | AB14: =Q13 -> 36 | AC14: =V13 -> 0.49586777 | AD14: =IF(OR(T14="",$P$4=0),"", T14/$P$4) -> 2.1080256 | AE14: =IF(OR(U14="",$P$4=0),"", U14/$P$4) -> 0.95363062 | AF14: =IF(OR(T14="",U14=""),"", ABS(T14-U14)) -> 0.38909774 | AG14: =IF(V14="","", 1 - V14) -> 0.58864266 | AH14: =IF(W14="","", 1 - W14) -> 0.56377551 | AI14: =IF(T14="","", MAX(T14,1-T14)) -> 0.71052632 | AJ14: =IF(U14="","", MAX(U14,1-U14)) -> 0.67857143 | AK14: =(LEN($O14)-LEN(SUBSTITUTE($O14," AND ","")))/5 -> 1 | AL14: =IF(AK14=0, $O14, SUBSTITUTE($O14," AND ","|", AK14)) -> plas > 137.5|plas ≤ 146.5 | AM14: =IF(AK14=0, AL14, TRIM(MID(AL14, FIND("|",AL14)+1, 999))) -> plas ≤ 146.5 | AN14: =LEFT(AM14, FIND(" ", AM14 & " ") - 1) -> plas | AO14: =Y14 -> 0.39504514
A15: 14 | B15: 575 | C15: 1 | D15: 143 | E15: 86 | F15: 30 | G15: 330 | H15: 30.1 | I15: 0.892 | J15: 23 | K15: 0 | L15: =IF(D15<=137.5,IF(J15<=27.5,IF(I15<=0.4945,0,0),IF(D15<=107.5,0,0)),IF(D15<=155.5,IF(D15<=146.5,1,0),IF(J15<=44.5,1,1))) -> 1 | M15: =IF(L15=K15,1,0) -> 0 | O15: plas > 155.5 AND age ≤ 44.5 | P15: =COUNTIFS($D$2:$D$538,">155.5", $J$2:$J$538,"<=44.5") -> 55 | Q15: =SUMIFS($K$2:$K$538,$D$2:$D$538,">155.5",$J$2:$J$538,"<=44.5") -> 50 | R15: =AA15-P15 -> 22 | S15: =AB15-Q15 -> 14 | T15: =IF(P15=0,"",Q15/P15) -> 0.90909091 | U15: =IF(R15=0,"",S15/R15) -> 0.63636364 | V15: =IF(T15="","",2*T15*(1-T15)) -> 0.16528926 | W15: =IF(U15="","",2*U15*(1-U15)) -> 0.46280992 | X15: =IF(OR(V15="",W15=""),"", (P15/$P$2)*V15 + (R15/$P$2)*W15) -> 0.035889622 | Y15: =IF(X15="","",$P$5 - X15) -> 0.41101001 | Z15: =W13 -> 0.28065441 | AA15: =R13 -> 77 | AB15: =S13 -> 64 | AC15: =W13 -> 0.28065441 | AD15: =IF(OR(T15="",$P$4=0),"", T15/$P$4) -> 2.6971371 | AE15: =IF(OR(U15="",$P$4=0),"", U15/$P$4) -> 1.887996 | AF15: =IF(OR(T15="",U15=""),"", ABS(T15-U15)) -> 0.27272727 | AG15: =IF(V15="","", 1 - V15) -> 0.83471074 | AH15: =IF(W15="","", 1 - W15) -> 0.53719008 | AI15: =IF(T15="","", MAX(T15,1-T15)) -> 0.90909091 | AJ15: =IF(U15="","", MAX(U15,1-U15)) -> 0.63636364 | AK15: =(LEN($O15)-LEN(SUBSTITUTE($O15," AND ","")))/5 -> 1 | AL15: =IF(AK15=0, $O15, SUBSTITUTE($O15," AND ","|", AK15)) -> plas > 155.5|age ≤ 44.5 | AM15: =IF(AK15=0, AL15, TRIM(MID(AL15, FIND("|",AL15)+1, 999))) -> age ≤ 44.5 | AN15: =LEFT(AM15, FIND(" ", AM15 & " ") - 1) -> age | AO15: =Y15 -> 0.41101001
A16: 15 | B16: 124 | C16: 5 | D16: 132 | E16: 80 | F16: 0 | G16: 0 | H16: 26.8 | I16: 0.186 | J16: 69 | K16: 0 | L16: =IF(D16<=137.5,IF(J16<=27.5,IF(I16<=0.4945,0,0),IF(D16<=107.5,0,0)),IF(D16<=155.5,IF(D16<=146.5,1,0),IF(J16<=44.5,1,1))) -> 0 | M16: =IF(L16=K16,1,0) -> 1
A17: 16 | B17: 601 | C17: 1 | D17: 108 | E17: 88 | F17: 19 | G17: 0 | H17: 27.1 | I17: 0.4 | J17: 24 | K17: 0 | L17: =IF(D17<=137.5,IF(J17<=27.5,IF(I17<=0.4945,0,0),IF(D17<=107.5,0,0)),IF(D17<=155.5,IF(D17<=146.5,1,0),IF(J17<=44.5,1,1))) -> 0 | M17: =IF(L17=K17,1,0) -> 1
A18: 17 | B18: 537 | C18: 0 | D18: 105 | E18: 90 | F18: 0 | G18: 0 | H18: 29.6 | I18: 0.197 | J18: 46 | K18: 0 | L18: =IF(D18<=137.5,IF(J18<=27.5,IF(I18<=0.4945,0,0),IF(D18<=107.5,0,0)),IF(D18<=155.5,IF(D18<=146.5,1,0),IF(J18<=44.5,1,1))) -> 0 | M18: =IF(L18=K18,1,0) -> 1
A19: 18 | B19: 573 | C19: 3 | D19: 111 | E19: 58 | F19: 31 | G19: 44 | H19: 29.5 | I19: 0.43 | J19: 22 | K19: 0 | L19: =IF(D19<=137.5,IF(J19<=27.5,IF(I19<=0.4945,0,0),IF(D19<=107.5,0,0)),IF(D19<=155.5,IF(D19<=146.5,1,0),IF(J19<=44.5,1,1))) -> 0 | M19: =IF(L19=K19,1,0) -> 1
A20: 19 | B20: 86 | C20: 2 | D20: 110 | E20: 74 | F20: 29 | G20: 125 | H20: 32.4 | I20: 0.698 | J20: 27 | K20: 0 | L20: =IF(D20<=137.5,IF(J20<=27.5,IF(I20<=0.4945,0,0),IF(D20<=107.5,0,0)),IF(D20<=155.5,IF(D20<=146.5,1,0),IF(J20<=44.5,1,1))) -> 0 | M20: =IF(L20=K20,1,0) -> 1
A21: 20 | B21: 684 | C21: 4 | D21: 125 | E21: 80 | F21: 0 | G21: 0 | H21: 32.3 | I21: 0.536 | J21: 27 | K21: 1 | L21: =IF(D21<=137.5,IF(J21<=27.5,IF(I21<=0.4945,0,0),IF(D21<=107.5,0,0)),IF(D21<=155.5,IF(D21<=146.5,1,0),IF(J21<=44.5,1,1))) -> 0 | M21: =IF(L21=K21,1,0) -> 0
A22: 21 | B22: 460 | C22: 9 | D22: 134 | E22: 74 | F22: 33 | G22: 60 | H22: 25.9 | I22: 0.46 | J22: 81 | K22: 0 | L22: =IF(D22<=137.5,IF(J22<=27.5,IF(I22<=0.4945,0,0),IF(D22<=107.5,0,0)),IF(D22<=155.5,IF(D22<=146.5,1,0),IF(J22<=44.5,1,1))) -> 0 | M22: =IF(L22=K22,1,0) -> 1
A23: 22 | B23: 715 | C23: 3 | D23: 102 | E23: 74 | F23: 0 | G23: 0 | H23: 29.5 | I23: 0.121 | J23: 32 | K23: 0 | L23: =IF(D23<=137.5,IF(J23<=27.5,IF(I23<=0.4945,0,0),IF(D23<=107.5,0,0)),IF(D23<=155.5,IF(D23<=146.5,1,0),IF(J23<=44.5,1,1))) -> 0 | M23: =IF(L23=K23,1,0) -> 1
A24: 23 | B24: 551 | C24: 1 | D24: 116 | E24: 70 | F24: 28 | G24: 0 | H24: 27.4 | I24: 0.204 | J24: 21 | K24: 0 | L24: =IF(D24<=137.5,IF(J24<=27.5,IF(I24<=0.4945,0,0),IF(D24<=107.5,0,0)),IF(D24<=155.5,IF(D24<=146.5,1,0),IF(J24<=44.5,1,1))) -> 0 | M24: =IF(L24=K24,1,0) -> 1
A25: 24 | B25: 129 | C25: 1 | D25: 117 | E25: 88 | F25: 24 | G25: 145 | H25: 34.5 | I25: 0.403 | J25: 40 | K25: 1 | L25: =IF(D25<=137.5,IF(J25<=27.5,IF(I25<=0.4945,0,0),IF(D25<=107.5,0,0)),IF(D25<=155.5,IF(D25<=146.5,1,0),IF(J25<=44.5,1,1))) -> 0 | M25: =IF(L25=K25,1,0) -> 0
A26: 25 | B26: 682 | C26: 0 | D26: 162 | E26: 76 | F26: 36 | G26: 0 | H26: 49.6 | I26: 0.364 | J26: 26 | K26: 1 | L26: =IF(D26<=137.5,IF(J26<=27.5,IF(I26<=0.4945,0,0),IF(D26<=107.5,0,0)),IF(D26<=155.5,IF(D26<=146.5,1,0),IF(J26<=44.5,1,1))) -> 1 | M26: =IF(L26=K26,1,0) -> 1
A27: 26 | B27: 74 | C27: 4 | D27: 129 | E27: 86 | F27: 20 | G27: 270 | H27: 35.1 | I27: 0.231 | J27: 23 | K27: 0 | L27: =IF(D27<=137.5,IF(J27<=27.5,IF(I27<=0.4945,0,0),IF(D27<=107.5,0,0)),IF(D27<=155.5,IF(D27<=146.5,1,0),IF(J27<=44.5,1,1))) -> 0 | M27: =IF(L27=K27,1,0) -> 1
... A538: 537 | B538: 35 | C538: 10 | D538: 122 | E538: 78 | F538: 31 | G538: 0 | H538: 27.6 | I538: 0.512 | J538: 45 | K538: 0 | L538: =IF(D538<=137.5,IF(J538<=27.5,IF(I538<=0.4945,0,0),IF(D538<=107.5,0,0)),IF(D538<=155.5,IF(D538<=146.5,1,0),IF(J538<=44.5,1,1))) -> 0 | M538: =IF(L538=K538,1,0) -> 1

Sheet Tree_04
A1: SampleIndex | B1: RowID | C1: preg | D1: plas | E1: pres | F1: skin | G1: insu | H1: mass | I1: pedi | J1: age | K1: class | L1: Tree 4 | M1: if_correct
A2: 1 | B2: 467 | C2: 0 | D2: 74 | E2: 52 | F2: 10 | G2: 36 | H2: 27.8 | I2: 0.269 | J2: 22 | K2: 0 | L2: =IF(D2<=133.5,IF(I2<=0.5095,IF(D2<=94.5,0,0),IF(F2<=28.5,0,1)),IF(D2<=161.5,IF(I2<=0.315,0,1),IF(C2<=6.5,1,1))) -> 0 | M2: =IF(L2=K2,1,0) -> 1 | O2: Overall n | P2: =COUNTA($K$2:$K$769) -> 537
A3: 2 | B3: 189 | C3: 8 | D3: 109 | E3: 76 | F3: 39 | G3: 114 | H3: 27.9 | I3: 0.64 | J3: 31 | K3: 1 | L3: =IF(D3<=133.5,IF(I3<=0.5095,IF(D3<=94.5,0,0),IF(F3<=28.5,0,1)),IF(D3<=161.5,IF(I3<=0.315,0,1),IF(C3<=6.5,1,1))) -> 1 | M3: =IF(L3=K3,1,0) -> 1 | O3: Overall n1 | P3: =SUM($K$2:$K$769) -> 191
A4: 3 | B4: 523 | C4: 6 | D4: 114 | E4: 0 | F4: 0 | G4: 0 | H4: 0 | I4: 0.189 | J4: 26 | K4: 0 | L4: =IF(D4<=133.5,IF(I4<=0.5095,IF(D4<=94.5,0,0),IF(F4<=28.5,0,1)),IF(D4<=161.5,IF(I4<=0.315,0,1),IF(C4<=6.5,1,1))) -> 0 | M4: =IF(L4=K4,1,0) -> 1 | O4: p1_parent | P4: =P3/P2 -> 0.3556797
A5: 4 | B5: 444 | C5: 8 | D5: 108 | E5: 70 | F5: 0 | G5: 0 | H5: 30.5 | I5: 0.955 | J5: 33 | K5: 1 | L5: =IF(D5<=133.5,IF(I5<=0.5095,IF(D5<=94.5,0,0),IF(F5<=28.5,0,1)),IF(D5<=161.5,IF(I5<=0.315,0,1),IF(C5<=6.5,1,1))) -> 0 | M5: =IF(L5=K5,1,0) -> 0 | O5: Gini_parent | P5: =2*P4*(1-P4) -> 0.4583433
A6: 5 | B6: 167 | C6: 3 | D6: 148 | E6: 66 | F6: 25 | G6: 0 | H6: 32.5 | I6: 0.256 | J6: 22 | K6: 0 | L6: =IF(D6<=133.5,IF(I6<=0.5095,IF(D6<=94.5,0,0),IF(F6<=28.5,0,1)),IF(D6<=161.5,IF(I6<=0.315,0,1),IF(C6<=6.5,1,1))) -> 0 | M6: =IF(L6=K6,1,0) -> 1
A7: 6 | B7: 406 | C7: 2 | D7: 123 | E7: 48 | F7: 32 | G7: 165 | H7: 42.1 | I7: 0.52 | J7: 26 | K7: 0 | L7: =IF(D7<=133.5,IF(I7<=0.5095,IF(D7<=94.5,0,0),IF(F7<=28.5,0,1)),IF(D7<=161.5,IF(I7<=0.315,0,1),IF(C7<=6.5,1,1))) -> 1 | M7: =IF(L7=K7,1,0) -> 0 | AA7: A) Node-level lift / separation
A8: 7 | B8: 16 | C8: 7 | D8: 100 | E8: 0 | F8: 0 | G8: 0 | H8: 30 | I8: 0.484 | J8: 32 | K8: 1 | L8: =IF(D8<=133.5,IF(I8<=0.5095,IF(D8<=94.5,0,0),IF(F8<=28.5,0,1)),IF(D8<=161.5,IF(I8<=0.315,0,1),IF(C8<=6.5,1,1))) -> 0 | M8: =IF(L8=K8,1,0) -> 0 | O8: Split | P8: nL | Q8: n1L | R8: nR | S8: n1R | T8: pL | U8: pR | V8: Gini_L | W8: Gini_R | X8: Gini_split | Y8: Gain | Z8: Weighted Gain (for importance) | AA8: n_parent (node size) | AB8: n1_parent | AC8: Gini_parent_node | AD8: Lift_L | AE8: Lift_R | AF8: Separation | AG8: Sharpness_L | AH8: Sharpness_R | AI8: Conf_L | AJ8: Conf_R | AK8: Count how many " AND " appear in the Split text | AL8: Replace the last " AND " with a marker | AN8: Get the split variable name for this node | AO8: Gain
A9: 8 | B9: 266 | C9: 5 | D9: 96 | E9: 74 | F9: 18 | G9: 67 | H9: 33.6 | I9: 0.997 | J9: 43 | K9: 0 | L9: =IF(D9<=133.5,IF(I9<=0.5095,IF(D9<=94.5,0,0),IF(F9<=28.5,0,1)),IF(D9<=161.5,IF(I9<=0.315,0,1),IF(C9<=6.5,1,1))) -> 0 | M9: =IF(L9=K9,1,0) -> 1 | O9: plas ≤ 133.5 | P9: =COUNTIFS($D$2:$D$769,"<=133.5") -> 380 | Q9: =COUNTIFS($D$2:$D$769,"<=133.5",$K$2:$K$769,1) -> 82 | R9: =$P$2-P9 -> 157 | S9: =$P$3-Q9 -> 109 | T9: =IF(P9=0,"",Q9/P9) -> 0.21578947 | U9: =IF(R9=0,"",S9/R9) -> 0.69426752 | V9: =IF(T9="","",2*T9*(1-T9)) -> 0.33844875 | W9: =IF(U9="","",2*U9*(1-U9)) -> 0.42452026 | X9: =IF(OR(V9="",W9=""),"", (P9/$P$2)*V9 + (R9/$P$2)*W9) -> 0.36361305 | Y9: =IF(X9="","",$P$5 - X9) -> 0.094730253 | Z9: =IF(Y9="","",(P9+R9)/$P$2 * Y9) -> 0.094730253 | AA9: =P2 -> 537 | AB9: =P3 -> 191 | AD9: =IF(OR(T9="",$P$4=0),"", T9/$P$4) -> 0.60669606 | AE9: =IF(OR(U9="",$P$4=0),"", U9/$P$4) -> 1.9519458 | AF9: =IF(OR(T9="",U9=""),"", ABS(T9-U9)) -> 0.47847804 | AG9: =IF(V9="","", 1 - V9) -> 0.66155125 | AH9: =IF(W9="","", 1 - W9) -> 0.57547974 | AI9: =IF(T9="","", MAX(T9,1-T9)) -> 0.78421053 | AJ9: =IF(U9="","", MAX(U9,1-U9)) -> 0.69426752 | AK9: =(LEN($O9)-LEN(SUBSTITUTE($O9," AND ","")))/5 -> 0 | AL9: =IF(AK9=0, $O9, SUBSTITUTE($O9," AND ","|", AK9)) -> plas ≤ 133.5 | AM9: =IF(AK9=0, AL9, TRIM(MID(AL9, FIND("|",AL9)+1, 999))) -> plas ≤ 133.5 | AN9: =LEFT(AM9, FIND(" ", AM9 & " ") - 1) -> plas | AO9: =Y9 -> 0.094730253
A10: 9 | B10: 205 | C10: 6 | D10: 103 | E10: 72 | F10: 32 | G10: 190 | H10: 37.7 | I10: 0.324 | J10: 55 | K10: 0 | L10: =IF(D10<=133.5,IF(I10<=0.5095,IF(D10<=94.5,0,0),IF(F10<=28.5,0,1)),IF(D10<=161.5,IF(I10<=0.315,0,1),IF(C10<=6.5,1,1))) -> 0 | M10: =IF(L10=K10,1,0) -> 1 | O10: plas ≤ 133.5 AND pedi ≤ 0.5095 | P10: =COUNTIFS($D$2:$D$538,"<=133.5",$I$2:$I$538,"<=0.5095") -> 237 | Q10: =SUMIFS($K$2:$K$538,$D$2:$D$538,"<=133.5",$I$2:$I$538,"<=0.5095") -> 30 | R10: =AA10-P10 -> 143 | S10: =AB10-Q10 -> 52 | T10: =IF(P10=0,"",Q10/P10) -> 0.12658228 | U10: =IF(R10=0,"",S10/R10) -> 0.36363636 | V10: =IF(T10="","",2*T10*(1-T10)) -> 0.22111841 | W10: =IF(U10="","",2*U10*(1-U10)) -> 0.46280992 | X10: =IF(OR(V10="",W10=""),"", (P10/$P$2)*V10 + (R10/$P$2)*W10) -> 0.22083218 | Y10: =IF(X10="","",$P$5 - X10) -> 0.23751112 | Z10: =IF(Y10="","",(P10+R10)/$P$2 * Y10) -> 0.16807118 | AA10: =P9 -> 380 | AB10: =Q9 -> 82 | AD10: =IF(OR(T10="",$P$4=0),"", T10/$P$4) -> 0.3558884 | AE10: =IF(OR(U10="",$P$4=0),"", U10/$P$4) -> 1.0223703 | AF10: =IF(OR(T10="",U10=""),"", ABS(T10-U10)) -> 0.23705409 | AG10: =IF(V10="","", 1 - V10) -> 0.77888159 | AH10: =IF(W10="","", 1 - W10) -> 0.53719008 | AI10: =IF(T10="","", MAX(T10,1-T10)) -> 0.87341772 | AJ10: =IF(U10="","", MAX(U10,1-U10)) -> 0.63636364 | AK10: =(LEN($O10)-LEN(SUBSTITUTE($O10," AND ","")))/5 -> 1 | AL10: =IF(AK10=0, $O10, SUBSTITUTE($O10," AND ","|", AK10)) -> plas ≤ 133.5|pedi ≤ 0.5095 | AM10: =IF(AK10=0, AL10, TRIM(MID(AL10, FIND("|",AL10)+1, 999))) -> pedi ≤ 0.5095 | AN10: =LEFT(AM10, FIND(" ", AM10 & " ") - 1) -> pedi | AO10: =Y10 -> 0.23751112
A11: 10 | B11: 324 | C11: 13 | D11: 152 | E11: 90 | F11: 33 | G11: 29 | H11: 26.8 | I11: 0.731 | J11: 43 | K11: 1 | L11: =IF(D11<=133.5,IF(I11<=0.5095,IF(D11<=94.5,0,0),IF(F11<=28.5,0,1)),IF(D11<=161.5,IF(I11<=0.315,0,1),IF(C11<=6.5,1,1))) -> 1 | M11: =IF(L11=K11,1,0) -> 1 | O11: plas ≤ 133.5 AND pedi ≤ 0.5095 AND plas ≤ 94.5 | P11: =COUNTIFS($D$2:$D$538,"<=94.5",$I$2:$I$538,"<=0.5095") -> 73 | Q11: =SUMIFS($K$2:$K$538,$D$2:$D$538,"<=94.5", $I$2:$I$538,"<=0.5095") -> 1 | R11: =AA11-P11 -> 164 | S11: =AB11-Q11 -> 29 | T11: =IF(P11=0,"",Q11/P11) -> 0.01369863 | U11: =IF(R11=0,"",S11/R11) -> 0.17682927 | V11: =IF(T11="","",2*T11*(1-T11)) -> 0.027021955 | W11: =IF(U11="","",2*U11*(1-U11)) -> 0.29112136 | X11: =IF(OR(V11="",W11=""),"", (P11/$P$2)*V11 + (R11/$P$2)*W11) -> 0.092581946 | Y11: =IF(X11="","",$P$5 - X11) -> 0.36576136 | Z11: =IF(Y11="","",(P11+R11)/$P$2 * Y11) -> 0.1614254 | AA11: =P10 -> 237 | AB11: =Q10 -> 30 | AD11: =IF(OR(T11="",$P$4=0),"", T11/$P$4) -> 0.03851395 | AE11: =IF(OR(U11="",$P$4=0),"", U11/$P$4) -> 0.49715873 | AF11: =IF(OR(T11="",U11=""),"", ABS(T11-U11)) -> 0.16313064 | AG11: =IF(V11="","", 1 - V11) -> 0.97297804 | AH11: =IF(W11="","", 1 - W11) -> 0.70887864 | AI11: =IF(T11="","", MAX(T11,1-T11)) -> 0.98630137 | AJ11: =IF(U11="","", MAX(U11,1-U11)) -> 0.82317073 | AK11: =(LEN($O11)-LEN(SUBSTITUTE($O11," AND ","")))/5 -> 2 | AL11: =IF(AK11=0, $O11, SUBSTITUTE($O11," AND ","|", AK11)) -> plas ≤ 133.5 AND pedi ≤ 0.5095|plas ≤ 94.5 | AM11: =IF(AK11=0, AL11, TRIM(MID(AL11, FIND("|",AL11)+1, 999))) -> plas ≤ 94.5 | AN11: =LEFT(AM11, FIND(" ", AM11 & " ") - 1) -> plas | AO11: =Y11 -> 0.36576136
A12: 11 | B12: 473 | C12: 0 | D12: 119 | E12: 66 | F12: 27 | G12: 0 | H12: 38.8 | I12: 0.259 | J12: 22 | K12: 0 | L12: =IF(D12<=133.5,IF(I12<=0.5095,IF(D12<=94.5,0,0),IF(F12<=28.5,0,1)),IF(D12<=161.5,IF(I12<=0.315,0,1),IF(C12<=6.5,1,1))) -> 0 | M12: =IF(L12=K12,1,0) -> 1 | O12: plas ≤ 133.5 AND pedi > 0.5095 AND skin ≤ 28.5 | P12: =COUNTIFS($D$2:$D$538,"<=133.5",$I$2:$I$538,">0.5095",$F$2:$F$538,"<=28.5") -> 86 | Q12: =SUMIFS($K$2:$K$538,$D$2:$D$538,"<=133.5",$I$2:$I$538,">0.5095",$F$2:$F$538,"<=28.5") -> 15 | R12: =AA12-P12 -> 57 | S12: =AB12-Q12 -> 37 | T12: =IF(P12=0,"",Q12/P12) -> 0.1744186 | U12: =IF(R12=0,"",S12/R12) -> 0.64912281 | V12: =IF(T12="","",2*T12*(1-T12)) -> 0.28799351 | W12: =IF(U12="","",2*U12*(1-U12)) -> 0.45552478 | X12: =IF(OR(V12="",W12=""),"", (P12/$P$2)*V12 + (R12/$P$2)*W12) -> 0.094473658 | Y12: =IF(X12="","",$P$5 - X12) -> 0.36386965 | Z12: =IF(Y12="","",(P12+R12)/$P$2 * Y12) -> 0.096896386 | AA12: =AA10-P10 -> 143 | AB12: =AB10-Q10 -> 52 | AD12: =IF(OR(T12="",$P$4=0),"", T12/$P$4) -> 0.4903811 | AE12: =IF(OR(U12="",$P$4=0),"", U12/$P$4) -> 1.8250207 | AF12: =IF(OR(T12="",U12=""),"", ABS(T12-U12)) -> 0.4747042 | AG12: =IF(V12="","", 1 - V12) -> 0.71200649 | AH12: =IF(W12="","", 1 - W12) -> 0.54447522 | AI12: =IF(T12="","", MAX(T12,1-T12)) -> 0.8255814 | AJ12: =IF(U12="","", MAX(U12,1-U12)) -> 0.64912281 | AK12: =(LEN($O12)-LEN(SUBSTITUTE($O12," AND ","")))/5 -> 2 | AL12: =IF(AK12=0, $O12, SUBSTITUTE($O12," AND ","|", AK12)) -> plas ≤ 133.5 AND pedi > 0.5095|skin ≤ 28.5 | AM12: =IF(AK12=0, AL12, TRIM(MID(AL12, FIND("|",AL12)+1, 999))) -> skin ≤ 28.5 | AN12: =LEFT(AM12, FIND(" ", AM12 & " ") - 1) -> skin | AO12: =Y12 -> 0.36386965
A13: 12 | B13: 291 | C13: 0 | D13: 78 | E13: 88 | F13: 29 | G13: 40 | H13: 36.9 | I13: 0.434 | J13: 21 | K13: 0 | L13: =IF(D13<=133.5,IF(I13<=0.5095,IF(D13<=94.5,0,0),IF(F13<=28.5,0,1)),IF(D13<=161.5,IF(I13<=0.315,0,1),IF(C13<=6.5,1,1))) -> 0 | M13: =IF(L13=K13,1,0) -> 1 | O13: plas > 133.5 AND plas ≤ 161.5 | P13: =COUNTIFS($D$2:$D$538,">133.5",$D$2:$D$538,"<=161.5") -> 88 | Q13: =SUMIFS($K$2:$K$538, $D$2:$D$538,">133.5", $D$2:$D$538,"<=161.5") -> 48 | R13: =AA13-P13 -> 69 | S13: =AB13-Q13 -> 61 | T13: =IF(P13=0,"",Q13/P13) -> 0.54545455 | U13: =IF(R13=0,"",S13/R13) -> 0.88405797 | V13: =IF(T13="","",2*T13*(1-T13)) -> 0.49586777 | W13: =IF(U13="","",2*U13*(1-U13)) -> 0.20499895 | X13: =IF(OR(V13="",W13=""),"", (P13/$P$2)*V13 + (R13/$P$2)*W13) -> 0.10760017 | Y13: =IF(X13="","",$P$5 - X13) -> 0.35074313 | Z13: =IF(Y13="","",(P13+R13)/$P$2 * Y13) -> 0.10254501 | AA13: =R9 -> 157 | AB13: =S9 -> 109 | AD13: =IF(OR(T13="",$P$4=0),"", T13/$P$4) -> 1.5335554 | AE13: =IF(OR(U13="",$P$4=0),"", U13/$P$4) -> 2.4855452 | AF13: =IF(OR(T13="",U13=""),"", ABS(T13-U13)) -> 0.33860343 | AG13: =IF(V13="","", 1 - V13) -> 0.50413223 | AH13: =IF(W13="","", 1 - W13) -> 0.79500105 | AI13: =IF(T13="","", MAX(T13,1-T13)) -> 0.54545455 | AJ13: =IF(U13="","", MAX(U13,1-U13)) -> 0.88405797 | AK13: =(LEN($O13)-LEN(SUBSTITUTE($O13," AND ","")))/5 -> 1 | AL13: =IF(AK13=0, $O13, SUBSTITUTE($O13," AND ","|", AK13)) -> plas > 133.5|plas ≤ 161.5 | AM13: =IF(AK13=0, AL13, TRIM(MID(AL13, FIND("|",AL13)+1, 999))) -> plas ≤ 161.5 | AN13: =LEFT(AM13, FIND(" ", AM13 & " ") - 1) -> plas | AO13: =Y13 -> 0.35074313
A14: 13 | B14: 558 | C14: 8 | D14: 110 | E14: 76 | F14: 0 | G14: 0 | H14: 27.8 | I14: 0.237 | J14: 58 | K14: 0 | L14: =IF(D14<=133.5,IF(I14<=0.5095,IF(D14<=94.5,0,0),IF(F14<=28.5,0,1)),IF(D14<=161.5,IF(I14<=0.315,0,1),IF(C14<=6.5,1,1))) -> 0 | M14: =IF(L14=K14,1,0) -> 1 | O14: plas > 133.5 AND plas ≤ 161.5 AND pedi ≤ 0.315 | P14: =COUNTIFS($D$2:$D$538,">133.5",$D$2:$D$538,"<=161.5",$I$2:$I$538,"<=0.315") -> 27 | Q14: =SUMIFS($K$2:$K$538, $D$2:$D$538,">133.5", $D$2:$D$538,"<=161.5", $I$2:$I$538,"<=0.315") -> 8 | R14: =AA14-P14 -> 61 | S14: =AB14-Q14 -> 40 | T14: =IF(P14=0,"",Q14/P14) -> 0.2962963 | U14: =IF(R14=0,"",S14/R14) -> 0.6557377 | V14: =IF(T14="","",2*T14*(1-T14)) -> 0.4170096 | W14: =IF(U14="","",2*U14*(1-U14)) -> 0.45149153 | X14: =IF(OR(V14="",W14=""),"", (P14/$P$2)*V14 + (R14/$P$2)*W14) -> 0.072253711 | Y14: =IF(X14="","",$P$5 - X14) -> 0.38608959 | Z14: =IF(Y14="","",(P14+R14)/$P$2 * Y14) -> 0.063269803 | AA14: =P13 -> 88 | AB14: =Q13 -> 48 | AD14: =IF(OR(T14="",$P$4=0),"", T14/$P$4) -> 0.83304247 | AE14: =IF(OR(U14="",$P$4=0),"", U14/$P$4) -> 1.8436186 | AF14: =IF(OR(T14="",U14=""),"", ABS(T14-U14)) -> 0.35944141 | AG14: =IF(V14="","", 1 - V14) -> 0.5829904 | AH14: =IF(W14="","", 1 - W14) -> 0.54850847 | AI14: =IF(T14="","", MAX(T14,1-T14)) -> 0.7037037 | AJ14: =IF(U14="","", MAX(U14,1-U14)) -> 0.6557377 | AK14: =(LEN($O14)-LEN(SUBSTITUTE($O14," AND ","")))/5 -> 2 | AL14: =IF(AK14=0, $O14, SUBSTITUTE($O14," AND ","|", AK14)) -> plas > 133.5 AND plas ≤ 161.5|pedi ≤ 0.315 | AM14: =IF(AK14=0, AL14, TRIM(MID(AL14, FIND("|",AL14)+1, 999))) -> pedi ≤ 0.315 | AN14: =LEFT(AM14, FIND(" ", AM14 & " ") - 1) -> pedi | AO14: =Y14 -> 0.38608959
A15: 14 | B15: 763 | C15: 9 | D15: 89 | E15: 62 | F15: 0 | G15: 0 | H15: 22.5 | I15: 0.142 | J15: 33 | K15: 0 | L15: =IF(D15<=133.5,IF(I15<=0.5095,IF(D15<=94.5,0,0),IF(F15<=28.5,0,1)),IF(D15<=161.5,IF(I15<=0.315,0,1),IF(C15<=6.5,1,1))) -> 0 | M15: =IF(L15=K15,1,0) -> 1 | O15: plas > 161.5 AND preg ≤ 6.5 | P15: =COUNTIFS($D$2:$D$538,">161.5", $C$2:$C$538,"<=6.5") -> 46 | Q15: =SUMIFS($K$2:$K$538, $D$2:$D$538,">161.5", $C$2:$C$538,"<=6.5") -> 39 | R15: =AA15-P15 -> 23 | S15: =AB15-Q15 -> 22 | T15: =IF(P15=0,"",Q15/P15) -> 0.84782609 | U15: =IF(R15=0,"",S15/R15) -> 0.95652174 | V15: =IF(T15="","",2*T15*(1-T15)) -> 0.25803403 | W15: =IF(U15="","",2*U15*(1-U15)) -> 0.083175803 | X15: =IF(OR(V15="",W15=""),"", (P15/$P$2)*V15 + (R15/$P$2)*W15) -> 0.025665938 | Y15: =IF(X15="","",$P$5 - X15) -> 0.43267737 | Z15: =IF(Y15="","",(P15+R15)/$P$2 * Y15) -> 0.055595416 | AA15: =AA13-P13 -> 69 | AB15: =AB13-Q13 -> 61 | AD15: =IF(OR(T15="",$P$4=0),"", T15/$P$4) -> 2.3836786 | AE15: =IF(OR(U15="",$P$4=0),"", U15/$P$4) -> 2.6892784 | AF15: =IF(OR(T15="",U15=""),"", ABS(T15-U15)) -> 0.10869565 | AG15: =IF(V15="","", 1 - V15) -> 0.74196597 | AH15: =IF(W15="","", 1 - W15) -> 0.9168242 | AI15: =IF(T15="","", MAX(T15,1-T15)) -> 0.84782609 | AJ15: =IF(U15="","", MAX(U15,1-U15)) -> 0.95652174 | AK15: =(LEN($O15)-LEN(SUBSTITUTE($O15," AND ","")))/5 -> 1 | AL15: =IF(AK15=0, $O15, SUBSTITUTE($O15," AND ","|", AK15)) -> plas > 161.5|preg ≤ 6.5 | AM15: =IF(AK15=0, AL15, TRIM(MID(AL15, FIND("|",AL15)+1, 999))) -> preg ≤ 6.5 | AN15: =LEFT(AM15, FIND(" ", AM15 & " ") - 1) -> preg | AO15: =Y15 -> 0.43267737
A16: 15 | B16: 586 | C16: 1 | D16: 93 | E16: 56 | F16: 11 | G16: 0 | H16: 22.5 | I16: 0.417 | J16: 22 | K16: 0 | L16: =IF(D16<=133.5,IF(I16<=0.5095,IF(D16<=94.5,0,0),IF(F16<=28.5,0,1)),IF(D16<=161.5,IF(I16<=0.315,0,1),IF(C16<=6.5,1,1))) -> 0 | M16: =IF(L16=K16,1,0) -> 1
A17: 16 | B17: 151 | C17: 1 | D17: 136 | E17: 74 | F17: 50 | G17: 204 | H17: 37.4 | I17: 0.399 | J17: 24 | K17: 0 | L17: =IF(D17<=133.5,IF(I17<=0.5095,IF(D17<=94.5,0,0),IF(F17<=28.5,0,1)),IF(D17<=161.5,IF(I17<=0.315,0,1),IF(C17<=6.5,1,1))) -> 1 | M17: =IF(L17=K17,1,0) -> 0
A18: 17 | B18: 682 | C18: 0 | D18: 162 | E18: 76 | F18: 36 | G18: 0 | H18: 49.6 | I18: 0.364 | J18: 26 | K18: 1 | L18: =IF(D18<=133.5,IF(I18<=0.5095,IF(D18<=94.5,0,0),IF(F18<=28.5,0,1)),IF(D18<=161.5,IF(I18<=0.315,0,1),IF(C18<=6.5,1,1))) -> 1 | M18: =IF(L18=K18,1,0) -> 1
A19: 18 | B19: 134 | C19: 8 | D19: 84 | E19: 74 | F19: 31 | G19: 0 | H19: 38.3 | I19: 0.457 | J19: 39 | K19: 0 | L19: =IF(D19<=133.5,IF(I19<=0.5095,IF(D19<=94.5,0,0),IF(F19<=28.5,0,1)),IF(D19<=161.5,IF(I19<=0.315,0,1),IF(C19<=6.5,1,1))) -> 0 | M19: =IF(L19=K19,1,0) -> 1
A20: 19 | B20: 643 | C20: 6 | D20: 147 | E20: 80 | F20: 0 | G20: 0 | H20: 29.5 | I20: 0.178 | J20: 50 | K20: 1 | L20: =IF(D20<=133.5,IF(I20<=0.5095,IF(D20<=94.5,0,0),IF(F20<=28.5,0,1)),IF(D20<=161.5,IF(I20<=0.315,0,1),IF(C20<=6.5,1,1))) -> 0 | M20: =IF(L20=K20,1,0) -> 0
A21: 20 | B21: 610 | C21: 1 | D21: 111 | E21: 62 | F21: 13 | G21: 182 | H21: 24 | I21: 0.138 | J21: 23 | K21: 0 | L21: =IF(D21<=133.5,IF(I21<=0.5095,IF(D21<=94.5,0,0),IF(F21<=28.5,0,1)),IF(D21<=161.5,IF(I21<=0.315,0,1),IF(C21<=6.5,1,1))) -> 0 | M21: =IF(L21=K21,1,0) -> 1
A22: 21 | B22: 430 | C22: 1 | D22: 95 | E22: 82 | F22: 25 | G22: 180 | H22: 35 | I22: 0.233 | J22: 43 | K22: 1 | L22: =IF(D22<=133.5,IF(I22<=0.5095,IF(D22<=94.5,0,0),IF(F22<=28.5,0,1)),IF(D22<=161.5,IF(I22<=0.315,0,1),IF(C22<=6.5,1,1))) -> 0 | M22: =IF(L22=K22,1,0) -> 0
A23: 22 | B23: 465 | C23: 10 | D23: 115 | E23: 98 | F23: 0 | G23: 0 | H23: 24 | I23: 1.022 | J23: 34 | K23: 0 | L23: =IF(D23<=133.5,IF(I23<=0.5095,IF(D23<=94.5,0,0),IF(F23<=28.5,0,1)),IF(D23<=161.5,IF(I23<=0.315,0,1),IF(C23<=6.5,1,1))) -> 0 | M23: =IF(L23=K23,1,0) -> 1
A24: 23 | B24: 13 | C24: 10 | D24: 139 | E24: 80 | F24: 0 | G24: 0 | H24: 27.1 | I24: 1.441 | J24: 57 | K24: 0 | L24: =IF(D24<=133.5,IF(I24<=0.5095,IF(D24<=94.5,0,0),IF(F24<=28.5,0,1)),IF(D24<=161.5,IF(I24<=0.315,0,1),IF(C24<=6.5,1,1))) -> 1 | M24: =IF(L24=K24,1,0) -> 0
A25: 24 | B25: 674 | C25: 3 | D25: 123 | E25: 100 | F25: 35 | G25: 240 | H25: 57.3 | I25: 0.88 | J25: 22 | K25: 0 | L25: =IF(D25<=133.5,IF(I25<=0.5095,IF(D25<=94.5,0,0),IF(F25<=28.5,0,1)),IF(D25<=161.5,IF(I25<=0.315,0,1),IF(C25<=6.5,1,1))) -> 1 | M25: =IF(L25=K25,1,0) -> 0
A26: 25 | B26: 582 | C26: 6 | D26: 109 | E26: 60 | F26: 27 | G26: 0 | H26: 25 | I26: 0.206 | J26: 27 | K26: 0 | L26: =IF(D26<=133.5,IF(I26<=0.5095,IF(D26<=94.5,0,0),IF(F26<=28.5,0,1)),IF(D26<=161.5,IF(I26<=0.315,0,1),IF(C26<=6.5,1,1))) -> 0 | M26: =IF(L26=K26,1,0) -> 1
A27: 26 | B27: 285 | C27: 2 | D27: 108 | E27: 80 | F27: 0 | G27: 0 | H27: 27 | I27: 0.259 | J27: 52 | K27: 1 | L27: =IF(D27<=133.5,IF(I27<=0.5095,IF(D27<=94.5,0,0),IF(F27<=28.5,0,1)),IF(D27<=161.5,IF(I27<=0.315,0,1),IF(C27<=6.5,1,1))) -> 0 | M27: =IF(L27=K27,1,0) -> 0
... A538: 537 | B538: 69 | C538: 1 | D538: 95 | E538: 66 | F538: 13 | G538: 38 | H538: 19.6 | I538: 0.334 | J538: 25 | K538: 0 | L538: =IF(D538<=133.5,IF(I538<=0.5095,IF(D538<=94.5,0,0),IF(F538<=28.5,0,1)),IF(D538<=161.5,IF(I538<=0.315,0,1),IF(C538<=6.5,1,1))) -> 0 | M538: =IF(L538=K538,1,0) -> 1

Sheet Tree_4_RawData
A1: Tree 4 | B1: if_correct | C1: RowID | D1: preg | E1: plas | F1: skin | G1: pedi | H1: age | I1: class
A2: =IF(E2<=133.5,IF(G2<=0.5095,IF(E2<=94.5,0,0),IF(F2<=28.5,0,1)),IF(E2<=161.5,IF(G2<=0.315,0,1),IF(D2<=6.5,1,1))) -> 0 | B2: =IF(A2=I2,1,0) -> 1 | C2: 467 | D2: 0 | E2: 74 | F2: 10 | G2: 0.269 | H2: 22 | I2: 0
A3: =IF(E3<=133.5,IF(G3<=0.5095,IF(E3<=94.5,0,0),IF(F3<=28.5,0,1)),IF(E3<=161.5,IF(G3<=0.315,0,1),IF(D3<=6.5,1,1))) -> 1 | B3: =IF(A3=I3,1,0) -> 1 | C3: 189 | D3: 8 | E3: 109 | F3: 39 | G3: 0.64 | H3: 31 | I3: 1
A4: =IF(E4<=133.5,IF(G4<=0.5095,IF(E4<=94.5,0,0),IF(F4<=28.5,0,1)),IF(E4<=161.5,IF(G4<=0.315,0,1),IF(D4<=6.5,1,1))) -> 0 | B4: =IF(A4=I4,1,0) -> 1 | C4: 523 | D4: 6 | E4: 114 | F4: 0 | G4: 0.189 | H4: 26 | I4: 0
A5: =IF(E5<=133.5,IF(G5<=0.5095,IF(E5<=94.5,0,0),IF(F5<=28.5,0,1)),IF(E5<=161.5,IF(G5<=0.315,0,1),IF(D5<=6.5,1,1))) -> 0 | B5: =IF(A5=I5,1,0) -> 0 | C5: 444 | D5: 8 | E5: 108 | F5: 0 | G5: 0.955 | H5: 33 | I5: 1
A6: =IF(E6<=133.5,IF(G6<=0.5095,IF(E6<=94.5,0,0),IF(F6<=28.5,0,1)),IF(E6<=161.5,IF(G6<=0.315,0,1),IF(D6<=6.5,1,1))) -> 0 | B6: =IF(A6=I6,1,0) -> 1 | C6: 167 | D6: 3 | E6: 148 | F6: 25 | G6: 0.256 | H6: 22 | I6: 0
A7: =IF(E7<=133.5,IF(G7<=0.5095,IF(E7<=94.5,0,0),IF(F7<=28.5,0,1)),IF(E7<=161.5,IF(G7<=0.315,0,1),IF(D7<=6.5,1,1))) -> 1 | B7: =IF(A7=I7,1,0) -> 0 | C7: 406 | D7: 2 | E7: 123 | F7: 32 | G7: 0.52 | H7: 26 | I7: 0
A8: =IF(E8<=133.5,IF(G8<=0.5095,IF(E8<=94.5,0,0),IF(F8<=28.5,0,1)),IF(E8<=161.5,IF(G8<=0.315,0,1),IF(D8<=6.5,1,1))) -> 0 | B8: =IF(A8=I8,1,0) -> 0 | C8: 16 | D8: 7 | E8: 100 | F8: 0 | G8: 0.484 | H8: 32 | I8: 1
A9: =IF(E9<=133.5,IF(G9<=0.5095,IF(E9<=94.5,0,0),IF(F9<=28.5,0,1)),IF(E9<=161.5,IF(G9<=0.315,0,1),IF(D9<=6.5,1,1))) -> 0 | B9: =IF(A9=I9,1,0) -> 1 | C9: 266 | D9: 5 | E9: 96 | F9: 18 | G9: 0.997 | H9: 43 | I9: 0
A10: =IF(E10<=133.5,IF(G10<=0.5095,IF(E10<=94.5,0,0),IF(F10<=28.5,0,1)),IF(E10<=161.5,IF(G10<=0.315,0,1),IF(D10<=6.5,1,1))) -> 0 | B10: =IF(A10=I10,1,0) -> 1 | C10: 205 | D10: 6 | E10: 103 | F10: 32 | G10: 0.324 | H10: 55 | I10: 0
A11: =IF(E11<=133.5,IF(G11<=0.5095,IF(E11<=94.5,0,0),IF(F11<=28.5,0,1)),IF(E11<=161.5,IF(G11<=0.315,0,1),IF(D11<=6.5,1,1))) -> 1 | B11: =IF(A11=I11,1,0) -> 1 | C11: 324 | D11: 13 | E11: 152 | F11: 33 | G11: 0.731 | H11: 43 | I11: 1
A12: =IF(E12<=133.5,IF(G12<=0.5095,IF(E12<=94.5,0,0),IF(F12<=28.5,0,1)),IF(E12<=161.5,IF(G12<=0.315,0,1),IF(D12<=6.5,1,1))) -> 0 | B12: =IF(A12=I12,1,0) -> 1 | C12: 473 | D12: 0 | E12: 119 | F12: 27 | G12: 0.259 | H12: 22 | I12: 0
A13: =IF(E13<=133.5,IF(G13<=0.5095,IF(E13<=94.5,0,0),IF(F13<=28.5,0,1)),IF(E13<=161.5,IF(G13<=0.315,0,1),IF(D13<=6.5,1,1))) -> 0 | B13: =IF(A13=I13,1,0) -> 1 | C13: 291 | D13: 0 | E13: 78 | F13: 29 | G13: 0.434 | H13: 21 | I13: 0
... A538: =IF(E538<=133.5,IF(G538<=0.5095,IF(E538<=94.5,0,0),IF(F538<=28.5,0,1)),IF(E538<=161.5,IF(G538<=0.315,0,1),IF(D538<=6.5,1,1))) -> 0 | B538: =IF(A538=I538,1,0) -> 1 | C538: 69 | D538: 1 | E538: 95 | F538: 13 | G538: 0.334 | H538: 25 | I538: 0

Sheet Tree_4_ Node0_plas
A1: Node 0 - Discovering the Root Split (Feature E)
H2: Parent Node Statistics | N2: Best gain | O2: =MAX(S11:S547) -> 0.094730253
N3: Best Threshold | O3: =INDEX(K11:K546, MATCH(O2, S11:S546, 0)) -> 133.5
A4: class (y) | B4: preg | C4: plas | D4: skin | E4: pedi | H4: n_total | I4: =COUNTA(A5:A5000) -> 537
A5: 0 | B5: 1 | C5: 0 | D5: 20 | E5: 0.299 | H5: n1_total (y is 0/1, so sum gives number of positives) | I5: =SUM(A5:A5000) -> 191
A6: 0 | B6: 7 | C6: 62 | D6: 0 | E6: 0.391 | H6: p1_parent | I6: =I5/I4 -> 0.3556797
A7: 0 | B7: 7 | C7: 62 | D7: 0 | E7: 0.391 | H7: Gini_parent (baseline impurity for the root node) | I7: =2*I6*(1-I6) -> 0.4583433
A8: 0 | B8: 1 | C8: 71 | D8: 0 | E8: 0.416
A9: 0 | B9: 2 | C9: 71 | D9: 27 | E9: 0.586
A10: 0 | B10: 1 | C10: 71 | D10: 0 | E10: 0.416 | H10: Row | I10: E | J10: y | K10: mid | L10: NL | M10: n1L | N10: NR | O10: n1R | P10: pL | Q10: pR | R10: Gini_split | S10: Gain
A11: 0 | B11: 9 | C11: 72 | D11: 25 | E11: 0.28 | H11: =ROW()-10 -> 1 | I11: =C5 -> 0 | J11: =A5 -> 0 | K11: =IF(C5<>C6, (C5+C6)/2, "") -> 31 | L11: =ROWS($A$5:A5) -> 1 | M11: =SUM($A$5:A5) -> 0 | N11: =I$4 - L11 -> 536 | O11: =I$5 - M11 -> 191 | P11: =IF(L11=0,"", M11/L11) -> 0 | Q11: =IF(N11=0,"", O11/N11) -> 0.35634328 | R11: =IF(K11="","",(L11/I$4)*(2*P11*(1-P11)) + (N11/I$4)*(2*Q11*(1-Q11))) -> 0.45787126 | S11: =IF(K11="","", $I$7 - R11) -> 0.00047204496
A12: 0 | B12: 9 | C12: 72 | D12: 25 | E12: 0.28 | H12: =ROW()-10 -> 2 | I12: =C6 -> 62 | J12: =A6 -> 0 | K12: =IF(C6<>C7, (C6+C7)/2, "") | L12: =ROWS($A$5:A6) -> 2 | M12: =SUM($A$5:A6) -> 0 | N12: =I$4 - L12 -> 535 | O12: =I$5 - M12 -> 191 | P12: =IF(L12=0,"", M12/L12) -> 0 | Q12: =IF(N12=0,"", O12/N12) -> 0.35700935 | R12: =IF(K12="","",(L12/I$4)*(2*P12*(1-P12)) + (N12/I$4)*(2*Q12*(1-Q12))) | S12: =IF(K12="","", $I$7 - R12)
A13: 0 | B13: 1 | C13: 73 | D13: 10 | E13: 0.248 | H13: =ROW()-10 -> 3 | I13: =C7 -> 62 | J13: =A7 -> 0 | K13: =IF(C7<>C8, (C7+C8)/2, "") -> 66.5 | L13: =ROWS($A$5:A7) -> 3 | M13: =SUM($A$5:A7) -> 0 | N13: =I$4 - L13 -> 534 | O13: =I$5 - M13 -> 191 | P13: =IF(L13=0,"", M13/L13) -> 0 | Q13: =IF(N13=0,"", O13/N13) -> 0.3576779 | R13: =IF(K13="","",(L13/I$4)*(2*P13*(1-P13)) + (N13/I$4)*(2*Q13*(1-Q13))) -> 0.45692186 | S13: =IF(K13="","", $I$7 - R13) -> 0.0014214388
A14: 0 | B14: 1 | C14: 73 | D14: 10 | E14: 0.248 | H14: =ROW()-10 -> 4 | I14: =C8 -> 71 | J14: =A8 -> 0 | K14: =IF(C8<>C9, (C8+C9)/2, "") | L14: =ROWS($A$5:A8) -> 4 | M14: =SUM($A$5:A8) -> 0 | N14: =I$4 - L14 -> 533 | O14: =I$5 - M14 -> 191 | P14: =IF(L14=0,"", M14/L14) -> 0 | Q14: =IF(N14=0,"", O14/N14) -> 0.35834897 | R14: =IF(K14="","",(L14/I$4)*(2*P14*(1-P14)) + (N14/I$4)*(2*Q14*(1-Q14))) | S14: =IF(K14="","", $I$7 - R14)
A15: 0 | B15: 5 | C15: 73 | D15: 0 | E15: 0.268 | H15: =ROW()-10 -> 5 | I15: =C9 -> 71 | J15: =A9 -> 0 | K15: =IF(C9<>C10, (C9+C10)/2, "") | L15: =ROWS($A$5:A9) -> 5 | M15: =SUM($A$5:A9) -> 0 | N15: =I$4 - L15 -> 532 | O15: =I$5 - M15 -> 191 | P15: =IF(L15=0,"", M15/L15) -> 0 | Q15: =IF(N15=0,"", O15/N15) -> 0.35902256 | R15: =IF(K15="","",(L15/I$4)*(2*P15*(1-P15)) + (N15/I$4)*(2*Q15*(1-Q15))) | S15: =IF(K15="","", $I$7 - R15)
A16: 0 | B16: 0 | C16: 74 | D16: 10 | E16: 0.269 | H16: =ROW()-10 -> 6 | I16: =C10 -> 71 | J16: =A10 -> 0 | K16: =IF(C10<>C11, (C10+C11)/2, "") -> 71.5 | L16: =ROWS($A$5:A10) -> 6 | M16: =SUM($A$5:A10) -> 0 | N16: =I$4 - L16 -> 531 | O16: =I$5 - M16 -> 191 | P16: =IF(L16=0,"", M16/L16) -> 0 | Q16: =IF(N16=0,"", O16/N16) -> 0.35969868 | R16: =IF(K16="","",(L16/I$4)*(2*P16*(1-P16)) + (N16/I$4)*(2*Q16*(1-Q16))) -> 0.45548436 | S16: =IF(K16="","", $I$7 - R16) -> 0.002858939
A17: 0 | B17: 8 | C17: 74 | D17: 40 | E17: 0.705 | H17: =ROW()-10 -> 7 | I17: =C11 -> 72 | J17: =A11 -> 0 | K17: =IF(C11<>C12, (C11+C12)/2, "") | L17: =ROWS($A$5:A11) -> 7 | M17: =SUM($A$5:A11) -> 0 | N17: =I$4 - L17 -> 530 | O17: =I$5 - M17 -> 191 | P17: =IF(L17=0,"", M17/L17) -> 0 | Q17: =IF(N17=0,"", O17/N17) -> 0.36037736 | R17: =IF(K17="","",(L17/I$4)*(2*P17*(1-P17)) + (N17/I$4)*(2*Q17*(1-Q17))) | S17: =IF(K17="","", $I$7 - R17)
A18: 0 | B18: 3 | C18: 74 | D18: 28 | E18: 0.293 | H18: =ROW()-10 -> 8 | I18: =C12 -> 72 | J18: =A12 -> 0 | K18: =IF(C12<>C13, (C12+C13)/2, "") -> 72.5 | L18: =ROWS($A$5:A12) -> 8 | M18: =SUM($A$5:A12) -> 0 | N18: =I$4 - L18 -> 529 | O18: =I$5 - M18 -> 191 | P18: =IF(L18=0,"", M18/L18) -> 0 | Q18: =IF(N18=0,"", O18/N18) -> 0.3610586 | R18: =IF(K18="","",(L18/I$4)*(2*P18*(1-P18)) + (N18/I$4)*(2*Q18*(1-Q18))) -> 0.45451697 | S18: =IF(K18="","", $I$7 - R18) -> 0.0038263304
A19: 0 | B19: 0 | C19: 74 | D19: 10 | E19: 0.269 | H19: =ROW()-10 -> 9 | I19: =C13 -> 73 | J19: =A13 -> 0 | K19: =IF(C13<>C14, (C13+C14)/2, "") | L19: =ROWS($A$5:A13) -> 9 | M19: =SUM($A$5:A13) -> 0 | N19: =I$4 - L19 -> 528 | O19: =I$5 - M19 -> 191 | P19: =IF(L19=0,"", M19/L19) -> 0 | Q19: =IF(N19=0,"", O19/N19) -> 0.36174242 | R19: =IF(K19="","",(L19/I$4)*(2*P19*(1-P19)) + (N19/I$4)*(2*Q19*(1-Q19))) | S19: =IF(K19="","", $I$7 - R19)
A20: 0 | B20: 2 | C20: 75 | D20: 24 | E20: 0.37 | H20: =ROW()-10 -> 10 | I20: =C14 -> 73 | J20: =A14 -> 0 | K20: =IF(C14<>C15, (C14+C15)/2, "") | L20: =ROWS($A$5:A14) -> 10 | M20: =SUM($A$5:A14) -> 0 | N20: =I$4 - L20 -> 527 | O20: =I$5 - M20 -> 191 | P20: =IF(L20=0,"", M20/L20) -> 0 | Q20: =IF(N20=0,"", O20/N20) -> 0.36242884 | R20: =IF(K20="","",(L20/I$4)*(2*P20*(1-P20)) + (N20/I$4)*(2*Q20*(1-Q20))) | S20: =IF(K20="","", $I$7 - R20)
A21: 0 | B21: 13 | C21: 76 | D21: 0 | E21: 0.18 | H21: =ROW()-10 -> 11 | I21: =C15 -> 73 | J21: =A15 -> 0 | K21: =IF(C15<>C16, (C15+C16)/2, "") -> 73.5 | L21: =ROWS($A$5:A15) -> 11 | M21: =SUM($A$5:A15) -> 0 | N21: =I$4 - L21 -> 526 | O21: =I$5 - M21 -> 191 | P21: =IF(L21=0,"", M21/L21) -> 0 | Q21: =IF(N21=0,"", O21/N21) -> 0.36311787 | R21: =IF(K21="","",(L21/I$4)*(2*P21*(1-P21)) + (N21/I$4)*(2*Q21*(1-Q21))) -> 0.45305209 | S21: =IF(K21="","", $I$7 - R21) -> 0.0052912112
A22: 0 | B22: 13 | C22: 76 | D22: 0 | E22: 0.18 | H22: =ROW()-10 -> 12 | I22: =C16 -> 74 | J22: =A16 -> 0 | K22: =IF(C16<>C17, (C16+C17)/2, "") | L22: =ROWS($A$5:A16) -> 12 | M22: =SUM($A$5:A16) -> 0 | N22: =I$4 - L22 -> 525 | O22: =I$5 - M22 -> 191 | P22: =IF(L22=0,"", M22/L22) -> 0 | Q22: =IF(N22=0,"", O22/N22) -> 0.36380952 | R22: =IF(K22="","",(L22/I$4)*(2*P22*(1-P22)) + (N22/I$4)*(2*Q22*(1-Q22))) | S22: =IF(K22="","", $I$7 - R22)
... A541: 1 | B541: 0 | C541: 198 | D541: 32 | E541: 0.502 | H541: =ROW()-10 -> 531 | I541: =C535 -> 196 | J541: =A535 -> 1 | K541: =IF(C535<>C536, (C535+C536)/2, "") | L541: =ROWS($A$5:A535) -> 531 | M541: =SUM($A$5:A535) -> 187 | N541: =I$4 - L541 -> 6 | O541: =I$5 - M541 -> 4 | P541: =IF(L541=0,"", M541/L541) -> 0.35216573 | Q541: =IF(N541=0,"", O541/N541) -> 0.66666667 | R541: =IF(K541="","",(L541/I$4)*(2*P541*(1-P541)) + (N541/I$4)*(2*Q541*(1-Q541))) | S541: =IF(K541="","", $I$7 - R541)
H542: =ROW()-10 -> 532 | I542: =C536 -> 196 | J542: =A536 -> 1 | K542: =IF(C536<>C537, (C536+C537)/2, "") -> 196.5 | L542: =ROWS($A$5:A536) -> 532 | M542: =SUM($A$5:A536) -> 188 | N542: =I$4 - L542 -> 5 | O542: =I$5 - M542 -> 3 | P542: =IF(L542=0,"", M542/L542) -> 0.35338346 | Q542: =IF(N542=0,"", O542/N542) -> 0.6 | R542: =IF(K542="","",(L542/I$4)*(2*P542*(1-P542)) + (N542/I$4)*(2*Q542*(1-Q542))) -> 0.45722127 | S542: =IF(K542="","", $I$7 - R542) -> 0.0011220377
H543: =ROW()-10 -> 533 | I543: =C537 -> 197 | J543: =A537 -> 0 | K543: =IF(C537<>C538, (C537+C538)/2, "") | L543: =ROWS($A$5:A537) -> 533 | M543: =SUM($A$5:A537) -> 188 | N543: =I$4 - L543 -> 4 | O543: =I$5 - M543 -> 3 | P543: =IF(L543=0,"", M543/L543) -> 0.35272045 | Q543: =IF(N543=0,"", O543/N543) -> 0.75 | R543: =IF(K543="","",(L543/I$4)*(2*P543*(1-P543)) + (N543/I$4)*(2*Q543*(1-Q543))) | S543: =IF(K543="","", $I$7 - R543)
H544: =ROW()-10 -> 534 | I544: =C538 -> 197 | J544: =A538 -> 1 | K544: =IF(C538<>C539, (C538+C539)/2, "") | L544: =ROWS($A$5:A538) -> 534 | M544: =SUM($A$5:A538) -> 189 | N544: =I$4 - L544 -> 3 | O544: =I$5 - M544 -> 2 | P544: =IF(L544=0,"", M544/L544) -> 0.35393258 | Q544: =IF(N544=0,"", O544/N544) -> 0.66666667 | R544: =IF(K544="","",(L544/I$4)*(2*P544*(1-P544)) + (N544/I$4)*(2*Q544*(1-Q544))) | S544: =IF(K544="","", $I$7 - R544)
H545: =ROW()-10 -> 535 | I545: =C539 -> 197 | J545: =A539 -> 0 | K545: =IF(C539<>C540, (C539+C540)/2, "") -> 197.5 | L545: =ROWS($A$5:A539) -> 535 | M545: =SUM($A$5:A539) -> 189 | N545: =I$4 - L545 -> 2 | O545: =I$5 - M545 -> 2 | P545: =IF(L545=0,"", M545/L545) -> 0.35327103 | Q545: =IF(N545=0,"", O545/N545) -> 1 | R545: =IF(K545="","",(L545/I$4)*(2*P545*(1-P545)) + (N545/I$4)*(2*Q545*(1-Q545))) -> 0.45523939 | S545: =IF(K545="","", $I$7 - R545) -> 0.0031039151
H546: =ROW()-10 -> 536 | I546: =C540 -> 198 | J546: =A540 -> 1 | K546: =IF(C540<>C541, (C540+C541)/2, "") | L546: =ROWS($A$5:A540) -> 536 | M546: =SUM($A$5:A540) -> 190 | N546: =I$4 - L546 -> 1 | O546: =I$5 - M546 -> 1 | P546: =IF(L546=0,"", M546/L546) -> 0.35447761 | Q546: =IF(N546=0,"", O546/N546) -> 1 | R546: =IF(K546="","",(L546/I$4)*(2*P546*(1-P546)) + (N546/I$4)*(2*Q546*(1-Q546))) | S546: =IF(K546="","", $I$7 - R546)

Sheet Tree_4_ Node1L_pedi
A1: Node 1L: Discovering the Split for plas ≤ 133.5
A2: This sheet uses only the rows where plas ≤ 133.5. Sort this | H2: Parent Node Statistics | N2: Best gain | O2: =MAX(S11:S547) -> 0.026378013
A3: subset by column pedi ascending before running the Gini formulas. | N3: Best Threshold | O3: =INDEX(K11:K546, MATCH(O2, S11:S546, 0)) -> 0.5095
A4: class (y) | B4: preg | C4: plas | D4: skin | E4: pedi | H4: n_total | I4: =COUNTA(A5:A5000) -> 380
A5: 0 | B5: 6 | C5: 87 | D5: 0 | E5: 0.084 | H5: n1_total (y is 0/1, so sum gives number of positives) | I5: =SUM(A5:A5000) -> 82
A6: 0 | B6: 6 | C6: 87 | D6: 0 | E6: 0.084 | H6: p1_parent | I6: =I5/I4 -> 0.21578947
A7: 0 | B7: 2 | C7: 125 | D7: 20 | E7: 0.088 | H7: Gini_parent (baseline impurity for the root node) | I7: =2*I6*(1-I6) -> 0.33844875
A8: 0 | B8: 0 | C8: 117 | D8: 31 | E8: 0.089
A9: 0 | B9: 1 | C9: 124 | D9: 36 | E9: 0.1
A10: 0 | B10: 1 | C10: 124 | D10: 36 | E10: 0.1 | H10: Row | I10: pedi | J10: y | K10: mid | L10: NL | M10: n1L | N10: NR | O10: n1R | P10: pL | Q10: pR | R10: Gini_split | S10: Gain
A11: 0 | B11: 1 | C11: 87 | D11: 27 | E11: 0.101 | H11: =ROW()-10 -> 1 | I11: =E5 -> 0.084 | J11: =A5 -> 0 | K11: =IF(E5<>E6, (E5+E6)/2, "") | L11: =ROWS($A$5:A5) -> 1 | M11: =SUM($A$5:A5) -> 0 | N11: =I$4 - L11 -> 379 | O11: =I$5 - M11 -> 82 | P11: =IF(L11=0,"", M11/L11) -> 0 | Q11: =IF(N11=0,"", O11/N11) -> 0.21635884 | R11: =IF(K11="","",(L11/I$4)*(2*P11*(1-P11)) + (N11/I$4)*(2*Q11*(1-Q11))) | S11: =IF(K11="","", $I$7 - R11)
A12: 1 | B12: 2 | C12: 102 | D12: 36 | E12: 0.127 | H12: =ROW()-10 -> 2 | I12: =E6 -> 0.084 | J12: =A6 -> 0 | K12: =IF(E6<>E7, (E6+E7)/2, "") -> 0.086 | L12: =ROWS($A$5:A6) -> 2 | M12: =SUM($A$5:A6) -> 0 | N12: =I$4 - L12 -> 378 | O12: =I$5 - M12 -> 82 | P12: =IF(L12=0,"", M12/L12) -> 0 | Q12: =IF(N12=0,"", O12/N12) -> 0.21693122 | R12: =IF(K12="","",(L12/I$4)*(2*P12*(1-P12)) + (N12/I$4)*(2*Q12*(1-Q12))) -> 0.337956 | S12: =IF(K12="","", $I$7 - R12) -> 0.00049275235
A13: 0 | B13: 2 | C13: 92 | D13: 28 | E13: 0.13 | H13: =ROW()-10 -> 3 | I13: =E7 -> 0.088 | J13: =A7 -> 0 | K13: =IF(E7<>E8, (E7+E8)/2, "") -> 0.0885 | L13: =ROWS($A$5:A7) -> 3 | M13: =SUM($A$5:A7) -> 0 | N13: =I$4 - L13 -> 377 | O13: =I$5 - M13 -> 82 | P13: =IF(L13=0,"", M13/L13) -> 0 | Q13: =IF(N13=0,"", O13/N13) -> 0.21750663 | R13: =IF(K13="","",(L13/I$4)*(2*P13*(1-P13)) + (N13/I$4)*(2*Q13*(1-Q13))) -> 0.33770766 | S13: =IF(K13="","", $I$7 - R13) -> 0.00074108908
A14: 0 | B14: 0 | C14: 107 | D14: 25 | E14: 0.133 | H14: =ROW()-10 -> 4 | I14: =E8 -> 0.089 | J14: =A8 -> 0 | K14: =IF(E8<>E9, (E8+E9)/2, "") -> 0.0945 | L14: =ROWS($A$5:A8) -> 4 | M14: =SUM($A$5:A8) -> 0 | N14: =I$4 - L14 -> 376 | O14: =I$5 - M14 -> 82 | P14: =IF(L14=0,"", M14/L14) -> 0 | Q14: =IF(N14=0,"", O14/N14) -> 0.21808511 | R14: =IF(K14="","",(L14/I$4)*(2*P14*(1-P14)) + (N14/I$4)*(2*Q14*(1-Q14))) -> 0.33745801 | S14: =IF(K14="","", $I$7 - R14) -> 0.00099074674
A15: 0 | B15: 0 | C15: 107 | D15: 25 | E15: 0.133 | H15: =ROW()-10 -> 5 | I15: =E9 -> 0.1 | J15: =A9 -> 0 | K15: =IF(E9<>E10, (E9+E10)/2, "") | L15: =ROWS($A$5:A9) -> 5 | M15: =SUM($A$5:A9) -> 0 | N15: =I$4 - L15 -> 375 | O15: =I$5 - M15 -> 82 | P15: =IF(L15=0,"", M15/L15) -> 0 | Q15: =IF(N15=0,"", O15/N15) -> 0.21866667 | R15: =IF(K15="","",(L15/I$4)*(2*P15*(1-P15)) + (N15/I$4)*(2*Q15*(1-Q15))) | S15: =IF(K15="","", $I$7 - R15)
A16: 0 | B16: 10 | C16: 115 | D16: 0 | E16: 0.134 | H16: =ROW()-10 -> 6 | I16: =E10 -> 0.1 | J16: =A10 -> 0 | K16: =IF(E10<>E11, (E10+E11)/2, "") -> 0.1005 | L16: =ROWS($A$5:A10) -> 6 | M16: =SUM($A$5:A10) -> 0 | N16: =I$4 - L16 -> 374 | O16: =I$5 - M16 -> 82 | P16: =IF(L16=0,"", M16/L16) -> 0 | Q16: =IF(N16=0,"", O16/N16) -> 0.21925134 | R16: =IF(K16="","",(L16/I$4)*(2*P16*(1-P16)) + (N16/I$4)*(2*Q16*(1-Q16))) -> 0.33695469 | S16: =IF(K16="","", $I$7 - R16) -> 0.0014940673
A17: 0 | B17: 10 | C17: 115 | D17: 0 | E17: 0.134 | H17: =ROW()-10 -> 7 | I17: =E11 -> 0.101 | J17: =A11 -> 0 | K17: =IF(E11<>E12, (E11+E12)/2, "") -> 0.114 | L17: =ROWS($A$5:A11) -> 7 | M17: =SUM($A$5:A11) -> 0 | N17: =I$4 - L17 -> 373 | O17: =I$5 - M17 -> 82 | P17: =IF(L17=0,"", M17/L17) -> 0 | Q17: =IF(N17=0,"", O17/N17) -> 0.21983914 | R17: =IF(K17="","",(L17/I$4)*(2*P17*(1-P17)) + (N17/I$4)*(2*Q17*(1-Q17))) -> 0.336701 | S17: =IF(K17="","", $I$7 - R17) -> 0.0017477516
A18: 0 | B18: 8 | C18: 85 | D18: 20 | E18: 0.136 | H18: =ROW()-10 -> 8 | I18: =E12 -> 0.127 | J18: =A12 -> 1 | K18: =IF(E12<>E13, (E12+E13)/2, "") -> 0.1285 | L18: =ROWS($A$5:A12) -> 8 | M18: =SUM($A$5:A12) -> 1 | N18: =I$4 - L18 -> 372 | O18: =I$5 - M18 -> 81 | P18: =IF(L18=0,"", M18/L18) -> 0.125 | Q18: =IF(N18=0,"", O18/N18) -> 0.21774194 | R18: =IF(K18="","",(L18/I$4)*(2*P18*(1-P18)) + (N18/I$4)*(2*Q18*(1-Q18))) -> 0.33809423 | S18: =IF(K18="","", $I$7 - R18) -> 0.00035452596
A19: 0 | B19: 8 | C19: 85 | D19: 20 | E19: 0.136 | H19: =ROW()-10 -> 9 | I19: =E13 -> 0.13 | J19: =A13 -> 0 | K19: =IF(E13<>E14, (E13+E14)/2, "") -> 0.1315 | L19: =ROWS($A$5:A13) -> 9 | M19: =SUM($A$5:A13) -> 1 | N19: =I$4 - L19 -> 371 | O19: =I$5 - M19 -> 81 | P19: =IF(L19=0,"", M19/L19) -> 0.11111111 | Q19: =IF(N19=0,"", O19/N19) -> 0.21832884 | R19: =IF(K19="","",(L19/I$4)*(2*P19*(1-P19)) + (N19/I$4)*(2*Q19*(1-Q19))) -> 0.33791712 | S19: =IF(K19="","", $I$7 - R19) -> 0.00053163362
A20: 0 | B20: 1 | C20: 111 | D20: 13 | E20: 0.138 | H20: =ROW()-10 -> 10 | I20: =E14 -> 0.133 | J20: =A14 -> 0 | K20: =IF(E14<>E15, (E14+E15)/2, "") | L20: =ROWS($A$5:A14) -> 10 | M20: =SUM($A$5:A14) -> 1 | N20: =I$4 - L20 -> 370 | O20: =I$5 - M20 -> 81 | P20: =IF(L20=0,"", M20/L20) -> 0.1 | Q20: =IF(N20=0,"", O20/N20) -> 0.21891892 | R20: =IF(K20="","",(L20/I$4)*(2*P20*(1-P20)) + (N20/I$4)*(2*Q20*(1-Q20))) | S20: =IF(K20="","", $I$7 - R20)
A21: 0 | B21: 2 | C21: 92 | D21: 0 | E21: 0.141 | H21: =ROW()-10 -> 11 | I21: =E15 -> 0.133 | J21: =A15 -> 0 | K21: =IF(E15<>E16, (E15+E16)/2, "") -> 0.1335 | L21: =ROWS($A$5:A15) -> 11 | M21: =SUM($A$5:A15) -> 1 | N21: =I$4 - L21 -> 369 | O21: =I$5 - M21 -> 81 | P21: =IF(L21=0,"", M21/L21) -> 0.090909091 | Q21: =IF(N21=0,"", O21/N21) -> 0.2195122 | R21: =IF(K21="","",(L21/I$4)*(2*P21*(1-P21)) + (N21/I$4)*(2*Q21*(1-Q21))) -> 0.33751896 | S21: =IF(K21="","", $I$7 - R21) -> 0.00092978976
A22: 1 | B22: 0 | C22: 119 | D22: 0 | E22: 0.141 | H22: =ROW()-10 -> 12 | I22: =E16 -> 0.134 | J22: =A16 -> 0 | K22: =IF(E16<>E17, (E16+E17)/2, "") | L22: =ROWS($A$5:A16) -> 12 | M22: =SUM($A$5:A16) -> 1 | N22: =I$4 - L22 -> 368 | O22: =I$5 - M22 -> 81 | P22: =IF(L22=0,"", M22/L22) -> 0.083333333 | Q22: =IF(N22=0,"", O22/N22) -> 0.2201087 | R22: =IF(K22="","",(L22/I$4)*(2*P22*(1-P22)) + (N22/I$4)*(2*Q22*(1-Q22))) | S22: =IF(K22="","", $I$7 - R22)
... A384: 0 | B384: 2 | C384: 92 | D384: 20 | E384: 1.698 | H384: =ROW()-10 -> 374 | I384: =E378 -> 1.391 | J384: =A378 -> 1 | K384: =IF(E378<>E379, (E378+E379)/2, "") | L384: =ROWS($A$5:A378) -> 374 | M384: =SUM($A$5:A378) -> 81 | N384: =I$4 - L384 -> 6 | O384: =I$5 - M384 -> 1 | P384: =IF(L384=0,"", M384/L384) -> 0.21657754 | Q384: =IF(N384=0,"", O384/N384) -> 0.16666667 | R384: =IF(K384="","",(L384/I$4)*(2*P384*(1-P384)) + (N384/I$4)*(2*Q384*(1-Q384))) | S384: =IF(K384="","", $I$7 - R384)
H385: =ROW()-10 -> 375 | I385: =E379 -> 1.391 | J385: =A379 -> 1 | K385: =IF(E379<>E380, (E379+E380)/2, "") -> 1.3955 | L385: =ROWS($A$5:A379) -> 375 | M385: =SUM($A$5:A379) -> 82 | N385: =I$4 - L385 -> 5 | O385: =I$5 - M385 -> 0 | P385: =IF(L385=0,"", M385/L385) -> 0.21866667 | Q385: =IF(N385=0,"", O385/N385) -> 0 | R385: =IF(K385="","",(L385/I$4)*(2*P385*(1-P385)) + (N385/I$4)*(2*Q385*(1-Q385))) -> 0.33720702 | S385: =IF(K385="","", $I$7 - R385) -> 0.0012417359
H386: =ROW()-10 -> 376 | I386: =E380 -> 1.4 | J386: =A380 -> 0 | K386: =IF(E380<>E381, (E380+E381)/2, "") -> 1.5 | L386: =ROWS($A$5:A380) -> 376 | M386: =SUM($A$5:A380) -> 82 | N386: =I$4 - L386 -> 4 | O386: =I$5 - M386 -> 0 | P386: =IF(L386=0,"", M386/L386) -> 0.21808511 | Q386: =IF(N386=0,"", O386/N386) -> 0 | R386: =IF(K386="","",(L386/I$4)*(2*P386*(1-P386)) + (N386/I$4)*(2*Q386*(1-Q386))) -> 0.33745801 | S386: =IF(K386="","", $I$7 - R386) -> 0.00099074674
H387: =ROW()-10 -> 377 | I387: =E381 -> 1.6 | J387: =A381 -> 0 | K387: =IF(E381<>E382, (E381+E382)/2, "") | L387: =ROWS($A$5:A381) -> 377 | M387: =SUM($A$5:A381) -> 82 | N387: =I$4 - L387 -> 3 | O387: =I$5 - M387 -> 0 | P387: =IF(L387=0,"", M387/L387) -> 0.21750663 | Q387: =IF(N387=0,"", O387/N387) -> 0 | R387: =IF(K387="","",(L387/I$4)*(2*P387*(1-P387)) + (N387/I$4)*(2*Q387*(1-Q387))) | S387: =IF(K387="","", $I$7 - R387)
H388: =ROW()-10 -> 378 | I388: =E382 -> 1.6 | J388: =A382 -> 0 | K388: =IF(E382<>E383, (E382+E383)/2, "") -> 1.649 | L388: =ROWS($A$5:A382) -> 378 | M388: =SUM($A$5:A382) -> 82 | N388: =I$4 - L388 -> 2 | O388: =I$5 - M388 -> 0 | P388: =IF(L388=0,"", M388/L388) -> 0.21693122 | Q388: =IF(N388=0,"", O388/N388) -> 0 | R388: =IF(K388="","",(L388/I$4)*(2*P388*(1-P388)) + (N388/I$4)*(2*Q388*(1-Q388))) -> 0.337956 | S388: =IF(K388="","", $I$7 - R388) -> 0.00049275235
H389: =ROW()-10 -> 379 | I389: =E383 -> 1.698 | J389: =A383 -> 0 | K389: =IF(E383<>E384, (E383+E384)/2, "") | L389: =ROWS($A$5:A383) -> 379 | M389: =SUM($A$5:A383) -> 82 | N389: =I$4 - L389 -> 1 | O389: =I$5 - M389 -> 0 | P389: =IF(L389=0,"", M389/L389) -> 0.21635884 | Q389: =IF(N389=0,"", O389/N389) -> 0 | R389: =IF(K389="","",(L389/I$4)*(2*P389*(1-P389)) + (N389/I$4)*(2*Q389*(1-Q389))) | S389: =IF(K389="","", $I$7 - R389)

Sheet Tree_4_ Node1L_R_skin
A1: Node 1L_R: Discovering the Split for (plas ≤ 133.5 AND pedi > 0.5095)
H2: Parent Node Statistics | N2: Best gain | O2: =MAX(S11:S547) -> 0.10803821
N3: Best Threshold | O3: =INDEX(K11:K546, MATCH(O2, S11:S546, 0)) -> 28.5
A4: class (y) | B4: preg | C4: plas | D4: skin | E4: pedi | H4: n_total | I4: =COUNTA(A5:A5000) -> 143
A5: 1 | B5: 4 | C5: 125 | D5: 0 | E5: 0.536 | H5: n1_total (y is 0/1, so sum gives number of positives) | I5: =SUM(A5:A5000) -> 52
A6: 1 | B6: 4 | C6: 125 | D6: 0 | E6: 0.536 | H6: p1_parent | I6: =I5/I4 -> 0.36363636
A7: 1 | B7: 4 | C7: 125 | D7: 0 | E7: 0.536 | H7: Gini_parent (baseline impurity for the root node) | I7: =2*I6*(1-I6) -> 0.46280992
A8: 1 | B8: 4 | C8: 125 | D8: 0 | E8: 0.536
A9: 0 | B9: 0 | C9: 104 | D9: 0 | E9: 0.582
A10: 0 | B10: 0 | C10: 104 | D10: 0 | E10: 0.582 | H10: Row | I10: skin | J10: y | K10: mid | L10: NL | M10: n1L | N10: NR | O10: n1R | P10: pL | Q10: pR | R10: Gini_split | S10: Gain
A11: 0 | B11: 4 | C11: 90 | D11: 0 | E11: 0.61 | H11: =ROW()-10 -> 1 | I11: =D5 -> 0 | J11: =A5 -> 1 | K11: =IF(D5<>D6, (D5+D6)/2, "") | L11: =ROWS($A$5:A5) -> 1 | M11: =SUM($A$5:A5) -> 1 | N11: =I$4 - L11 -> 142 | O11: =I$5 - M11 -> 51 | P11: =IF(L11=0,"", M11/L11) -> 1 | Q11: =IF(N11=0,"", O11/N11) -> 0.35915493 | R11: =IF(K11="","",(L11/I$4)*(2*P11*(1-P11)) + (N11/I$4)*(2*Q11*(1-Q11))) | S11: =IF(K11="","", $I$7 - R11)
A12: 0 | B12: 4 | C12: 90 | D12: 0 | E12: 0.61 | H12: =ROW()-10 -> 2 | I12: =D6 -> 0 | J12: =A6 -> 1 | K12: =IF(D6<>D7, (D6+D7)/2, "") | L12: =ROWS($A$5:A6) -> 2 | M12: =SUM($A$5:A6) -> 2 | N12: =I$4 - L12 -> 141 | O12: =I$5 - M12 -> 50 | P12: =IF(L12=0,"", M12/L12) -> 1 | Q12: =IF(N12=0,"", O12/N12) -> 0.35460993 | R12: =IF(K12="","",(L12/I$4)*(2*P12*(1-P12)) + (N12/I$4)*(2*Q12*(1-Q12))) | S12: =IF(K12="","", $I$7 - R12)
A13: 0 | B13: 5 | C13: 78 | D13: 0 | E13: 0.654 | H13: =ROW()-10 -> 3 | I13: =D7 -> 0 | J13: =A7 -> 1 | K13: =IF(D7<>D8, (D7+D8)/2, "") | L13: =ROWS($A$5:A7) -> 3 | M13: =SUM($A$5:A7) -> 3 | N13: =I$4 - L13 -> 140 | O13: =I$5 - M13 -> 49 | P13: =IF(L13=0,"", M13/L13) -> 1 | Q13: =IF(N13=0,"", O13/N13) -> 0.35 | R13: =IF(K13="","",(L13/I$4)*(2*P13*(1-P13)) + (N13/I$4)*(2*Q13*(1-Q13))) | S13: =IF(K13="","", $I$7 - R13)
A14: 0 | B14: 0 | C14: 111 | D14: 0 | E14: 0.66 | H14: =ROW()-10 -> 4 | I14: =D8 -> 0 | J14: =A8 -> 1 | K14: =IF(D8<>D9, (D8+D9)/2, "") | L14: =ROWS($A$5:A8) -> 4 | M14: =SUM($A$5:A8) -> 4 | N14: =I$4 - L14 -> 139 | O14: =I$5 - M14 -> 48 | P14: =IF(L14=0,"", M14/L14) -> 1 | Q14: =IF(N14=0,"", O14/N14) -> 0.34532374 | R14: =IF(K14="","",(L14/I$4)*(2*P14*(1-P14)) + (N14/I$4)*(2*Q14*(1-Q14))) | S14: =IF(K14="","", $I$7 - R14)
A15: 1 | B15: 2 | C15: 118 | D15: 0 | E15: 0.693 | H15: =ROW()-10 -> 5 | I15: =D9 -> 0 | J15: =A9 -> 0 | K15: =IF(D9<>D10, (D9+D10)/2, "") | L15: =ROWS($A$5:A9) -> 5 | M15: =SUM($A$5:A9) -> 4 | N15: =I$4 - L15 -> 138 | O15: =I$5 - M15 -> 48 | P15: =IF(L15=0,"", M15/L15) -> 0.8 | Q15: =IF(N15=0,"", O15/N15) -> 0.34782609 | R15: =IF(K15="","",(L15/I$4)*(2*P15*(1-P15)) + (N15/I$4)*(2*Q15*(1-Q15))) | S15: =IF(K15="","", $I$7 - R15)
A16: 0 | B16: 7 | C16: 133 | D16: 0 | E16: 0.696 | H16: =ROW()-10 -> 6 | I16: =D10 -> 0 | J16: =A10 -> 0 | K16: =IF(D10<>D11, (D10+D11)/2, "") | L16: =ROWS($A$5:A10) -> 6 | M16: =SUM($A$5:A10) -> 4 | N16: =I$4 - L16 -> 137 | O16: =I$5 - M16 -> 48 | P16: =IF(L16=0,"", M16/L16) -> 0.66666667 | Q16: =IF(N16=0,"", O16/N16) -> 0.35036496 | R16: =IF(K16="","",(L16/I$4)*(2*P16*(1-P16)) + (N16/I$4)*(2*Q16*(1-Q16))) | S16: =IF(K16="","", $I$7 - R16)
A17: 0 | B17: 0 | C17: 129 | D17: 0 | E17: 0.703 | H17: =ROW()-10 -> 7 | I17: =D11 -> 0 | J17: =A11 -> 0 | K17: =IF(D11<>D12, (D11+D12)/2, "") | L17: =ROWS($A$5:A11) -> 7 | M17: =SUM($A$5:A11) -> 4 | N17: =I$4 - L17 -> 136 | O17: =I$5 - M17 -> 48 | P17: =IF(L17=0,"", M17/L17) -> 0.57142857 | Q17: =IF(N17=0,"", O17/N17) -> 0.35294118 | R17: =IF(K17="","",(L17/I$4)*(2*P17*(1-P17)) + (N17/I$4)*(2*Q17*(1-Q17))) | S17: =IF(K17="","", $I$7 - R17)
A18: 1 | B18: 0 | C18: 105 | D18: 0 | E18: 0.741 | H18: =ROW()-10 -> 8 | I18: =D12 -> 0 | J18: =A12 -> 0 | K18: =IF(D12<>D13, (D12+D13)/2, "") | L18: =ROWS($A$5:A12) -> 8 | M18: =SUM($A$5:A12) -> 4 | N18: =I$4 - L18 -> 135 | O18: =I$5 - M18 -> 48 | P18: =IF(L18=0,"", M18/L18) -> 0.5 | Q18: =IF(N18=0,"", O18/N18) -> 0.35555556 | R18: =IF(K18="","",(L18/I$4)*(2*P18*(1-P18)) + (N18/I$4)*(2*Q18*(1-Q18))) | S18: =IF(K18="","", $I$7 - R18)
A19: 0 | B19: 5 | C19: 114 | D19: 0 | E19: 0.744 | H19: =ROW()-10 -> 9 | I19: =D13 -> 0 | J19: =A13 -> 0 | K19: =IF(D13<>D14, (D13+D14)/2, "") | L19: =ROWS($A$5:A13) -> 9 | M19: =SUM($A$5:A13) -> 4 | N19: =I$4 - L19 -> 134 | O19: =I$5 - M19 -> 48 | P19: =IF(L19=0,"", M19/L19) -> 0.44444444 | Q19: =IF(N19=0,"", O19/N19) -> 0.35820896 | R19: =IF(K19="","",(L19/I$4)*(2*P19*(1-P19)) + (N19/I$4)*(2*Q19*(1-Q19))) | S19: =IF(K19="","", $I$7 - R19)
A20: 0 | B20: 5 | C20: 114 | D20: 0 | E20: 0.744 | H20: =ROW()-10 -> 10 | I20: =D14 -> 0 | J20: =A14 -> 0 | K20: =IF(D14<>D15, (D14+D15)/2, "") | L20: =ROWS($A$5:A14) -> 10 | M20: =SUM($A$5:A14) -> 4 | N20: =I$4 - L20 -> 133 | O20: =I$5 - M20 -> 48 | P20: =IF(L20=0,"", M20/L20) -> 0.4 | Q20: =IF(N20=0,"", O20/N20) -> 0.36090226 | R20: =IF(K20="","",(L20/I$4)*(2*P20*(1-P20)) + (N20/I$4)*(2*Q20*(1-Q20))) | S20: =IF(K20="","", $I$7 - R20)
A21: 0 | B21: 2 | C21: 119 | D21: 0 | E21: 0.832 | H21: =ROW()-10 -> 11 | I21: =D15 -> 0 | J21: =A15 -> 1 | K21: =IF(D15<>D16, (D15+D16)/2, "") | L21: =ROWS($A$5:A15) -> 11 | M21: =SUM($A$5:A15) -> 5 | N21: =I$4 - L21 -> 132 | O21: =I$5 - M21 -> 47 | P21: =IF(L21=0,"", M21/L21) -> 0.45454545 | Q21: =IF(N21=0,"", O21/N21) -> 0.35606061 | R21: =IF(K21="","",(L21/I$4)*(2*P21*(1-P21)) + (N21/I$4)*(2*Q21*(1-Q21))) | S21: =IF(K21="","", $I$7 - R21)
A22: 0 | B22: 8 | C22: 112 | D22: 0 | E22: 0.84 | H22: =ROW()-10 -> 12 | I22: =D16 -> 0 | J22: =A16 -> 0 | K22: =IF(D16<>D17, (D16+D17)/2, "") | L22: =ROWS($A$5:A16) -> 12 | M22: =SUM($A$5:A16) -> 5 | N22: =I$4 - L22 -> 131 | O22: =I$5 - M22 -> 47 | P22: =IF(L22=0,"", M22/L22) -> 0.41666667 | Q22: =IF(N22=0,"", O22/N22) -> 0.35877863 | R22: =IF(K22="","",(L22/I$4)*(2*P22*(1-P22)) + (N22/I$4)*(2*Q22*(1-Q22))) | S22: =IF(K22="","", $I$7 - R22)
... A147: 0 | B147: 0 | C147: 100 | D147: 60 | E147: 0.962 | H147: =ROW()-10 -> 137 | I147: =D141 -> 41 | J147: =A141 -> 0 | K147: =IF(D141<>D142, (D141+D142)/2, "") -> 42 | L147: =ROWS($A$5:A141) -> 137 | M147: =SUM($A$5:A141) -> 49 | N147: =I$4 - L147 -> 6 | O147: =I$5 - M147 -> 3 | P147: =IF(L147=0,"", M147/L147) -> 0.35766423 | Q147: =IF(N147=0,"", O147/N147) -> 0.5 | R147: =IF(K147="","",(L147/I$4)*(2*P147*(1-P147)) + (N147/I$4)*(2*Q147*(1-Q147))) -> 0.46118115 | S147: =IF(K147="","", $I$7 - R147) -> 0.0016287627
H148: =ROW()-10 -> 138 | I148: =D142 -> 43 | J148: =A142 -> 0 | K148: =IF(D142<>D143, (D142+D143)/2, "") -> 45 | L148: =ROWS($A$5:A142) -> 138 | M148: =SUM($A$5:A142) -> 49 | N148: =I$4 - L148 -> 5 | O148: =I$5 - M148 -> 3 | P148: =IF(L148=0,"", M148/L148) -> 0.35507246 | Q148: =IF(N148=0,"", O148/N148) -> 0.6 | R148: =IF(K148="","",(L148/I$4)*(2*P148*(1-P148)) + (N148/I$4)*(2*Q148*(1-Q148))) -> 0.45876153 | S148: =IF(K148="","", $I$7 - R148) -> 0.004048389
H149: =ROW()-10 -> 139 | I149: =D143 -> 47 | J149: =A143 -> 1 | K149: =IF(D143<>D144, (D143+D144)/2, "") | L149: =ROWS($A$5:A143) -> 139 | M149: =SUM($A$5:A143) -> 50 | N149: =I$4 - L149 -> 4 | O149: =I$5 - M149 -> 2 | P149: =IF(L149=0,"", M149/L149) -> 0.35971223 | Q149: =IF(N149=0,"", O149/N149) -> 0.5 | R149: =IF(K149="","",(L149/I$4)*(2*P149*(1-P149)) + (N149/I$4)*(2*Q149*(1-Q149))) | S149: =IF(K149="","", $I$7 - R149)
H150: =ROW()-10 -> 140 | I150: =D144 -> 47 | J150: =A144 -> 1 | K150: =IF(D144<>D145, (D144+D145)/2, "") | L150: =ROWS($A$5:A144) -> 140 | M150: =SUM($A$5:A144) -> 51 | N150: =I$4 - L150 -> 3 | O150: =I$5 - M150 -> 1 | P150: =IF(L150=0,"", M150/L150) -> 0.36428571 | Q150: =IF(N150=0,"", O150/N150) -> 0.33333333 | R150: =IF(K150="","",(L150/I$4)*(2*P150*(1-P150)) + (N150/I$4)*(2*Q150*(1-Q150))) | S150: =IF(K150="","", $I$7 - R150)
H151: =ROW()-10 -> 141 | I151: =D145 -> 47 | J151: =A145 -> 1 | K151: =IF(D145<>D146, (D145+D146)/2, "") -> 47.5 | L151: =ROWS($A$5:A145) -> 141 | M151: =SUM($A$5:A145) -> 52 | N151: =I$4 - L151 -> 2 | O151: =I$5 - M151 -> 0 | P151: =IF(L151=0,"", M151/L151) -> 0.36879433 | Q151: =IF(N151=0,"", O151/N151) -> 0 | R151: =IF(K151="","",(L151/I$4)*(2*P151*(1-P151)) + (N151/I$4)*(2*Q151*(1-Q151))) -> 0.45905867 | S151: =IF(K151="","", $I$7 - R151) -> 0.0037512455
H152: =ROW()-10 -> 142 | I152: =D146 -> 48 | J152: =A146 -> 0 | K152: =IF(D146<>D147, (D146+D147)/2, "") -> 54 | L152: =ROWS($A$5:A146) -> 142 | M152: =SUM($A$5:A146) -> 52 | N152: =I$4 - L152 -> 1 | O152: =I$5 - M152 -> 0 | P152: =IF(L152=0,"", M152/L152) -> 0.36619718 | Q152: =IF(N152=0,"", O152/N152) -> 0 | R152: =IF(K152="","",(L152/I$4)*(2*P152*(1-P152)) + (N152/I$4)*(2*Q152*(1-Q152))) -> 0.4609475 | S152: =IF(K152="","", $I$7 - R152) -> 0.0018624142

Sheet Tree_4_ Node1R_plas
A1: Node 1R: Discovering the Split for plas > 133.5
A2: This sheet uses only the rows where plas > 133.5. | H2: Parent Node Statistics | N2: Best gain | O2: =MAX(S11:S547) -> 0.056486563
N3: Best Threshold | O3: =INDEX(K11:K546, MATCH(O2, S11:S546, 0)) -> 161.5
A4: class (y) | B4: preg | C4: plas | D4: skin | E4: pedi | H4: n_total | I4: =COUNTA(A5:A5000) -> 157
A5: 1 | B5: 6 | C5: 134 | D5: 23 | E5: 0.542 | H5: n1_total (y is 0/1, so sum gives number of positives) | I5: =SUM(A5:A5000) -> 109
A6: 1 | B6: 2 | C6: 134 | D6: 0 | E6: 0.542 | H6: p1_parent | I6: =I5/I4 -> 0.69426752
A7: 1 | B7: 6 | C7: 134 | D7: 23 | E7: 0.542 | H7: Gini_parent (baseline impurity for the root node) | I7: =2*I6*(1-I6) -> 0.42452026
A8: 0 | B8: 9 | C8: 134 | D8: 33 | E8: 0.46
A9: 1 | B9: 0 | C9: 135 | D9: 42 | E9: 0.365
A10: 1 | B10: 11 | C10: 135 | D10: 0 | E10: 0.578 | H10: Row | I10: E | J10: y | K10: mid | L10: NL | M10: n1L | N10: NR | O10: n1R | P10: pL | Q10: pR | R10: Gini_split | S10: Gain
A11: 1 | B11: 0 | C11: 135 | D11: 42 | E11: 0.365 | H11: =ROW()-10 -> 1 | I11: =C5 -> 134 | J11: =A5 -> 1 | K11: =IF(C5<>C6, (C5+C6)/2, "") | L11: =ROWS($A$5:A5) -> 1 | M11: =SUM($A$5:A5) -> 1 | N11: =I$4 - L11 -> 156 | O11: =I$5 - M11 -> 108 | P11: =IF(L11=0,"", M11/L11) -> 1 | Q11: =IF(N11=0,"", O11/N11) -> 0.69230769 | R11: =IF(K11="","",(L11/I$4)*(2*P11*(1-P11)) + (N11/I$4)*(2*Q11*(1-Q11))) | S11: =IF(K11="","", $I$7 - R11)
A12: 0 | B12: 1 | C12: 136 | D12: 50 | E12: 0.399 | H12: =ROW()-10 -> 2 | I12: =C6 -> 134 | J12: =A6 -> 1 | K12: =IF(C6<>C7, (C6+C7)/2, "") | L12: =ROWS($A$5:A6) -> 2 | M12: =SUM($A$5:A6) -> 2 | N12: =I$4 - L12 -> 155 | O12: =I$5 - M12 -> 107 | P12: =IF(L12=0,"", M12/L12) -> 1 | Q12: =IF(N12=0,"", O12/N12) -> 0.69032258 | R12: =IF(K12="","",(L12/I$4)*(2*P12*(1-P12)) + (N12/I$4)*(2*Q12*(1-Q12))) | S12: =IF(K12="","", $I$7 - R12)
A13: 0 | B13: 1 | C13: 136 | D13: 50 | E13: 0.399 | H13: =ROW()-10 -> 3 | I13: =C7 -> 134 | J13: =A7 -> 1 | K13: =IF(C7<>C8, (C7+C8)/2, "") | L13: =ROWS($A$5:A7) -> 3 | M13: =SUM($A$5:A7) -> 3 | N13: =I$4 - L13 -> 154 | O13: =I$5 - M13 -> 106 | P13: =IF(L13=0,"", M13/L13) -> 1 | Q13: =IF(N13=0,"", O13/N13) -> 0.68831169 | R13: =IF(K13="","",(L13/I$4)*(2*P13*(1-P13)) + (N13/I$4)*(2*Q13*(1-Q13))) | S13: =IF(K13="","", $I$7 - R13)
A14: 1 | B14: 4 | C14: 136 | D14: 0 | E14: 1.182 | H14: =ROW()-10 -> 4 | I14: =C8 -> 134 | J14: =A8 -> 0 | K14: =IF(C8<>C9, (C8+C9)/2, "") -> 134.5 | L14: =ROWS($A$5:A8) -> 4 | M14: =SUM($A$5:A8) -> 3 | N14: =I$4 - L14 -> 153 | O14: =I$5 - M14 -> 106 | P14: =IF(L14=0,"", M14/L14) -> 0.75 | Q14: =IF(N14=0,"", O14/N14) -> 0.69281046 | R14: =IF(K14="","",(L14/I$4)*(2*P14*(1-P14)) + (N14/I$4)*(2*Q14*(1-Q14))) -> 0.42435785 | S14: =IF(K14="","", $I$7 - R14) -> 0.00016241097
A15: 0 | B15: 0 | C15: 137 | D15: 27 | E15: 0.231 | H15: =ROW()-10 -> 5 | I15: =C9 -> 135 | J15: =A9 -> 1 | K15: =IF(C9<>C10, (C9+C10)/2, "") | L15: =ROWS($A$5:A9) -> 5 | M15: =SUM($A$5:A9) -> 4 | N15: =I$4 - L15 -> 152 | O15: =I$5 - M15 -> 105 | P15: =IF(L15=0,"", M15/L15) -> 0.8 | Q15: =IF(N15=0,"", O15/N15) -> 0.69078947 | R15: =IF(K15="","",(L15/I$4)*(2*P15*(1-P15)) + (N15/I$4)*(2*Q15*(1-Q15))) | S15: =IF(K15="","", $I$7 - R15)
A16: 1 | B16: 0 | C16: 137 | D16: 35 | E16: 2.288 | H16: =ROW()-10 -> 6 | I16: =C10 -> 135 | J16: =A10 -> 1 | K16: =IF(C10<>C11, (C10+C11)/2, "") | L16: =ROWS($A$5:A10) -> 6 | M16: =SUM($A$5:A10) -> 5 | N16: =I$4 - L16 -> 151 | O16: =I$5 - M16 -> 104 | P16: =IF(L16=0,"", M16/L16) -> 0.83333333 | Q16: =IF(N16=0,"", O16/N16) -> 0.68874172 | R16: =IF(K16="","",(L16/I$4)*(2*P16*(1-P16)) + (N16/I$4)*(2*Q16*(1-Q16))) | S16: =IF(K16="","", $I$7 - R16)
A17: 1 | B17: 0 | C17: 138 | D17: 0 | E17: 0.933 | H17: =ROW()-10 -> 7 | I17: =C11 -> 135 | J17: =A11 -> 1 | K17: =IF(C11<>C12, (C11+C12)/2, "") -> 135.5 | L17: =ROWS($A$5:A11) -> 7 | M17: =SUM($A$5:A11) -> 6 | N17: =I$4 - L17 -> 150 | O17: =I$5 - M17 -> 103 | P17: =IF(L17=0,"", M17/L17) -> 0.85714286 | Q17: =IF(N17=0,"", O17/N17) -> 0.68666667 | R17: =IF(K17="","",(L17/I$4)*(2*P17*(1-P17)) + (N17/I$4)*(2*Q17*(1-Q17))) -> 0.42204428 | S17: =IF(K17="","", $I$7 - R17) -> 0.0024759818
A18: 1 | B18: 0 | C18: 138 | D18: 0 | E18: 0.933 | H18: =ROW()-10 -> 8 | I18: =C12 -> 136 | J18: =A12 -> 0 | K18: =IF(C12<>C13, (C12+C13)/2, "") | L18: =ROWS($A$5:A12) -> 8 | M18: =SUM($A$5:A12) -> 6 | N18: =I$4 - L18 -> 149 | O18: =I$5 - M18 -> 103 | P18: =IF(L18=0,"", M18/L18) -> 0.75 | Q18: =IF(N18=0,"", O18/N18) -> 0.69127517 | R18: =IF(K18="","",(L18/I$4)*(2*P18*(1-P18)) + (N18/I$4)*(2*Q18*(1-Q18))) | S18: =IF(K18="","", $I$7 - R18)
A19: 1 | B19: 0 | C19: 138 | D19: 0 | E19: 0.933 | H19: =ROW()-10 -> 9 | I19: =C13 -> 136 | J19: =A13 -> 0 | K19: =IF(C13<>C14, (C13+C14)/2, "") | L19: =ROWS($A$5:A13) -> 9 | M19: =SUM($A$5:A13) -> 6 | N19: =I$4 - L19 -> 148 | O19: =I$5 - M19 -> 103 | P19: =IF(L19=0,"", M19/L19) -> 0.66666667 | Q19: =IF(N19=0,"", O19/N19) -> 0.69594595 | R19: =IF(K19="","",(L19/I$4)*(2*P19*(1-P19)) + (N19/I$4)*(2*Q19*(1-Q19))) | S19: =IF(K19="","", $I$7 - R19)
A20: 1 | B20: 0 | C20: 138 | D20: 35 | E20: 0.534 | H20: =ROW()-10 -> 10 | I20: =C14 -> 136 | J20: =A14 -> 1 | K20: =IF(C14<>C15, (C14+C15)/2, "") -> 136.5 | L20: =ROWS($A$5:A14) -> 10 | M20: =SUM($A$5:A14) -> 7 | N20: =I$4 - L20 -> 147 | O20: =I$5 - M20 -> 102 | P20: =IF(L20=0,"", M20/L20) -> 0.7 | Q20: =IF(N20=0,"", O20/N20) -> 0.69387755 | R20: =IF(K20="","",(L20/I$4)*(2*P20*(1-P20)) + (N20/I$4)*(2*Q20*(1-Q20))) -> 0.42451579 | S20: =IF(K20="","", $I$7 - R20) -> 4.4709352e-06
A21: 1 | B21: 0 | C21: 138 | D21: 0 | E21: 0.933 | H21: =ROW()-10 -> 11 | I21: =C15 -> 137 | J21: =A15 -> 0 | K21: =IF(C15<>C16, (C15+C16)/2, "") | L21: =ROWS($A$5:A15) -> 11 | M21: =SUM($A$5:A15) -> 7 | N21: =I$4 - L21 -> 146 | O21: =I$5 - M21 -> 102 | P21: =IF(L21=0,"", M21/L21) -> 0.63636364 | Q21: =IF(N21=0,"", O21/N21) -> 0.69863014 | R21: =IF(K21="","",(L21/I$4)*(2*P21*(1-P21)) + (N21/I$4)*(2*Q21*(1-Q21))) | S21: =IF(K21="","", $I$7 - R21)
A22: 0 | B22: 11 | C22: 138 | D22: 0 | E22: 0.42 | H22: =ROW()-10 -> 12 | I22: =C16 -> 137 | J22: =A16 -> 1 | K22: =IF(C16<>C17, (C16+C17)/2, "") -> 137.5 | L22: =ROWS($A$5:A16) -> 12 | M22: =SUM($A$5:A16) -> 8 | N22: =I$4 - L22 -> 145 | O22: =I$5 - M22 -> 101 | P22: =IF(L22=0,"", M22/L22) -> 0.66666667 | Q22: =IF(N22=0,"", O22/N22) -> 0.69655172 | R22: =IF(K22="","",(L22/I$4)*(2*P22*(1-P22)) + (N22/I$4)*(2*Q22*(1-Q22))) -> 0.42439417 | S22: =IF(K22="","", $I$7 - R22) -> 0.00012609217
... A161: 1 | B161: 0 | C161: 198 | D161: 32 | E161: 0.502 | H161: =ROW()-10 -> 151 | I161: =C155 -> 196 | J161: =A155 -> 1 | K161: =IF(C155<>C156, (C155+C156)/2, "") | L161: =ROWS($A$5:A155) -> 151 | M161: =SUM($A$5:A155) -> 105 | N161: =I$4 - L161 -> 6 | O161: =I$5 - M161 -> 4 | P161: =IF(L161=0,"", M161/L161) -> 0.69536424 | Q161: =IF(N161=0,"", O161/N161) -> 0.66666667 | R161: =IF(K161="","",(L161/I$4)*(2*P161*(1-P161)) + (N161/I$4)*(2*Q161*(1-Q161))) | S161: =IF(K161="","", $I$7 - R161)
H162: =ROW()-10 -> 152 | I162: =C156 -> 196 | J162: =A156 -> 1 | K162: =IF(C156<>C157, (C156+C157)/2, "") -> 196.5 | L162: =ROWS($A$5:A156) -> 152 | M162: =SUM($A$5:A156) -> 106 | N162: =I$4 - L162 -> 5 | O162: =I$5 - M162 -> 3 | P162: =IF(L162=0,"", M162/L162) -> 0.69736842 | Q162: =IF(N162=0,"", O162/N162) -> 0.6 | R162: =IF(K162="","",(L162/I$4)*(2*P162*(1-P162)) + (N162/I$4)*(2*Q162*(1-Q162))) -> 0.42393564 | S162: =IF(K162="","", $I$7 - R162) -> 0.00058462925
H163: =ROW()-10 -> 153 | I163: =C157 -> 197 | J163: =A157 -> 0 | K163: =IF(C157<>C158, (C157+C158)/2, "") | L163: =ROWS($A$5:A157) -> 153 | M163: =SUM($A$5:A157) -> 106 | N163: =I$4 - L163 -> 4 | O163: =I$5 - M163 -> 3 | P163: =IF(L163=0,"", M163/L163) -> 0.69281046 | Q163: =IF(N163=0,"", O163/N163) -> 0.75 | R163: =IF(K163="","",(L163/I$4)*(2*P163*(1-P163)) + (N163/I$4)*(2*Q163*(1-Q163))) | S163: =IF(K163="","", $I$7 - R163)
H164: =ROW()-10 -> 154 | I164: =C158 -> 197 | J164: =A158 -> 1 | K164: =IF(C158<>C159, (C158+C159)/2, "") | L164: =ROWS($A$5:A158) -> 154 | M164: =SUM($A$5:A158) -> 107 | N164: =I$4 - L164 -> 3 | O164: =I$5 - M164 -> 2 | P164: =IF(L164=0,"", M164/L164) -> 0.69480519 | Q164: =IF(N164=0,"", O164/N164) -> 0.66666667 | R164: =IF(K164="","",(L164/I$4)*(2*P164*(1-P164)) + (N164/I$4)*(2*Q164*(1-Q164))) | S164: =IF(K164="","", $I$7 - R164)
H165: =ROW()-10 -> 155 | I165: =C159 -> 197 | J165: =A159 -> 0 | K165: =IF(C159<>C160, (C159+C160)/2, "") -> 197.5 | L165: =ROWS($A$5:A159) -> 155 | M165: =SUM($A$5:A159) -> 107 | N165: =I$4 - L165 -> 2 | O165: =I$5 - M165 -> 2 | P165: =IF(L165=0,"", M165/L165) -> 0.69032258 | Q165: =IF(N165=0,"", O165/N165) -> 1 | R165: =IF(K165="","",(L165/I$4)*(2*P165*(1-P165)) + (N165/I$4)*(2*Q165*(1-Q165))) -> 0.42210807 | S165: =IF(K165="","", $I$7 - R165) -> 0.0024121897
H166: =ROW()-10 -> 156 | I166: =C160 -> 198 | J166: =A160 -> 1 | K166: =IF(C160<>C161, (C160+C161)/2, "") | L166: =ROWS($A$5:A160) -> 156 | M166: =SUM($A$5:A160) -> 108 | N166: =I$4 - L166 -> 1 | O166: =I$5 - M166 -> 1 | P166: =IF(L166=0,"", M166/L166) -> 0.69230769 | Q166: =IF(N166=0,"", O166/N166) -> 1 | R166: =IF(K166="","",(L166/I$4)*(2*P166*(1-P166)) + (N166/I$4)*(2*Q166*(1-Q166))) | S166: =IF(K166="","", $I$7 - R166)

Sheet Tree_4_Node2M_pedi
A1: Node 2M: Discovering the Split for (133.5 < plas ≤ 161.5)
H2: Parent Node Statistics | N2: Best gain | O2: =MAX(S11:S547) -> 0.054955918
N3: Best Threshold | O3: =INDEX(K11:K546, MATCH(O2, S11:S546, 0)) -> 0.315
A4: class (y) | B4: preg | C4: plas | D4: skin | E4: pedi | H4: n_total | I4: =COUNTA(A5:A5000) -> 88
A5: 0 | B5: 1 | C5: 157 | D5: 21 | E5: 0.123 | H5: n1_total (y is 0/1, so sum gives number of positives) | I5: =SUM(A5:A5000) -> 48
A6: 0 | B6: 1 | C6: 157 | D6: 21 | E6: 0.123 | H6: p1_parent | I6: =I5/I4 -> 0.54545455
A7: 1 | B7: 7 | C7: 142 | D7: 24 | E7: 0.128 | H7: Gini_parent (baseline impurity for the root node) | I7: =2*I6*(1-I6) -> 0.49586777
A8: 0 | B8: 9 | C8: 154 | D8: 30 | E8: 0.164
A9: 1 | B9: 7 | C9: 161 | D9: 0 | E9: 0.165
A10: 1 | B10: 6 | C10: 147 | D10: 0 | E10: 0.178 | H10: Row | I10: pedi | J10: y | K10: mid | L10: NL | M10: n1L | N10: NR | O10: n1R | P10: pL | Q10: pR | R10: Gini_split | S10: Gain
A11: 0 | B11: 1 | C11: 151 | D11: 0 | E11: 0.179 | H11: =ROW()-10 -> 1 | I11: =E5 -> 0.123 | J11: =A5 -> 0 | K11: =IF(E5<>E6, (E5+E6)/2, "") | L11: =ROWS($A$5:A5) -> 1 | M11: =SUM($A$5:A5) -> 0 | N11: =I$4 - L11 -> 87 | O11: =I$5 - M11 -> 48 | P11: =IF(L11=0,"", M11/L11) -> 0 | Q11: =IF(N11=0,"", O11/N11) -> 0.55172414 | R11: =IF(K11="","",(L11/I$4)*(2*P11*(1-P11)) + (N11/I$4)*(2*Q11*(1-Q11))) | S11: =IF(K11="","", $I$7 - R11)
A12: 0 | B12: 4 | C12: 146 | D12: 27 | E12: 0.189 | H12: =ROW()-10 -> 2 | I12: =E6 -> 0.123 | J12: =A6 -> 0 | K12: =IF(E6<>E7, (E6+E7)/2, "") -> 0.1255 | L12: =ROWS($A$5:A6) -> 2 | M12: =SUM($A$5:A6) -> 0 | N12: =I$4 - L12 -> 86 | O12: =I$5 - M12 -> 48 | P12: =IF(L12=0,"", M12/L12) -> 0 | Q12: =IF(N12=0,"", O12/N12) -> 0.55813953 | R12: =IF(K12="","",(L12/I$4)*(2*P12*(1-P12)) + (N12/I$4)*(2*Q12*(1-Q12))) -> 0.4820296 | S12: =IF(K12="","", $I$7 - R12) -> 0.01383817
A13: 0 | B13: 4 | C13: 146 | D13: 27 | E13: 0.189 | H13: =ROW()-10 -> 3 | I13: =E7 -> 0.128 | J13: =A7 -> 1 | K13: =IF(E7<>E8, (E7+E8)/2, "") -> 0.146 | L13: =ROWS($A$5:A7) -> 3 | M13: =SUM($A$5:A7) -> 1 | N13: =I$4 - L13 -> 85 | O13: =I$5 - M13 -> 47 | P13: =IF(L13=0,"", M13/L13) -> 0.33333333 | Q13: =IF(N13=0,"", O13/N13) -> 0.55294118 | R13: =IF(K13="","",(L13/I$4)*(2*P13*(1-P13)) + (N13/I$4)*(2*Q13*(1-Q13))) -> 0.49269162 | S13: =IF(K13="","", $I$7 - R13) -> 0.0031761465
A14: 1 | B14: 9 | C14: 156 | D14: 0 | E14: 0.23 | H14: =ROW()-10 -> 4 | I14: =E8 -> 0.164 | J14: =A8 -> 0 | K14: =IF(E8<>E9, (E8+E9)/2, "") -> 0.1645 | L14: =ROWS($A$5:A8) -> 4 | M14: =SUM($A$5:A8) -> 1 | N14: =I$4 - L14 -> 84 | O14: =I$5 - M14 -> 47 | P14: =IF(L14=0,"", M14/L14) -> 0.25 | Q14: =IF(N14=0,"", O14/N14) -> 0.55952381 | R14: =IF(K14="","",(L14/I$4)*(2*P14*(1-P14)) + (N14/I$4)*(2*Q14*(1-Q14))) -> 0.48755411 | S14: =IF(K14="","", $I$7 - R14) -> 0.008313656
A15: 0 | B15: 0 | C15: 137 | D15: 27 | E15: 0.231 | H15: =ROW()-10 -> 5 | I15: =E9 -> 0.165 | J15: =A9 -> 1 | K15: =IF(E9<>E10, (E9+E10)/2, "") -> 0.1715 | L15: =ROWS($A$5:A9) -> 5 | M15: =SUM($A$5:A9) -> 2 | N15: =I$4 - L15 -> 83 | O15: =I$5 - M15 -> 46 | P15: =IF(L15=0,"", M15/L15) -> 0.4 | Q15: =IF(N15=0,"", O15/N15) -> 0.55421687 | R15: =IF(K15="","",(L15/I$4)*(2*P15*(1-P15)) + (N15/I$4)*(2*Q15*(1-Q15))) -> 0.49331873 | S15: =IF(K15="","", $I$7 - R15) -> 0.0025490391
A16: 1 | B16: 4 | C16: 145 | D16: 18 | E16: 0.235 | H16: =ROW()-10 -> 6 | I16: =E10 -> 0.178 | J16: =A10 -> 1 | K16: =IF(E10<>E11, (E10+E11)/2, "") -> 0.1785 | L16: =ROWS($A$5:A10) -> 6 | M16: =SUM($A$5:A10) -> 3 | N16: =I$4 - L16 -> 82 | O16: =I$5 - M16 -> 45 | P16: =IF(L16=0,"", M16/L16) -> 0.5 | Q16: =IF(N16=0,"", O16/N16) -> 0.54878049 | R16: =IF(K16="","",(L16/I$4)*(2*P16*(1-P16)) + (N16/I$4)*(2*Q16*(1-Q16))) -> 0.49556541 | S16: =IF(K16="","", $I$7 - R16) -> 0.0003023584
A17: 1 | B17: 4 | C17: 145 | D17: 18 | E17: 0.235 | H17: =ROW()-10 -> 7 | I17: =E11 -> 0.179 | J17: =A11 -> 0 | K17: =IF(E11<>E12, (E11+E12)/2, "") -> 0.184 | L17: =ROWS($A$5:A11) -> 7 | M17: =SUM($A$5:A11) -> 3 | N17: =I$4 - L17 -> 81 | O17: =I$5 - M17 -> 45 | P17: =IF(L17=0,"", M17/L17) -> 0.42857143 | Q17: =IF(N17=0,"", O17/N17) -> 0.55555556 | R17: =IF(K17="","",(L17/I$4)*(2*P17*(1-P17)) + (N17/I$4)*(2*Q17*(1-Q17))) -> 0.49350649 | S17: =IF(K17="","", $I$7 - R17) -> 0.0023612751
A18: 1 | B18: 2 | C18: 146 | D18: 0 | E18: 0.24 | H18: =ROW()-10 -> 8 | I18: =E12 -> 0.189 | J18: =A12 -> 0 | K18: =IF(E12<>E13, (E12+E13)/2, "") | L18: =ROWS($A$5:A12) -> 8 | M18: =SUM($A$5:A12) -> 3 | N18: =I$4 - L18 -> 80 | O18: =I$5 - M18 -> 45 | P18: =IF(L18=0,"", M18/L18) -> 0.375 | Q18: =IF(N18=0,"", O18/N18) -> 0.5625 | R18: =IF(K18="","",(L18/I$4)*(2*P18*(1-P18)) + (N18/I$4)*(2*Q18*(1-Q18))) | S18: =IF(K18="","", $I$7 - R18)
A19: 1 | B19: 2 | C19: 155 | D19: 27 | E19: 0.24 | H19: =ROW()-10 -> 9 | I19: =E13 -> 0.189 | J19: =A13 -> 0 | K19: =IF(E13<>E14, (E13+E14)/2, "") -> 0.2095 | L19: =ROWS($A$5:A13) -> 9 | M19: =SUM($A$5:A13) -> 3 | N19: =I$4 - L19 -> 79 | O19: =I$5 - M19 -> 45 | P19: =IF(L19=0,"", M19/L19) -> 0.33333333 | Q19: =IF(N19=0,"", O19/N19) -> 0.56962025 | R19: =IF(K19="","",(L19/I$4)*(2*P19*(1-P19)) + (N19/I$4)*(2*Q19*(1-Q19))) -> 0.48561565 | S19: =IF(K19="","", $I$7 - R19) -> 0.010252118
A20: 0 | B20: 4 | C20: 141 | D20: 0 | E20: 0.244 | H20: =ROW()-10 -> 10 | I20: =E14 -> 0.23 | J20: =A14 -> 1 | K20: =IF(E14<>E15, (E14+E15)/2, "") -> 0.2305 | L20: =ROWS($A$5:A14) -> 10 | M20: =SUM($A$5:A14) -> 4 | N20: =I$4 - L20 -> 78 | O20: =I$5 - M20 -> 44 | P20: =IF(L20=0,"", M20/L20) -> 0.4 | Q20: =IF(N20=0,"", O20/N20) -> 0.56410256 | R20: =IF(K20="","",(L20/I$4)*(2*P20*(1-P20)) + (N20/I$4)*(2*Q20*(1-Q20))) -> 0.49044289 | S20: =IF(K20="","", $I$7 - R20) -> 0.0054248782
A21: 0 | B21: 4 | C21: 141 | D21: 0 | E21: 0.244 | H21: =ROW()-10 -> 11 | I21: =E15 -> 0.231 | J21: =A15 -> 0 | K21: =IF(E15<>E16, (E15+E16)/2, "") -> 0.233 | L21: =ROWS($A$5:A15) -> 11 | M21: =SUM($A$5:A15) -> 4 | N21: =I$4 - L21 -> 77 | O21: =I$5 - M21 -> 44 | P21: =IF(L21=0,"", M21/L21) -> 0.36363636 | Q21: =IF(N21=0,"", O21/N21) -> 0.57142857 | R21: =IF(K21="","",(L21/I$4)*(2*P21*(1-P21)) + (N21/I$4)*(2*Q21*(1-Q21))) -> 0.48642267 | S21: =IF(K21="","", $I$7 - R21) -> 0.0094451004
A22: 0 | B22: 4 | C22: 141 | D22: 0 | E22: 0.244 | H22: =ROW()-10 -> 12 | I22: =E16 -> 0.235 | J22: =A16 -> 1 | K22: =IF(E16<>E17, (E16+E17)/2, "") | L22: =ROWS($A$5:A16) -> 12 | M22: =SUM($A$5:A16) -> 5 | N22: =I$4 - L22 -> 76 | O22: =I$5 - M22 -> 43 | P22: =IF(L22=0,"", M22/L22) -> 0.41666667 | Q22: =IF(N22=0,"", O22/N22) -> 0.56578947 | R22: =IF(K22="","",(L22/I$4)*(2*P22*(1-P22)) + (N22/I$4)*(2*Q22*(1-Q22))) | S22: =IF(K22="","", $I$7 - R22)
