Workbook

Sheet Readme
B4: ENCODER-ONLY TRANSFORMER FOR FRAUD DETECTION
B5: Excel Implementation - Educational Resource
B7: WHAT IS THIS?
B8: This workbook contains a complete, transparent implementation of an Encoder-Only Transformer neural network for credit card fraud detection. Every calculation is visible, making this ideal for learning how transformers work without programming.
B10: ARCHITECTURE TYPE: ENCODER-ONLY
B11: This implementation uses an Encoder-Only Transformer architecture, similar to BERT (Bidirectional Encoder Representations from Transformers).
B12: What's Included (Encoder Components):
B13: Self-Attention Mechanism with Query (Q), Key (K), Value (V) matrices
B14: Attention Score Calculation: Q × K^T
B15: Softmax Normalization for attention weights
B16: Attention Output: Z = Softmax(A) × V
B17: Binary Cross-Entropy Loss Function
... B129: Distinguish encoder vs decoder architectures

Sheet Data (2)
B2: Data
B3: Transaction | C3: 1 | D3: 2 | E3: 3 | F3: 4 | G3: 5 | H3: 6 | L3: Feature | M3: Encoding
B4: Amount (USD) | C4: 8000 | D4: 100 | E4: 9500 | F4: 200 | G4: 9000 | H4: 50 | L4: Time | M4: 1 = Late Night (12 AM - 6 AM), 2 = Morning (6 AM - 12 PM), 3 = Afternoon (12 PM - 6 PM), 4 = Evening (6 PM - 12 AM)
B5: Time | C5: Late Night (1 AM) | D5: Afternoon (3 PM) | E5: Late Night (1 AM) | F5: Morning (10 AM) | G5: Late Night (1 AM) | H5: Evening (9 PM) | L5: Merchant Type | M5: 3 = High-Risk (Luxury, Jewelry), 2 = Medium-Risk (Electronics, Pharmacy), 1 = Low-Risk (Grocery, Fast Food)
B6: Merchant Type | C6: Luxury | D6: Grocery | E6: Luxury | F6: Grocery | G6: Luxury | H6: Grocery | L6: Frequency | M6: High (Many txns in short time) = 1, Low (few txns over days) = 0.2, Medium = 0.6
B7: Frequency | C7: Frequent | D7: Rare | E7: Very Frequent | F7: Rare | G7: Frequent | H7: Occasional | L7: Location | M7: USA = 0, Foreign (Russia, UK) = 1
B8: Location | C8: Foreign | D8: Domestic | E8: Foreign | F8: Domestic | G8: Foreign | H8: Domestic | L8: Device Used | M8: New Device = 1, Same Device = 0
B9: Device Used | C9: New Device | D9: Same Device | E9: New Device | F9: Same Device | G9: New Device | H9: Same Device
B10: Fraud Label | C10: 1 | D10: 0 | E10: 1 | F10: 0 | G10: 1 | H10: 0
B12: Embedding
B13: Transaction | C13: 1 | D13: 2 | E13: 3 | F13: 4 | G13: 5 | H13: 6
B14: Normalized Amount | C14: 0.84127 | D14: 0.005291 | E14: 1 | F14: 0.015873 | G14: 0.94709 | H14: 0
B15: Time Encoding | C15: 1 | D15: 3 | E15: 1 | F15: 2 | G15: 1 | H15: 4
B16: Merchant Encoding | C16: 3 | D16: 1 | E16: 3 | F16: 1 | G16: 3 | H16: 1
B17: Frequency Encoding | C17: 1 | D17: 0.1 | E17: 1 | F17: 0.2 | G17: 0.9 | H17: 0.3
B18: Location Encoding | C18: 1 | D18: 0 | E18: 1 | F18: 0 | G18: 1 | H18: 0
B19: Device Encoding | C19: 1 | D19: 0 | E19: 1 | F19: 0 | G19: 1 | H19: 0
B20: Fraud Label | C20: 1 | D20: 0 | E20: 1 | F20: 0 | G20: 1 | H20: 0
B23: Query (Q) Matrix (6×4)
B25: Feature | C25: Q1 | D25: Q2 | E25: Q3 | F25: Q4
B26: Amount | C26: 0.24835708 | D26: -0.06913215 | E26: 0.32384427 | F26: 0.76151493
B27: Time | C27: -0.11707669 | D27: -0.11706848 | E27: 0.78960641 | F27: 0.38371736
B28: Merchant | C28: -0.23473719 | D28: 0.27128002 | E28: -0.23170885 | F28: -0.23286488
B29: Frequency | C29: 0.12098114 | D29: -0.95664012 | E29: -0.86245892 | F29: -0.28114376
B30: Location | C30: -0.50641556 | D30: 0.15712367 | E30: -0.45401204 | F30: -0.70615185
B31: Device Used | C31: 0.73282438 | D31: -0.11288815 | E31: 0.0337641 | F31: -0.71237409
B33: Key (K) Matrix (6×4)
B35: Feature | C35: K1 | D35: K2 | E35: K3 | F35: K4
B36: Amount | C36: -0.27219136 | D36: 0.05546129 | E36: -0.57549679 | F36: 0.18784901
B37: Time | C37: -0.30031934 | D37: -0.14584687 | E37: -0.30085331 | F37: 0.92613909
B38: Merchant | C38: -0.00674861 | D38: -0.52885546 | E38: 0.41127246 | F38: -0.61042182
B39: Frequency | C39: 0.1044318 | D39: -0.97983506 | E39: -0.66409302 | F39: 0.09843062
B40: Location | C40: 0.36923329 | D40: 0.08568414 | E40: -0.05782414 | F40: -0.15055185
B41: Device Used | C41: -0.739261 | D41: -0.3599221 | E41: -0.23031939 | F41: 0.52856111
B43: Value (V) Matrix (6×4)
B45: Feature | C45: V1 | D45: V2 | E45: V3 | F45: V4
B46: Amount | C46: 0.17180914 | D46: -0.88152008 | E46: 0.16204198 | F46: -0.19254114
B47: Time | C47: -0.338461 | D47: 0.30583814 | E47: 0.51549976 | F47: 0.46564006
B48: Merchant | C48: -0.41960876 | D48: -0.15460619 | E48: 0.16563172 | F48: 0.48777256
B49: Frequency | C49: -0.23958712 | D49: -0.09282949 | E49: -0.55316749 | F49: -0.59810331
B50: Location | C50: 0.40626291 | D50: 0.67812001 | E50: -0.03600506 | F50: 0.50176645
B51: Device Used | C51: 0.18081801 | D51: -0.32255988 | E51: 0.1806978 | F51: 0.76901828
B57: Transaction | C57: 1 | D57: 2 | E57: 3 | F57: 4 | G57: 5 | H57: 6
B58: Normalized Amount | C58: 0.84127 | D58: 0.005291 | E58: 1 | F58: 0.015873 | G58: 0.94709 | H58: 0
B59: Time Encoding | C59: 1 | D59: 3 | E59: 1 | F59: 2 | G59: 1 | H59: 4
B60: Merchant Encoding | C60: 3 | D60: 1 | E60: 3 | F60: 1 | G60: 3 | H60: 1
B61: Frequency Encoding | C61: 1 | D61: 0.1 | E61: 1 | F61: 0.2 | G61: 0.9 | H61: 0.3
B62: Location Encoding | C62: 1 | D62: 0 | E62: 1 | F62: 0 | G62: 1 | H62: 0
B63: Device Encoding | C63: 1 | D63: 0 | E63: 1 | F63: 0 | G63: 1 | H63: 0
B64: Fraud Label | C64: 1 | D64: 0 | E64: 1 | F64: 0 | G64: 1 | H64: 0

Sheet Data
B2: Data
B3: Transaction | C3: 1 | D3: 2 | E3: 3 | F3: 4 | G3: 5 | H3: 6 | L3: Feature | M3: Encoding
B4: Amount (USD) | C4: 8000 | D4: 100 | E4: 9500 | F4: 200 | G4: 9000 | H4: 50 | L4: Time | M4: 1 = Late Night (12 AM - 6 AM), 2 = Morning (6 AM - 12 PM), 3 = Afternoon (12 PM - 6 PM), 4 = Evening (6 PM - 12 AM)
B5: Time | C5: Late Night (1 AM) | D5: Afternoon (3 PM) | E5: Late Night (1 AM) | F5: Morning (10 AM) | G5: Late Night (1 AM) | H5: Evening (9 PM) | L5: Merchant Type | M5: 3 = High-Risk (Luxury, Jewelry), 2 = Medium-Risk (Electronics, Pharmacy), 1 = Low-Risk (Grocery, Fast Food)
B6: Merchant Type | C6: Luxury | D6: Grocery | E6: Luxury | F6: Grocery | G6: Luxury | H6: Grocery | L6: Frequency | M6: High (Many txns in short time) = 1, Low (few txns over days) = 0.2, Medium = 0.6
B7: Frequency | C7: Rare | D7: Frequent | E7: Rare | F7: Frequent | G7: Rare | H7: Occasional | L7: Location | M7: USA = 0, Foreign (Russia, UK) = 1
B8: Location | C8: Foreign | D8: Domestic | E8: Foreign | F8: Domestic | G8: Foreign | H8: Domestic | L8: Device Used | M8: New Device = 1, Same Device = 0
B9: Device Used | C9: New Device | D9: Same Device | E9: New Device | F9: Same Device | G9: New Device | H9: Same Device
B10: Fraud Label | C10: 1 | D10: 0 | E10: 1 | F10: 0 | G10: 1 | H10: 0
B12: Embedding
B13: Transaction | C13: 1 | D13: 2 | E13: 3 | F13: 4 | G13: 5 | H13: 6
B14: Normalized Amount | C14: 0.84127 | D14: 0.005291 | E14: 1 | F14: 0.015873 | G14: 0.94709 | H14: 0
B15: Time Encoding | C15: 1 | D15: 3 | E15: 1 | F15: 2 | G15: 1 | H15: 4
B16: Merchant Encoding | C16: 3 | D16: 1 | E16: 3 | F16: 1 | G16: 3 | H16: 1
B17: Frequency Encoding | C17: 1 | D17: 0.1 | E17: 0.9 | F17: 0.2 | G17: 0.8 | H17: 0.3
B18: Location Encoding | C18: 1 | D18: 0 | E18: 1 | F18: 0 | G18: 1 | H18: 0
B19: Device Encoding | C19: 1 | D19: 0 | E19: 1 | F19: 0 | G19: 1 | H19: 0
B20: Fraud Label | C20: 1 | D20: 0 | E20: 1 | F20: 0 | G20: 1 | H20: 0
B23: Query (Q) Matrix (6×4)
B25: Feature | C25: Q1 | D25: Q2 | E25: Q3 | F25: Q4
B26: Amount | C26: 0.24835708 | D26: -0.06913215 | E26: 0.32384427 | F26: 0.76151493
B27: Time | C27: -0.11707669 | D27: -0.11706848 | E27: 0.78960641 | F27: 0.38371736
B28: Merchant | C28: -0.23473719 | D28: 0.27128002 | E28: -0.23170885 | F28: -0.23286488
B29: Frequency | C29: 0.12098114 | D29: -0.95664012 | E29: -0.86245892 | F29: -0.28114376
B30: Location | C30: -0.50641556 | D30: 0.15712367 | E30: -0.45401204 | F30: -0.70615185
B31: Device Used | C31: 0.73282438 | D31: -0.11288815 | E31: 0.0337641 | F31: -0.71237409
B33: Key (K) Matrix (6×4)
B35: Feature | C35: K1 | D35: K2 | E35: K3 | F35: K4
B36: Amount | C36: -0.27219136 | D36: 0.05546129 | E36: -0.57549679 | F36: 0.18784901
B37: Time | C37: -0.30031934 | D37: -0.14584687 | E37: -0.30085331 | F37: 0.92613909
B38: Merchant | C38: -0.00674861 | D38: -0.52885546 | E38: 0.41127246 | F38: -0.61042182
B39: Frequency | C39: 0.1044318 | D39: -0.97983506 | E39: -0.66409302 | F39: 0.09843062
B40: Location | C40: 0.36923329 | D40: 0.08568414 | E40: -0.05782414 | F40: -0.15055185
B41: Device Used | C41: -0.739261 | D41: -0.3599221 | E41: -0.23031939 | F41: 0.52856111
B43: Value (V) Matrix (6×4)
B45: Feature | C45: V1 | D45: V2 | E45: V3 | F45: V4
B46: Amount | C46: 0.17180914 | D46: -0.88152008 | E46: 0.16204198 | F46: -0.19254114
B47: Time | C47: -0.338461 | D47: 0.30583814 | E47: 0.51549976 | F47: 0.46564006
B48: Merchant | C48: -0.41960876 | D48: -0.15460619 | E48: 0.16563172 | F48: 0.48777256
B49: Frequency | C49: -0.23958712 | D49: -0.09282949 | E49: -0.55316749 | F49: -0.59810331
B50: Location | C50: 0.40626291 | D50: 0.67812001 | E50: -0.03600506 | F50: 0.50176645
B51: Device Used | C51: 0.18081801 | D51: -0.32255988 | E51: 0.1806978 | F51: 0.76901828
B57: Transaction | C57: 1 | D57: 2 | E57: 3 | F57: 4 | G57: 5 | H57: 6
B58: Normalized Amount | C58: 0.84127 | D58: 0.005291 | E58: 1 | F58: 0.015873 | G58: 0.94709 | H58: 0
B59: Time Encoding | C59: 1 | D59: 3 | E59: 1 | F59: 2 | G59: 1 | H59: 4
B60: Merchant Encoding | C60: 3 | D60: 1 | E60: 3 | F60: 1 | G60: 3 | H60: 1
B61: Frequency Encoding | C61: 1 | D61: 0.1 | E61: 1 | F61: 0.2 | G61: 0.9 | H61: 0.3
B62: Location Encoding | C62: 1 | D62: 0 | E62: 1 | F62: 0 | G62: 1 | H62: 0
B63: Device Encoding | C63: 1 | D63: 0 | E63: 1 | F63: 0 | G63: 1 | H63: 0
B64: Fraud Label | C64: 1 | D64: 0 | E64: 1 | F64: 0 | G64: 1 | H64: 0

Sheet First Iteration
B3: Input | C3: X_train: | J3: Y_train
C4: {=TRANSPOSE(Data!C14:H20)} -> 0.84127 | D4: 1 | E4: 3 | F4: 1 | G4: 1 | H4: 1 | I4: 1 | J4: 1 | AG4: dL/dZ
C5: 0.005291 | D5: 3 | E5: 1 | F5: 0.1 | G5: 0 | H5: 0 | I5: 0 | J5: 0 | Z5: Z Matrix (Output of Attention): | AE5: Y_Pred | AI5: Binary Cross-Entropy Loss | AM5: #2. Compute gradient of loss w.r.t attention_weights (dL/dP)
C6: 1 | D6: 1 | E6: 3 | F6: 0.9 | G6: 1 | H6: 1 | I6: 1 | J6: 1 | R6: {=MMULT(M9:P14,TRANSPOSE(M18:P23))} -> 1.8537653 | S6: -1.9505328 | T6: 1.834139 | U6: -0.99832437 | V6: 1.7455433 | W6: -2.6869571 | Z6: {=MMULT(R29:W34,M27:P32)} -> -1.1123972 | AA6: -0.51005121 | AB6: 0.90301822 | AC6: 2.3605532 | AE6: =1/(1+EXP(-SUM(Z6:AC6))) -> 0.8376877 | AG6: =AE6-J4 -> -0.1623123 | AI6: =-J4*LN(AE6)-(1-J4)*LN(1-AE6) -> 0.17710993
C7: 0.015873 | D7: 2 | E7: 1 | F7: 0.2 | G7: 0 | H7: 0 | I7: 0 | J7: 0 | L7: Query | R7: -0.29133521 | S7: 1.499139 | T7: -0.3127373 | U7: 0.96547281 | V7: -0.15060704 | W7: 1.6794754 | Z7: -1.382781 | AA7: 0.32374324 | AB7: 1.4016338 | AC7: 2.0188206 | AE7: =1/(1+EXP(-SUM(Z7:AC7))) -> 0.91383742 | AG7: =AE7-J5 -> 0.91383742 | AI7: =-J5*LN(AE7)-(1-J5)*LN(1-AE7) -> 2.4515193 | AM7: {=MMULT(Z15:AC20,TRANSPOSE(M27:P32))} -> -0.23337255 | AN7: -0.45000356 | AO7: -0.23838397 | AP7: -0.27069414 | AQ7: -0.26882293 | AR7: -0.55643108
C8: 0.94709 | D8: 1 | E8: 3 | F8: 0.8 | G8: 1 | H8: 1 | I8: 1 | J8: 1 | M8: 0 | N8: 1 | O8: 2 | P8: 3 | R8: 1.472896 | S8: -1.8177693 | T8: 1.4603908 | U8: -0.95783467 | V8: 1.3903383 | W8: -2.5092682 | Z8: -1.1235838 | AA8: -0.46649484 | AB8: 0.92572263 | AC8: 2.3362031 | AE8: =1/(1+EXP(-SUM(Z8:AC8))) -> 0.84182193 | AG8: =AE8-J6 -> -0.15817807 | AI8: =-J6*LN(AE8)-(1-J6)*LN(1-AE8) -> 0.17218677 | AM8: 1.313915 | AN8: 2.5335731 | AO8: 1.3421299 | AP8: 1.5240399 | AQ8: 1.5135048 | AR8: 3.1327726
C9: 0 | D9: 4 | E9: 1 | F9: 0.3 | G9: 0 | H9: 0 | I9: 0 | J9: 0 | M9: {=MMULT(C4:H9,C13:F18)} -> -0.26496294 | N9: -0.27379182 | O9: -0.91578653 | P9: -1.3739073 | R9: 0.088931311 | S9: 0.96814029 | T9: 0.076358464 | U9: 0.64600685 | V9: 0.1644608 | W9: 1.0989562 | Z9: -1.3303777 | AA9: 0.17317287 | AB9: 1.3071173 | AC9: 2.0721263 | AE9: =1/(1+EXP(-SUM(Z9:AC9))) -> 0.90221122 | AG9: =AE9-J7 -> 0.90221122 | AI9: =-J7*LN(AE9)-(1-J7)*LN(1-AE9) -> 2.3249454 | AM9: -0.22742835 | AN9: -0.43854158 | AO9: -0.23231213 | AP9: -0.26379932 | AQ9: -0.26197578 | AR9: -0.54225829
M10: -0.57255509 | N10: -0.17595521 | O10: 2.0525779 | P10: 0.894202 | R10: 1.1699841 | S10: -1.9660602 | T10: 1.1674723 | U10: -1.0821682 | V10: 1.1136953 | W10: -2.7257884 | Z10: -1.1259485 | AA10: -0.45332789 | AB10: 0.9316074 | AC10: 2.3267375 | AE10: =1/(1+EXP(-SUM(Z10:AC10))) -> 0.84278114 | AG10: =AE10-J8 -> -0.15721886 | AI10: =-J8*LN(AE10)-(1-J8)*LN(1-AE10) -> 0.17104797 | AM10: 1.2971988 | AN10: 2.50134 | AO10: 1.3250548 | AP10: 1.5046505 | AQ10: 1.4942494 | AR10: 3.0929162
M11: -0.23763933 | N11: -0.18910116 | O11: -0.77813684 | P11: -1.2249177 | R11: 0.29365318 | S11: 2.271246 | T11: 0.23552398 | U11: 1.5384426 | V11: 0.42121166 | W11: 2.6237536 | Z11: -1.4080678 | AA11: 0.37061486 | AB11: 1.4412051 | AC11: 2.0215737 | AE11: =1/(1+EXP(-SUM(Z11:AC11))) -> 0.91873825 | AG11: =AE11-J9 -> 0.91873825 | AI11: =-J9*LN(AE11)-(1-J9)*LN(1-AE11) -> 2.5100799 | AM11: -0.2260492 | AN11: -0.43588221 | AO11: -0.23090336 | AP11: -0.26219961 | AQ11: -0.26038712 | AR11: -0.53896997
B12: Query | M12: -0.44075217 | N12: -0.1552823 | O12: 1.1801526 | P12: 0.49042861 | AI12: =AVERAGE(AI6:AI11) -> 1.3011482 | AM12: 1.3209614 | AN12: 2.5471605 | AO12: 1.3493276 | AP12: 1.5322132 | AQ12: 1.5216216 | AR12: 3.1495734
C13: =Data!C26 -> 0.24835708 | D13: =Data!D26 -> -0.06913215 | E13: =Data!E26 -> 0.32384427 | F13: =Data!F26 -> 0.76151493 | M13: -0.26287802 | N13: -0.089779364 | O13: -0.70902555 | P13: -1.2370951 | R13: Attention Scores:
C14: =Data!C27 -> -0.11707669 | D14: =Data!D27 -> -0.11706848 | E14: =Data!E27 -> 0.78960641 | F14: =Data!F27 -> 0.38371736 | M14: -0.66674961 | N14: -0.48398594 | O14: 2.6679791 | P14: 1.2176614 | R14: =R6/SQRT(4) -> 0.92688263 | S14: =S6/SQRT(4) -> -0.97526642 | T14: =T6/SQRT(4) -> 0.9170695 | U14: =U6/SQRT(4) -> -0.49916219 | V14: =V6/SQRT(4) -> 0.87277167 | W14: =W6/SQRT(4) -> -1.3434786 | Z14: # 1. Compute gradient of loss w.r.t attention_output (dL/dZ)
C15: =Data!C28 -> -0.23473719 | D15: =Data!D28 -> 0.27128002 | E15: =Data!E28 -> -0.23170885 | F15: =Data!F28 -> -0.23286488 | R15: =R7/SQRT(4) -> -0.1456676 | S15: =S7/SQRT(4) -> 0.74956952 | T15: =T7/SQRT(4) -> -0.15636865 | U15: =U7/SQRT(4) -> 0.4827364 | V15: =V7/SQRT(4) -> -0.075303521 | W15: =W7/SQRT(4) -> 0.83973772 | Z15: =AG6 -> -0.1623123 | AA15: =Z15 -> -0.1623123 | AB15: =AA15 -> -0.1623123 | AC15: =AB15 -> -0.1623123 | AF15: =R29*AM7 -> -0.06803187 | AG15: =S29*AN7 -> -0.019578786 | AH15: =T29*AO7 -> -0.068814175 | AI15: =U29*AP7 -> -0.018959116 | AJ15: =V29*AQ7 -> -0.074238443 | AK15: =W29*AR7 -> -0.016752078 | AM15: =SUM(AF15:AK15) -> -0.26637447 | AO15: =AM7-$AM15 -> 0.033001916 | AP15: =AN7-$AM15 -> -0.1836291 | AQ15: =AO7-$AM15 -> 0.027990492 | AR15: =AP7-$AM15 -> -0.004319673 | AS15: =AQ7-$AM15 -> -0.002448463 | AT15: =AR7-$AM15 -> -0.29005661
C16: =Data!C29 -> 0.12098114 | D16: =Data!D29 -> -0.95664012 | E16: =Data!E29 -> -0.86245892 | F16: =Data!F29 -> -0.28114376 | L16: Key | R16: =R8/SQRT(4) -> 0.73644801 | S16: =S8/SQRT(4) -> -0.90888465 | T16: =T8/SQRT(4) -> 0.73019541 | U16: =U8/SQRT(4) -> -0.47891734 | V16: =V8/SQRT(4) -> 0.69516916 | W16: =W8/SQRT(4) -> -1.2546341 | Z16: =AG7 -> 0.91383742 | AA16: =Z16 -> 0.91383742 | AB16: =AA16 -> 0.91383742 | AC16: =AB16 -> 0.91383742 | AF16: =R30*AM8 -> 0.13056003 | AG16: =S30*AN8 -> 0.61627275 | AH16: =T30*AO8 -> 0.13194415 | AI16: =U30*AP8 -> 0.28389106 | AJ16: =V30*AQ8 -> 0.16135615 | AK16: =W30*AR8 -> 0.83392683 | AM16: =SUM(AF16:AK16) -> 2.157951 | AO16: =AM8-$AM16 -> -0.84403597 | AP16: =AN8-$AM16 -> 0.37562217 | AQ16: =AO8-$AM16 -> -0.81582107 | AR16: =AP8-$AM16 -> -0.63391103 | AS16: =AQ8-$AM16 -> -0.64444616 | AT16: =AR8-$AM16 -> 0.97482165
C17: =Data!C30 -> -0.50641556 | D17: =Data!D30 -> 0.15712367 | E17: =Data!E30 -> -0.45401204 | F17: =Data!F30 -> -0.70615185 | M17: 0 | N17: 1 | O17: 2 | P17: 3 | R17: =R9/SQRT(4) -> 0.044465656 | S17: =S9/SQRT(4) -> 0.48407014 | T17: =T9/SQRT(4) -> 0.038179232 | U17: =U9/SQRT(4) -> 0.32300342 | V17: =V9/SQRT(4) -> 0.082230399 | W17: =W9/SQRT(4) -> 0.54947812 | Z17: =AG8 -> -0.15817807 | AA17: =Z17 -> -0.15817807 | AB17: =AA17 -> -0.15817807 | AC17: =AB17 -> -0.15817807 | AF17: =R31*AM9 -> -0.063537659 | AG17: =S31*AN9 -> -0.023639511 | AH17: =T31*AO9 -> -0.064497521 | AI17: =U31*AP9 -> -0.021859178 | AJ17: =V31*AQ9 -> -0.070229661 | AK17: =W31*AR9 -> -0.020686015 | AM17: =SUM(AF17:AK17) -> -0.26444954 | AO17: =AM9-$AM17 -> 0.037021195 | AP17: =AN9-$AM17 -> -0.17409203 | AQ17: =AO9-$AM17 -> 0.032137417 | AR17: =AP9-$AM17 -> 0.00065022023 | AS17: =AQ9-$AM17 -> 0.0024737689 | AT17: =AR9-$AM17 -> -0.27780875
C18: =Data!C31 -> 0.73282438 | D18: =Data!D31 -> -0.11288815 | E18: =Data!E31 -> 0.0337641 | F18: =Data!F31 -> -0.71237409 | M18: {=MMULT(C4:H9,C20:F25)} -> -0.81514751 | N18: -2.9398284 | O18: -0.50342066 | P18: -0.27065475 | R18: =R10/SQRT(4) -> 0.58499203 | S18: =S10/SQRT(4) -> -0.9830301 | T18: =T10/SQRT(4) -> 0.58373615 | U18: =U10/SQRT(4) -> -0.54108411 | V18: =V10/SQRT(4) -> 0.55684764 | W18: =W10/SQRT(4) -> -1.3628942 | Z18: =AG9 -> 0.90221122 | AA18: =Z18 -> 0.90221122 | AB18: =AA18 -> 0.90221122 | AC18: =AB18 -> 0.90221122 | AF18: =R32*AM10 -> 0.17153006 | AG18: =S32*AN10 -> 0.5133626 | AH18: =T32*AO10 -> 0.17411547 | AI18: =U32*AP10 -> 0.26286741 | AJ18: =V32*AQ10 -> 0.20519076 | AK18: =W32*AR10 -> 0.67768203 | AM18: =SUM(AF18:AK18) -> 2.0047483 | AO18: =AM10-$AM18 -> -0.70754948 | AP18: =AN10-$AM18 -> 0.49659169 | AQ18: =AO10-$AM18 -> -0.67969354 | AR18: =AP10-$AM18 -> -0.50009783 | AS18: =AQ10-$AM18 -> -0.51049893 | AT18: =AR10-$AM18 -> 1.0881679
B19: W_K | C19: Matrix: | M19: -0.89870361 | N19: -1.0640861 | O19: -0.56074173 | P19: 2.1788324 | R19: =R11/SQRT(4) -> 0.14682659 | S19: =S11/SQRT(4) -> 1.135623 | T19: =T11/SQRT(4) -> 0.11776199 | U19: =U11/SQRT(4) -> 0.76922128 | V19: =V11/SQRT(4) -> 0.21060583 | W19: =W11/SQRT(4) -> 1.3118768 | Z19: =AG10 -> -0.15721886 | AA19: =Z19 -> -0.15721886 | AB19: =AA19 -> -0.15721886 | AC19: =AB19 -> -0.15721886 | AF19: =R33*AM11 -> -0.061993647 | AG19: =S33*AN11 -> -0.024918966 | AH19: =T33*AO11 -> -0.063245416 | AI19: =U33*AP11 -> -0.02331995 | AJ19: =V33*AQ11 -> -0.069428978 | AK19: =W33*AR11 -> -0.02107427 | AM19: =SUM(AF19:AK19) -> -0.26398123 | AO19: =AM11-$AM19 -> 0.037932032 | AP19: =AN11-$AM19 -> -0.17190098 | AQ19: =AO11-$AM19 -> 0.033077869 | AR19: =AP11-$AM19 -> 0.0017816145 | AS19: =AQ11-$AM19 -> 0.003594105 | AT19: =AR11-$AM19 -> -0.27498875
C20: =Data!C36 -> -0.27219136 | D20: =Data!D36 -> 0.05546129 | E20: =Data!E36 -> -0.57549679 | F20: =Data!F36 -> 0.18784901 | M20: -0.86879562 | N20: -2.8330415 | O20: -0.52835997 | P20: -0.25068054 | Z20: =AG11 -> 0.91873825 | AA20: =Z20 -> 0.91873825 | AB20: =AA20 -> 0.91873825 | AC20: =AB20 -> 0.91873825 | AF20: =R34*AM12 -> 0.12237156 | AG20: =S34*AN12 -> 0.63427192 | AH20: =T34*AO12 -> 0.12141859 | AI20: =U34*AP12 -> 0.26449176 | AJ20: =V34*AQ12 -> 0.1502436 | AK20: =W34*AR12 -> 0.93544223 | AM20: =SUM(AF20:AK20) -> 2.2282396 | AO20: =AM12-$AM20 -> -0.90727824 | AP20: =AN12-$AM20 -> 0.31892083 | AQ20: =AO12-$AM20 -> -0.87891202 | AR20: =AP12-$AM20 -> -0.69602641 | AS20: =AQ12-$AM20 -> -0.70661804 | AT20: =AR12-$AM20 -> 0.92133376
C21: =Data!C37 -> -0.30031934 | D21: =Data!D37 -> -0.14584687 | E21: =Data!E37 -> -0.30085331 | F21: =Data!F37 -> 0.92613909 | M21: -0.59082142 | N21: -1.0156359 | O21: -0.33238762 | P21: 1.2645242 | R21: =EXP(R14) -> 2.5266205 | S21: =EXP(S14) -> 0.37709187 | T21: =EXP(T14) -> 2.5019477 | U21: =EXP(U14) -> 0.60703903 | V21: =EXP(V14) -> 2.3935358 | W21: =EXP(W14) -> 0.2609364 | Z21: # 3. Compute gradient of loss w.r.t attention scores (dL/dA) with softmax derivative
C22: =Data!C38 -> -0.00674861 | D22: =Data!D38 -> -0.52885546 | E22: =Data!E38 -> 0.41127246 | F22: =Data!F38 -> -0.61042182 | M22: -0.86483716 | N22: -2.7379924 | O22: -0.43150113 | P22: -0.2704627 | R22: =EXP(R15) -> 0.86444499 | S22: =EXP(S15) -> 2.1160889 | T22: =EXP(T15) -> 0.85524385 | U22: =EXP(U15) -> 1.6205027 | V22: =EXP(V15) -> 0.92746194 | W22: =EXP(W15) -> 2.3157595 | Z22: =R29*AO15/SQRT(4) -> 0.0048102959 | AA22: =S29*AP15/SQRT(4) -> -0.0039946736 | AB22: =T29*AQ15/SQRT(4) -> 0.0040400002 | AC22: =U29*AR15/SQRT(4) -> -0.00015127255 | AD22: =V29*AS15/SQRT(4) -> -0.00033808515 | AE22: =W29*AT15/SQRT(4) -> -0.0043662648
C23: =Data!C39 -> 0.1044318 | D23: =Data!D39 -> -0.97983506 | E23: =Data!E39 -> -0.66409302 | F23: =Data!F39 -> 0.09843062 | M23: -1.1766964 | N23: -1.4061935 | O23: -0.99136869 | P23: 3.1236637 | R23: =EXP(R16) -> 2.088504 | S23: =EXP(S16) -> 0.40297343 | T23: =EXP(T16) -> 2.0754861 | U23: =EXP(U16) -> 0.61945369 | V23: =EXP(V16) -> 2.0040481 | W23: =EXP(W16) -> 0.28518017 | Z23: =R30*AO16/SQRT(4) -> -0.041934738 | AA23: =S30*AP16/SQRT(4) -> 0.045683645 | AB23: =T30*AQ16/SQRT(4) -> -0.040101489 | AC23: =U30*AR16/SQRT(4) -> -0.059040997 | AD23: =V30*AS16/SQRT(4) -> -0.034352501 | AE23: =W30*AT16/SQRT(4) -> 0.12974608
C24: =Data!C40 -> 0.36923329 | D24: =Data!D40 -> 0.08568414 | E24: =Data!E40 -> -0.05782414 | F24: =Data!F40 -> -0.15055185 | R24: =EXP(R17) -> 1.0454691 | S24: =EXP(S17) -> 1.6226655 | T24: =EXP(T17) -> 1.0389174 | U24: =EXP(U17) -> 1.3812701 | V24: =EXP(V17) -> 1.0857059 | W24: =EXP(W17) -> 1.7323487 | Z24: =R31*AO17/SQRT(4) -> 0.0051713872 | AA24: =S31*AP17/SQRT(4) -> -0.0046922011 | AB24: =T31*AQ17/SQRT(4) -> 0.0044612043 | AC24: =U31*AR17/SQRT(4) -> 2.6939568e-05 | AD24: =V31*AS17/SQRT(4) -> 0.00033158018 | AE24: =W31*AT17/SQRT(4) -> -0.0052989101
C25: =Data!C41 -> -0.739261 | D25: =Data!D41 -> -0.3599221 | E25: =Data!E41 -> -0.23031939 | F25: =Data!F41 -> 0.52856111 | L25: Value | R25: =EXP(R18) -> 1.7949767 | S25: =EXP(S18) -> 0.37417559 | T25: =EXP(T18) -> 1.7927238 | U25: =EXP(U18) -> 0.58211683 | V25: =EXP(V18) -> 1.7451624 | W25: =EXP(W18) -> 0.25591902 | Z25: =R32*AO18/SQRT(4) -> -0.046780032 | AA25: =S32*AP18/SQRT(4) -> 0.050959005 | AB25: =T32*AQ18/SQRT(4) -> -0.044656705 | AC25: =U32*AR18/SQRT(4) -> -0.04368437 | AD25: =V32*AS18/SQRT(4) -> -0.03505093 | AE25: =W32*AT18/SQRT(4) -> 0.11921303
B26: W_V | C26: Matrix: | M26: 0 | N26: 1 | O26: 2 | P26: 3 | R26: =EXP(R19) -> 1.1581531 | S26: =EXP(S19) -> 3.1131124 | T26: =EXP(T19) -> 1.1249763 | U26: =EXP(U19) -> 2.158085 | V26: =EXP(V19) -> 1.2344257 | W26: =EXP(W19) -> 3.7131361 | Z26: =R33*AO19/SQRT(4) -> 0.0052014009 | AA26: =S33*AP19/SQRT(4) -> -0.0049137067 | AB26: =T33*AQ19/SQRT(4) -> 0.0045300848 | AC26: =U33*AR19/SQRT(4) -> 7.9228114e-05 | AD26: =V33*AS19/SQRT(4) -> 0.00047916163 | AE26: =W33*AT19/SQRT(4) -> -0.0053761689
C27: =Data!C46 -> 0.17180914 | D27: =Data!D46 -> -0.88152008 | E27: =Data!E46 -> 0.16204198 | F27: =Data!F46 -> -0.19254114 | M27: {=MMULT(C4:H9,C27:F32)} -> -1.1052556 | N27: -0.63684619 | O27: 0.74024123 | P27: 2.4396601 | Z27: =R34*AO20/SQRT(4) -> -0.042024335 | AA27: =S34*AP20/SQRT(4) -> 0.039707456 | AB27: =T34*AQ20/SQRT(4) -> -0.039544234 | AC27: =U34*AR20/SQRT(4) -> -0.060074291 | AD27: =V34*AS20/SQRT(4) -> -0.034885428 | AE27: =W34*AT20/SQRT(4) -> 0.13682083
C28: =Data!C47 -> -0.338461 | D28: =Data!D47 -> 0.30583814 | E28: =Data!E47 -> 0.51549976 | F28: =Data!F47 -> 0.46564006 | M28: -1.4580414 | N28: 0.74896116 | O28: 1.6576716 | P28: 1.8238637 | R28: Softmax Attention Probabilities:
C29: =Data!C48 -> -0.41960876 | D29: =Data!D48 -> -0.15460619 | E29: =Data!E48 -> 0.16563172 | F29: =Data!F48 -> 0.48777256 | M29: -1.0540256 | N29: -0.76748692 | O29: 0.8212789 | P29: 2.4689084 | R29: =R21/SUM($R21:$W21) -> 0.29151616 | S29: =S21/SUM($R21:$W21) -> 0.043508068 | T29: =T21/SUM($R21:$W21) -> 0.28866947 | U29: =U21/SUM($R21:$W21) -> 0.070038888 | V29: =V21/SUM($R21:$W21) -> 0.27616112 | W29: =W21/SUM($R21:$W21) -> 0.030106294 | Z29: Gradients dL/dK: | AG29: Gradients dL/dV:
C30: =Data!C49 -> -0.23958712 | D30: =Data!D49 -> -0.09282949 | E30: =Data!E49 -> -0.55316749 | F30: =Data!F49 -> -0.59810331 | M30: -1.1417211 | N30: 0.42451182 | O30: 1.0885698 | P30: 1.2963758 | R30: =R22/SUM($R22:$W22) -> 0.099367183 | S30: =S22/SUM($R22:$W22) -> 0.24324253 | T30: =T22/SUM($R22:$W22) -> 0.098309519 | U30: =U22/SUM($R22:$W22) -> 0.18627534 | V30: =V22/SUM($R22:$W22) -> 0.10661092 | W30: =W22/SUM($R22:$W22) -> 0.2661945 | Z30: {=MMULT(TRANSPOSE(Z22:AE27),M9:P14)} -> 0.068777248 | AA30: 0.03222002 | AB30: -0.26551912 | AC30: -0.13098986 | AG30: {=MMULT(TRANSPOSE(R29:W34),Z15:AC20)} -> 0.16059156 | AH30: 0.16059156 | AI30: 0.16059156 | AJ30: 0.16059156
C31: =Data!C50 -> 0.40626291 | D31: =Data!D50 -> 0.67812001 | E31: =Data!E50 -> -0.03600506 | F31: =Data!F50 -> 0.50176645 | M31: -1.0391573 | N31: -0.71156274 | O31: 0.86802201 | P31: 2.538906 | R31: =R23/SUM($R23:$W23) -> 0.2793744 | S31: =S23/SUM($R23:$W23) -> 0.053904834 | T31: =T23/SUM($R23:$W23) -> 0.27763304 | U31: =U23/SUM($R23:$W23) -> 0.082862904 | V31: =V23/SUM($R23:$W23) -> 0.26807693 | W31: =W23/SUM($R23:$W23) -> 0.038147899 | Z31: -0.071626429 | AA31: -0.032746998 | AB31: 0.27064069 | AC31: 0.13150699 | AG31: 0.61164924 | AH31: 0.61164924 | AI31: 0.61164924 | AJ31: 0.61164924
C32: =Data!C51 -> 0.18081801 | D32: =Data!D51 -> -0.32255988 | E32: =Data!E51 -> 0.1806978 | F32: =Data!F51 -> 0.76901828 | M32: -1.8453289 | N32: 1.0408975 | O32: 2.0616805 | P32: 2.1709018 | R32: =R24/SUM($R24:$W24) -> 0.13223112 | S32: =S24/SUM($R24:$W24) -> 0.20523503 | T32: =T24/SUM($R24:$W24) -> 0.13140247 | U32: =U24/SUM($R24:$W24) -> 0.1747033 | V32: =V24/SUM($R24:$W24) -> 0.13732029 | W32: =W24/SUM($R24:$W24) -> 0.21910779 | Z32: 0.065687486 | AA32: 0.030772869 | AB32: -0.2508995 | AC32: -0.12253059 | AG32: 0.15723093 | AH32: 0.15723093 | AI32: 0.15723093 | AJ32: 0.15723093
R33: =R25/SUM($R25:$W25) -> 0.27424848 | S33: =S25/SUM($R25:$W25) -> 0.057169036 | T33: =T25/SUM($R25:$W25) -> 0.27390427 | U33: =U25/SUM($R25:$W25) -> 0.088939682 | V33: =V25/SUM($R25:$W25) -> 0.26663753 | W33: =W25/SUM($R25:$W25) -> 0.03910101 | Z33: 0.093125566 | AA33: 0.046276302 | AB33: -0.33295603 | AC33: -0.14729197 | AG33: 0.44797965 | AH33: 0.44797965 | AI33: 0.44797965 | AJ33: 0.44797965
R34: =R26/SUM($R26:$W26) -> 0.092638252 | S34: =S26/SUM($R26:$W26) -> 0.24901137 | T34: =T26/SUM($R26:$W26) -> 0.08998451 | U34: =U26/SUM($R26:$W26) -> 0.17262072 | V34: =V26/SUM($R26:$W26) -> 0.098739136 | W34: =W26/SUM($R26:$W26) -> 0.29700601 | Z34: 0.05826214 | AA34: 0.028358191 | AB34: -0.20523836 | AC34: -0.090921123 | AG34: 0.18288369 | AH34: 0.18288369 | AI34: 0.18288369 | AJ34: 0.18288369
Z35: -0.21422601 | AA35: -0.10488038 | AB35: 0.78397231 | AC35: 0.36022654 | AG35: 0.69674258 | AH35: 0.69674258 | AI35: 0.69674258 | AJ35: 0.69674258
Z37: Gradients dL/dQ: | AF37: np.dot(X_train.T, dL_dV) | AK37: Updated W_V:
Z38: {=MMULT(Z22:AE27,M18:P23)} -> 0.0016785243 | AA38: -0.01411713 | AB38: 0.0022085469 | AC38: -0.024756995 | AF38: {=MMULT(TRANSPOSE(C4:H9),AG30:AJ35)} -> 0.47588613 | AG38: 0.47588613 | AH38: 0.47588613 | AI38: 0.47588613 | AK38: =C27-0.02*AF38 -> 0.16229142 | AL38: =D27-0.02*AG38 -> -0.8910378 | AM38: =E27-0.02*AH38 -> 0.15252426 | AN38: =F27-0.02*AI38 -> -0.20205886
Z39: -0.060112806 | AA39: 0.15985173 | AB39: -0.077496452 | AC39: 0.46085493 | AF39: 6.0185835 | AG39: 6.0185835 | AH39: 6.0185835 | AI39: 6.0185835 | AK39: =C28-0.02*AF39 -> -0.45883267 | AL39: =D28-0.02*AG39 -> 0.18546647 | AM39: =E28-0.02*AH39 -> 0.39512809 | AN39: =F28-0.02*AI39 -> 0.34526839
Z40: 0.0020581093 | AA40: -0.016332793 | AB40: 0.00277175 | AC40: -0.029349145 | AF40: 3.25849 | AG40: 3.25849 | AH40: 3.25849 | AI40: 3.25849 | AK40: =C29-0.02*AF40 -> -0.48477856 | AL40: =D29-0.02*AG40 -> -0.21977599 | AM40: =E29-0.02*AH40 -> 0.10046192 | AN40: =F29-0.02*AI40 -> 0.42260276
Z41: -0.053021407 | AA41: 0.1825148 | AB41: -0.069969397 | AC41: 0.46150839 | AF41: 0.80818999 | AG41: 0.80818999 | AH41: 0.80818999 | AI41: 0.80818999 | AK41: =C30-0.02*AF41 -> -0.25575092 | AL41: =D30-0.02*AG41 -> -0.10899329 | AM41: =E30-0.02*AH41 -> -0.56933129 | AN41: =F30-0.02*AI41 -> -0.61426711
Z42: 0.0021052513 | AA42: -0.016729011 | AB42: 0.0028399844 | AC42: -0.030072285 | AF42: 0.50070619 | AG42: 0.50070619 | AH42: 0.50070619 | AI42: 0.50070619 | AK42: =C31-0.02*AF42 -> 0.39624879 | AL42: =D31-0.02*AG42 -> 0.66810589 | AM42: =E31-0.02*AH42 -> -0.046019184 | AN42: =F31-0.02*AI42 -> 0.49175233
Z43: -0.062406537 | AA43: 0.15745572 | AB43: -0.080834954 | AC43: 0.46865503 | AF43: 0.50070619 | AG43: 0.50070619 | AH43: 0.50070619 | AI43: 0.50070619 | AK43: =C32-0.02*AF43 -> 0.17080389 | AL43: =D32-0.02*AG43 -> -0.332574 | AM43: =E32-0.02*AH43 -> 0.17068368 | AN43: =F32-0.02*AI43 -> 0.75900416
AF47: np.dot(X_train.T, dL_dQ) | AK47: Updated W_Q:
AF48: {=MMULT(TRANSPOSE(C4:H9),Z38:AC43)} -> 0.0043043982 | AG48: -0.040310158 | AH48: 0.005798797 | AI48: -0.068893716 | AK48: =C13-0.02*AF48 -> 0.24827099 | AL48: =D13-0.02*AG48 -> -0.068325947 | AM48: =E13-0.02*AH48 -> 0.32372829 | AN48: =F13-0.02*AI48 -> 0.7628928
AF49: -0.53016549 | AG49: 1.4272287 | AH49: -0.68794769 | AI49: 4.0960232 | AK49: =C14-0.02*AF49 -> -0.10647338 | AL49: =D14-0.02*AG49 -> -0.14561305 | AM49: =E14-0.02*AH49 -> 0.80336536 | AN49: =F14-0.02*AI49 -> 0.3017969
AF50: -0.1580151 | AG50: 0.35828544 | AH50: -0.20483996 | AI50: 1.1384831 | AK50: =C15-0.02*AF50 -> -0.23157689 | AL50: =D15-0.02*AG50 -> 0.26411431 | AM50: =E15-0.02*AH50 -> -0.22761205 | AN50: =F15-0.02*AI50 -> -0.25563454
AF51: -0.030122499 | AG51: 0.057524995 | AH51: -0.039018902 | AI51: 0.20375463 | AK51: =C16-0.02*AF51 -> 0.12158359 | AL51: =D16-0.02*AG51 -> -0.95779062 | AM51: =E16-0.02*AH51 -> -0.86167854 | AN51: =F16-0.02*AI51 -> -0.28521885
AF52: 0.0058418849 | AG52: -0.047178935 | AH52: 0.0078202812 | AI52: -0.084178424 | AK52: =C17-0.02*AF52 -> -0.5065324 | AL52: =D17-0.02*AG52 -> 0.15806725 | AM52: =E17-0.02*AH52 -> -0.45416845 | AN52: =F17-0.02*AI52 -> -0.70446828
AF53: 0.0058418849 | AG53: -0.047178935 | AH53: 0.0078202812 | AI53: -0.084178424 | AK53: =C18-0.02*AF53 -> 0.73270754 | AL53: =D18-0.02*AG53 -> -0.11194457 | AM53: =E18-0.02*AH53 -> 0.033607694 | AN53: =F18-0.02*AI53 -> -0.71069052
AF55: np.dot(X_train.T, dL_dK) | AK55: Updated W_K:
AF56: {=MMULT(TRANSPOSE(C4:H9),Z30:AC35)} -> 0.17982642 | AG56: 0.085297643 | AH56: -0.67250502 | AI56: -0.32048107 | AK56: =C20-0.02*AF56 -> -0.27578789 | AL56: =D20-0.02*AG56 -> 0.053755337 | AM56: =E20-0.02*AH56 -> -0.56204669 | AN56: =F20-0.02*AI56 -> 0.19425863
AF57: -0.69280533 | AG57: -0.33385885 | AH57: 2.5602423 | AI57: 1.1964016 | AK57: =C21-0.02*AF57 -> -0.28646323 | AL57: =D21-0.02*AG57 -> -0.13916969 | AM57: =E21-0.02*AH57 -> -0.35205816 | AN57: =F21-0.02*AI57 -> 0.90221106
AF58: 0.38545375 | AG58: 0.18270216 | AH58: -1.443314 | AI58: -0.68888313 | AK58: =C22-0.02*AF58 -> -0.014457685 | AL58: =D22-0.02*AG58 -> -0.5325095 | AM58: =E22-0.02*AH58 -> 0.44013874 | AN58: =F22-0.02*AI58 -> -0.59664416
AF59: 0.12170036 | AG59: 0.0571186 | AH59: -0.4598548 | AI59: -0.22224401 | AK59: =C23-0.02*AF59 -> 0.10199779 | AL59: =D23-0.02*AG59 -> -0.98097743 | AM59: =E23-0.02*AH59 -> -0.65489592 | AN59: =F23-0.02*AI59 -> 0.1028755
AF60: 0.19272687 | AG60: 0.09135108 | AH60: -0.72165698 | AI60: -0.34444157 | AK60: =C24-0.02*AF60 -> 0.36537875 | AL60: =D24-0.02*AG60 -> 0.083857118 | AM60: =E24-0.02*AH60 -> -0.043391 | AN60: =F24-0.02*AI60 -> -0.14366302
AF61: 0.19272687 | AG61: 0.09135108 | AH61: -0.72165698 | AI61: -0.34444157 | AK61: =C25-0.02*AF61 -> -0.74311554 | AL61: =D25-0.02*AG61 -> -0.36174912 | AM61: =E25-0.02*AH61 -> -0.21588625 | AN61: =F25-0.02*AI61 -> 0.53544994

Sheet Second Iteration
B3: Input | C3: X_train: | J3: Y_train
C4: {=TRANSPOSE(Data!C14:H20)} -> 0.84127 | D4: 1 | E4: 3 | F4: 1 | G4: 1 | H4: 1 | I4: 1 | J4: 1 | AG4: dL/dZ
C5: 0.005291 | D5: 3 | E5: 1 | F5: 0.1 | G5: 0 | H5: 0 | I5: 0 | J5: 0 | Z5: Z Matrix (Output of Attention): | AE5: Y_Pred | AI5: Binary Cross-Entropy Loss | AM5: #2. Compute gradient of loss w.r.t attention_weights (dL/dP)
C6: 1 | D6: 1 | E6: 3 | F6: 0.9 | G6: 1 | H6: 1 | I6: 1 | J6: 1 | R6: {=MMULT(M9:P14,TRANSPOSE(M18:P23))} -> 1.8783288 | S6: -2.0739994 | T6: 1.8469427 | U6: -1.0529662 | V6: 1.7618005 | W6: -2.8785792 | Z6: {=MMULT(R29:W34,M27:P32)} -> -1.4731078 | AA6: -0.88472372 | AB6: 0.53272167 | AC6: 2.0013874 | AE6: =1/(1+EXP(-SUM(Z6:AC6))) -> 0.54395564 | AG6: =AE6-J4 -> -0.45604436 | AI6: =-J4*LN(AE6)-(1-J4)*LN(1-AE6) -> 0.60888758
C7: 0.015873 | D7: 2 | E7: 1 | F7: 0.2 | G7: 0 | H7: 0 | I7: 0 | J7: 0 | L7: Query | R7: 0.22154994 | S7: 0.63703289 | T7: 0.18496767 | U7: 0.50028467 | V7: 0.34392724 | W7: 0.43867024 | Z7: -1.6819385 | AA7: -0.33145796 | AB7: 0.83611711 | AC7: 1.7013493 | AE7: =1/(1+EXP(-SUM(Z7:AC7))) -> 0.62809896 | AG7: =AE7-J5 -> 0.62809896 | AI7: =-J5*LN(AE7)-(1-J5)*LN(1-AE7) -> 0.98912749 | AM7: {=MMULT(Z15:AC20,TRANSPOSE(M27:P32))} -> 0.0011496295 | AN7: -0.48370291 | AO7: -0.013123519 | AP7: -0.19634922 | AQ7: -0.10251419 | AR7: -0.55734479
C8: 0.94709 | D8: 1 | E8: 3 | F8: 0.8 | G8: 1 | H8: 1 | I8: 1 | J8: 1 | M8: 0 | N8: 1 | O8: 2 | P8: 3 | R8: 1.5129776 | S8: -1.9633438 | T8: 1.4889881 | U8: -1.0253075 | V8: 1.4220777 | W8: -2.7317666 | Z8: -1.4839359 | AA8: -0.8480539 | AB8: 0.55096736 | AC8: 1.9783304 | AE8: =1/(1+EXP(-SUM(Z8:AC8))) -> 0.5491676 | AG8: =AE8-J6 -> -0.4508324 | AI8: =-J6*LN(AE8)-(1-J6)*LN(1-AE8) -> 0.59935161 | AM8: -0.0015833572 | AN8: 0.66619242 | AO8: 0.018074708 | AP8: 0.27042707 | AQ8: 0.14119034 | AR8: 0.76761761
C9: 0 | D9: 4 | E9: 1 | F9: 0.3 | G9: 0 | H9: 0 | I9: 0 | J9: 0 | M9: {=MMULT(C4:H9,C13:F18)} -> -0.24458237 | N9: -0.32241863 | O9: -0.88936718 | P9: -1.5236856 | R9: 0.42005689 | S9: 0.40362919 | T9: 0.39656718 | U9: 0.34264102 | V9: 0.48298277 | W9: 0.28505193 | Z9: -1.6604483 | AA9: -0.39400999 | AB9: 0.80277667 | AC9: 1.7367873 | AE9: =1/(1+EXP(-SUM(Z9:AC9))) -> 0.61895277 | AG9: =AE9-J7 -> 0.61895277 | AI9: =-J7*LN(AE9)-(1-J7)*LN(1-AE9) -> 0.96483195 | AM9: 0.0011364908 | AN9: -0.47817485 | AO9: -0.012973535 | AP9: -0.19410522 | AQ9: -0.1013426 | AR9: -0.55097511
M10: -0.53752507 | N10: -0.26886543 | O10: 2.098029 | P10: 0.62527072 | R10: 1.2147331 | S10: -2.1179894 | T10: 1.200826 | U10: -1.1533319 | V10: 1.1500902 | W10: -2.9571403 | Z10: -1.485905 | AA10: -0.83657273 | AB10: 0.55596249 | AC10: 1.9697399 | AE10: =1/(1+EXP(-SUM(Z10:AC10))) -> 0.55063202 | AG10: =AE10-J8 -> -0.44936798 | AI10: =-J8*LN(AE10)-(1-J8)*LN(1-AE10) -> 0.59668853 | AM10: -0.0015603008 | AN10: 0.65649152 | AO10: 0.017811509 | AP10: 0.26648919 | AQ10: 0.13913437 | AR10: 0.75643979
M11: -0.21733268 | N11: -0.23748495 | O11: -0.75181393 | P11: -1.3740697 | R11: 0.96642897 | S11: 1.14203 | T11: 0.88845401 | U11: 0.92913131 | V11: 1.0699424 | W11: 0.99857451 | Z11: -1.6734607 | AA11: -0.3680349 | AB11: 0.81960578 | AC11: 1.7271656 | AE11: =1/(1+EXP(-SUM(Z11:AC11))) -> 0.62369836 | AG11: =AE11-J9 -> 0.62369836 | AI11: =-J9*LN(AE11)-(1-J9)*LN(1-AE11) -> 0.97736422 | AM11: 0.0011327992 | AN11: -0.47662161 | AO11: -0.012931394 | AP11: -0.19347471 | AQ11: -0.10101341 | AR11: -0.54918539
B12: Query | M12: -0.41626612 | N12: -0.21975446 | O12: 1.2119215 | P12: 0.30302488 | AI12: =AVERAGE(AI6:AI11) -> 0.78937523 | AM12: -0.0015722638 | AN12: 0.66152492 | AO12: 0.017948072 | AP12: 0.2685324 | AQ12: 0.14020113 | AR12: 0.76223951
C13: ='First Iteration'!AK48 -> 0.24827099 | D13: ='First Iteration'!AL48 -> -0.068325947 | E13: ='First Iteration'!AM48 -> 0.32372829 | F13: ='First Iteration'!AN48 -> 0.7628928 | M13: -0.24262705 | N13: -0.13809076 | O13: -0.68277454 | P13: -1.3859125 | R13: Attention Scores:
C14: ='First Iteration'!AK49 -> -0.10647338 | D14: ='First Iteration'!AL49 -> -0.14561305 | E14: ='First Iteration'!AM49 -> 0.80336536 | F14: ='First Iteration'!AN49 -> 0.3017969 | M14: -0.62099533 | N14: -0.60567509 | O14: 2.7273458 | P14: 0.86598738 | R14: =R6/SQRT(4) -> 0.93916438 | S14: =S6/SQRT(4) -> -1.0369997 | T14: =T6/SQRT(4) -> 0.92347135 | U14: =U6/SQRT(4) -> -0.52648311 | V14: =V6/SQRT(4) -> 0.88090025 | W14: =W6/SQRT(4) -> -1.4392896 | Z14: # 1. Compute gradient of loss w.r.t attention_output (dL/dZ)
C15: ='First Iteration'!AK50 -> -0.23157689 | D15: ='First Iteration'!AL50 -> 0.26411431 | E15: ='First Iteration'!AM50 -> -0.22761205 | F15: ='First Iteration'!AN50 -> -0.25563454 | R15: =R7/SQRT(4) -> 0.11077497 | S15: =S7/SQRT(4) -> 0.31851644 | T15: =T7/SQRT(4) -> 0.092483837 | U15: =U7/SQRT(4) -> 0.25014234 | V15: =V7/SQRT(4) -> 0.17196362 | W15: =W7/SQRT(4) -> 0.21933512 | Z15: =AG6 -> -0.45604436 | AA15: =Z15 -> -0.45604436 | AB15: =AA15 -> -0.45604436 | AC15: =AB15 -> -0.45604436 | AF15: =R29*AM7 -> 0.00033911853 | AG15: =S29*AN7 -> -0.01977585 | AH15: =T29*AO7 -> -0.0038109084 | AI15: =U29*AP7 -> -0.013375196 | AJ15: =V29*AQ7 -> -0.028528163 | AK15: =W29*AR7 -> -0.015239408 | AM15: =SUM(AF15:AK15) -> -0.080390407 | AO15: =AM7-$AM15 -> 0.081540037 | AP15: =AN7-$AM15 -> -0.4033125 | AQ15: =AO7-$AM15 -> 0.067266889 | AR15: =AP7-$AM15 -> -0.11595881 | AS15: =AQ7-$AM15 -> -0.022123784 | AT15: =AR7-$AM15 -> -0.47695438
C16: ='First Iteration'!AK51 -> 0.12158359 | D16: ='First Iteration'!AL51 -> -0.95779062 | E16: ='First Iteration'!AM51 -> -0.86167854 | F16: ='First Iteration'!AN51 -> -0.28521885 | L16: Key | R16: =R8/SQRT(4) -> 0.75648882 | S16: =S8/SQRT(4) -> -0.98167191 | T16: =T8/SQRT(4) -> 0.74449406 | U16: =U8/SQRT(4) -> -0.51265375 | V16: =V8/SQRT(4) -> 0.71103887 | W16: =W8/SQRT(4) -> -1.3658833 | Z16: =AG7 -> 0.62809896 | AA16: =Z16 -> 0.62809896 | AB16: =AA16 -> 0.62809896 | AC16: =AB16 -> 0.62809896 | AF16: =R30*AM8 -> -0.00024210029 | AG16: =S30*AN8 -> 0.12538255 | AH16: =T30*AO8 -> 0.0027135884 | AI16: =U30*AP8 -> 0.047532763 | AJ16: =V30*AQ8 -> 0.022950666 | AK16: =W30*AR8 -> 0.13083033 | AM16: =SUM(AF16:AK16) -> 0.32916779 | AO16: =AM8-$AM16 -> -0.33075115 | AP16: =AN8-$AM16 -> 0.33702463 | AQ16: =AO8-$AM16 -> -0.31109308 | AR16: =AP8-$AM16 -> -0.058740722 | AS16: =AQ8-$AM16 -> -0.18797745 | AT16: =AR8-$AM16 -> 0.43844982
C17: ='First Iteration'!AK52 -> -0.5065324 | D17: ='First Iteration'!AL52 -> 0.15806725 | E17: ='First Iteration'!AM52 -> -0.45416845 | F17: ='First Iteration'!AN52 -> -0.70446828 | M17: 0 | N17: 1 | O17: 2 | P17: 3 | R17: =R9/SQRT(4) -> 0.21002844 | S17: =S9/SQRT(4) -> 0.2018146 | T17: =T9/SQRT(4) -> 0.19828359 | U17: =U9/SQRT(4) -> 0.17132051 | V17: =V9/SQRT(4) -> 0.24149139 | W17: =W9/SQRT(4) -> 0.14252597 | Z17: =AG8 -> -0.4508324 | AA17: =Z17 -> -0.4508324 | AB17: =AA17 -> -0.4508324 | AC17: =AB17 -> -0.4508324 | AF17: =R31*AM9 -> 0.00032283851 | AG17: =S31*AN9 -> -0.023885399 | AH17: =T31*AO9 -> -0.0036414006 | AI17: =U31*AP9 -> -0.015497976 | AJ17: =V31*AQ9 -> -0.02750887 | AK17: =W31*AR9 -> -0.01874204 | AM17: =SUM(AF17:AK17) -> -0.088952847 | AO17: =AM9-$AM17 -> 0.090089338 | AP17: =AN9-$AM17 -> -0.38922201 | AQ17: =AO9-$AM17 -> 0.075979312 | AR17: =AP9-$AM17 -> -0.10515237 | AS17: =AQ9-$AM17 -> -0.012389749 | AT17: =AR9-$AM17 -> -0.46202226
C18: ='First Iteration'!AK53 -> 0.73270754 | D18: ='First Iteration'!AL53 -> -0.11194457 | E18: ='First Iteration'!AM53 -> 0.033607694 | F18: ='First Iteration'!AN53 -> -0.71069052 | M18: {=MMULT(C4:H9,C20:F25)} -> -0.83758736 | N18: -2.9503449 | O18: -0.41864813 | P18: -0.22963503 | R18: =R10/SQRT(4) -> 0.60736653 | S18: =S10/SQRT(4) -> -1.0589947 | T18: =T10/SQRT(4) -> 0.60041301 | U18: =U10/SQRT(4) -> -0.57666596 | V18: =V10/SQRT(4) -> 0.5750451 | W18: =W10/SQRT(4) -> -1.4785701 | Z18: =AG9 -> 0.61895277 | AA18: =Z18 -> 0.61895277 | AB18: =AA18 -> 0.61895277 | AC18: =AB18 -> 0.61895277 | AF18: =R32*AM10 -> -0.00026406105 | AG18: =S32*AN10 -> 0.11019399 | AH18: =T32*AO10 -> 0.002979175 | AI18: =U32*AP10 -> 0.043387535 | AJ18: =V32*AQ10 -> 0.024299348 | AK18: =W32*AR10 -> 0.1196615 | AM18: =SUM(AF18:AK18) -> 0.30025748 | AO18: =AM10-$AM18 -> -0.30181779 | AP18: =AN10-$AM18 -> 0.35623404 | AQ18: =AO10-$AM18 -> -0.28244598 | AR18: =AP10-$AM18 -> -0.033768294 | AS18: =AQ10-$AM18 -> -0.16112312 | AT18: =AR10-$AM18 -> 0.45618231
B19: W_K | C19: Matrix: | M19: -0.8651068 | N19: -1.0478319 | O19: -0.68449911 | P19: 2.1213044 | R19: =R11/SQRT(4) -> 0.48321448 | S19: =S11/SQRT(4) -> 0.571015 | T19: =T11/SQRT(4) -> 0.444227 | U19: =U11/SQRT(4) -> 0.46456566 | V19: =V11/SQRT(4) -> 0.53497119 | W19: =W11/SQRT(4) -> 0.49928726 | Z19: =AG10 -> -0.44936798 | AA19: =Z19 -> -0.44936798 | AB19: =AA19 -> -0.44936798 | AC19: =AB19 -> -0.44936798 | AF19: =R33*AM11 -> 0.00031638617 | AG19: =S33*AN11 -> -0.02515051 | AH19: =T33*AO11 -> -0.0035866584 | AI19: =U33*AP11 -> -0.016537505 | AJ19: =V33*AQ11 -> -0.027315337 | AK19: =W33*AR11 -> -0.019049025 | AM19: =SUM(AF19:AK19) -> -0.091322649 | AO19: =AM11-$AM19 -> 0.092455448 | AP19: =AN11-$AM19 -> -0.38529896 | AQ19: =AO11-$AM19 -> 0.078391255 | AR19: =AP11-$AM19 -> -0.10215206 | AS19: =AQ11-$AM19 -> -0.0096907587 | AT19: =AR11-$AM19 -> -0.45786274
C20: ='First Iteration'!AK56 -> -0.27578789 | D20: ='First Iteration'!AL56 -> 0.053755337 | E20: ='First Iteration'!AM56 -> -0.56204669 | F20: ='First Iteration'!AN56 -> 0.19425863 | M20: -0.89156295 | N20: -2.8437146 | O20: -0.44237221 | P20: -0.20908791 | Z20: =AG11 -> 0.62369836 | AA20: =Z20 -> 0.62369836 | AB20: =AA20 -> 0.62369836 | AC20: =AB20 -> 0.62369836 | AF20: =R34*AM12 -> -0.00025756326 | AG20: =S34*AN12 -> 0.11831396 | AH20: =T34*AO12 -> 0.0028277712 | AI20: =U34*AP12 -> 0.043177362 | AJ20: =V34*AQ12 -> 0.024187314 | AK20: =W34*AR12 -> 0.12689084 | AM20: =SUM(AF20:AK20) -> 0.31513968 | AO20: =AM12-$AM20 -> -0.31671195 | AP20: =AN12-$AM20 -> 0.34638524 | AQ20: =AO12-$AM20 -> -0.29719161 | AR20: =AP12-$AM20 -> -0.046607287 | AS20: =AQ12-$AM20 -> -0.17493856 | AT20: =AR12-$AM20 -> 0.44709983
C21: ='First Iteration'!AK57 -> -0.28646323 | D21: ='First Iteration'!AL57 -> -0.13916969 | E21: ='First Iteration'!AM57 -> -0.35205816 | F21: ='First Iteration'!AN57 -> 0.90221106 | M21: -0.57136217 | N21: -1.0061911 | O21: -0.40387812 | P21: 1.2314365 | R21: =EXP(R14) -> 2.5578431 | S21: =EXP(S14) -> 0.35451674 | T21: =EXP(T14) -> 2.5180161 | U21: =EXP(U14) -> 0.59067867 | V21: =EXP(V14) -> 2.4130711 | W21: =EXP(W14) -> 0.23709613 | Z21: # 3. Compute gradient of loss w.r.t attention scores (dL/dA) with softmax derivative
C22: ='First Iteration'!AK58 -> -0.014457685 | D22: ='First Iteration'!AL58 -> -0.5325095 | E22: ='First Iteration'!AM58 -> 0.44013874 | F22: ='First Iteration'!AN58 -> -0.59664416 | M22: -0.88717079 | N22: -2.748461 | O22: -0.34714473 | P22: -0.22965368 | R22: =EXP(R15) -> 1.1171435 | S22: =EXP(S15) -> 1.3750862 | T22: =EXP(T15) -> 1.0968954 | U22: =EXP(U15) -> 1.2842082 | V22: =EXP(V15) -> 1.1876346 | W22: =EXP(W15) -> 1.2452485 | Z22: =R29*AO15/SQRT(4) -> 0.012026369 | AA22: =S29*AP15/SQRT(4) -> -0.0082445725 | AB22: =T29*AQ15/SQRT(4) -> 0.0097667383 | AC22: =U29*AR15/SQRT(4) -> -0.0039495239 | AD22: =V29*AS15/SQRT(4) -> -0.0030783588 | AE22: =W29*AT15/SQRT(4) -> -0.0065206518
C23: ='First Iteration'!AK59 -> 0.10199779 | D23: ='First Iteration'!AL59 -> -0.98097743 | E23: ='First Iteration'!AM59 -> -0.65489592 | F23: ='First Iteration'!AN59 -> 0.1028755 | M23: -1.1297113 | N23: -1.3834815 | O23: -1.1645627 | P23: 3.0430627 | R23: =EXP(R16) -> 2.1307815 | S23: =EXP(S16) -> 0.37468414 | T23: =EXP(T16) -> 2.105376 | U23: =EXP(U16) -> 0.59890413 | V23: =EXP(V16) -> 2.0361054 | W23: =EXP(W16) -> 0.2551552 | Z23: =R30*AO16/SQRT(4) -> -0.025286446 | AA23: =S30*AP16/SQRT(4) -> 0.031715316 | AB23: =T30*AQ16/SQRT(4) -> -0.023352482 | AC23: =U30*AR16/SQRT(4) -> -0.0051624063 | AD23: =V30*AS16/SQRT(4) -> -0.015277985 | AE23: =W30*AT16/SQRT(4) -> 0.037364003
C24: ='First Iteration'!AK60 -> 0.36537875 | D24: ='First Iteration'!AL60 -> 0.083857118 | E24: ='First Iteration'!AM60 -> -0.043391 | F24: ='First Iteration'!AN60 -> -0.14366302 | R24: =EXP(R17) -> 1.2337132 | S24: =EXP(S17) -> 1.2236211 | T24: =EXP(T17) -> 1.2193081 | U24: =EXP(U17) -> 1.1868711 | V24: =EXP(V17) -> 1.2731465 | W24: =EXP(W17) -> 1.153183 | Z24: =R31*AO17/SQRT(4) -> 0.012795663 | AA24: =S31*AP17/SQRT(4) -> -0.0097210497 | AB24: =T31*AQ17/SQRT(4) -> 0.010662904 | AC24: =U31*AR17/SQRT(4) -> -0.0041978493 | AD24: =V31*AS17/SQRT(4) -> -0.0016815633 | AE24: =W31*AT17/SQRT(4) -> -0.0078581042
C25: ='First Iteration'!AK61 -> -0.74311554 | D25: ='First Iteration'!AL61 -> -0.36174912 | E25: ='First Iteration'!AM61 -> -0.21588625 | F25: ='First Iteration'!AN61 -> 0.53544994 | L25: Value | R25: =EXP(R18) -> 1.8355911 | S25: =EXP(S18) -> 0.34680428 | T25: =EXP(T18) -> 1.8228715 | U25: =EXP(U18) -> 0.56176821 | V25: =EXP(V18) -> 1.7772107 | W25: =EXP(W18) -> 0.22796341 | Z25: =R32*AO18/SQRT(4) -> -0.025539409 | AA25: =S32*AP18/SQRT(4) -> 0.029897454 | AB25: =T32*AQ18/SQRT(4) -> -0.023621131 | AC25: =U32*AR18/SQRT(4) -> -0.0027489352 | AD25: =V32*AS18/SQRT(4) -> -0.014069805 | AE25: =W32*AT18/SQRT(4) -> 0.036081826
B26: W_V | C26: Matrix: | M26: 0 | N26: 1 | O26: 2 | P26: 3 | R26: =EXP(R19) -> 1.6212776 | S26: =EXP(S19) -> 1.7700628 | T26: =EXP(T19) -> 1.5592844 | U26: =EXP(U19) -> 1.5913229 | V26: =EXP(V19) -> 1.707399 | W26: =EXP(W19) -> 1.6475466 | Z26: =R33*AO19/SQRT(4) -> 0.012911214 | AA26: =S33*AP19/SQRT(4) -> -0.010165785 | AB26: =T33*AQ19/SQRT(4) -> 0.010871321 | AC26: =U33*AR19/SQRT(4) -> -0.0043657908 | AD26: =V33*AS19/SQRT(4) -> -0.0013102535 | AE26: =W33*AT19/SQRT(4) -> -0.0079407053
C27: ='First Iteration'!AK38 -> 0.16229142 | D27: ='First Iteration'!AL38 -> -0.8910378 | E27: ='First Iteration'!AM38 -> 0.15252426 | F27: ='First Iteration'!AN38 -> -0.20205886 | M27: {=MMULT(C4:H9,C27:F32)} -> -1.4653357 | N27: -0.99692628 | O27: 0.38016113 | P27: 2.07958 | Z27: =R34*AO20/SQRT(4) -> -0.025941372 | AA27: =S34*AP20/SQRT(4) -> 0.03097556 | AB27: =T34*AQ20/SQRT(4) -> -0.023411703 | AC27: =U34*AR20/SQRT(4) -> -0.0037469962 | AD27: =V34*AS20/SQRT(4) -> -0.015090085 | AE27: =W34*AT20/SQRT(4) -> 0.037214597
C28: ='First Iteration'!AK39 -> -0.45883267 | D28: ='First Iteration'!AL39 -> 0.18546647 | E28: ='First Iteration'!AM39 -> 0.39512809 | F28: ='First Iteration'!AN39 -> 0.34526839 | M28: -1.885993 | N28: 0.32100961 | O28: 1.2297201 | P28: 1.3959121 | R28: Softmax Attention Probabilities:
C29: ='First Iteration'!AK40 -> -0.48477856 | D29: ='First Iteration'!AL40 -> -0.21977599 | E29: ='First Iteration'!AM40 -> 0.10046192 | F29: ='First Iteration'!AN40 -> 0.42260276 | M29: -1.4140001 | N29: -1.1274614 | O29: 0.46130444 | P29: 2.1089339 | R29: =R21/SUM($R21:$W21) -> 0.2949807 | S29: =S21/SUM($R21:$W21) -> 0.040884289 | T29: =T21/SUM($R21:$W21) -> 0.29038769 | U29: =U21/SUM($R21:$W21) -> 0.068119428 | V29: =V21/SUM($R21:$W21) -> 0.27828501 | W29: =W21/SUM($R21:$W21) -> 0.027342874 | Z29: Gradients dL/dK: | AG29: Gradients dL/dV:
C30: ='First Iteration'!AK41 -> -0.25575092 | D30: ='First Iteration'!AL41 -> -0.10899329 | E30: ='First Iteration'!AM41 -> -0.56933129 | F30: ='First Iteration'!AN41 -> -0.61426711 | M30: -1.451018 | N30: 0.11521485 | O30: 0.77927286 | P30: 0.98707884 | R30: =R22/SUM($R22:$W22) -> 0.15290315 | S30: =S22/SUM($R22:$W22) -> 0.18820771 | T30: =T22/SUM($R22:$W22) -> 0.1501318 | U30: =U22/SUM($R22:$W22) -> 0.17576925 | V30: =V22/SUM($R22:$W22) -> 0.16255125 | W30: =W22/SUM($R22:$W22) -> 0.17043685 | Z30: {=MMULT(TRANSPOSE(Z22:AE27),M9:P14)} -> 0.031477797 | AA30: 0.019423871 | AB30: -0.18388581 | AC30: -0.099815201 | AG30: {=MMULT(TRANSPOSE(R29:W34),Z15:AC20)} -> -0.085136645 | AH30: -0.085136645 | AI30: -0.085136645 | AJ30: -0.085136645
C31: ='First Iteration'!AK42 -> 0.39624879 | D31: ='First Iteration'!AL42 -> 0.66810589 | E31: ='First Iteration'!AM42 -> -0.046019184 | F31: ='First Iteration'!AN42 -> 0.49175233 | M31: -1.3970118 | N31: -1.0694172 | O31: 0.51016751 | P31: 2.1810515 | R31: =R23/SUM($R23:$W23) -> 0.28406609 | S31: =S23/SUM($R23:$W23) -> 0.049951182 | T31: =T23/SUM($R23:$W23) -> 0.28067913 | U31: =U23/SUM($R23:$W23) -> 0.07984317 | V31: =V23/SUM($R23:$W23) -> 0.2714443 | W31: =W23/SUM($R23:$W23) -> 0.034016128 | Z31: -0.042133079 | AA31: -0.027487768 | AB31: 0.2088359 | AC31: 0.095723198 | AG31: 0.26877769 | AH31: 0.26877769 | AI31: 0.26877769 | AJ31: 0.26877769
C32: ='First Iteration'!AK43 -> 0.17080389 | D32: ='First Iteration'!AL43 -> -0.332574 | E32: ='First Iteration'!AM43 -> 0.17068368 | F32: ='First Iteration'!AN43 -> 0.75900416 | M32: -2.3968345 | N32: 0.4893919 | O32: 1.5101749 | P32: 1.6193962 | R32: =R24/SUM($R24:$W24) -> 0.16923727 | S32: =S24/SUM($R24:$W24) -> 0.16785288 | T32: =T24/SUM($R24:$W24) -> 0.16726123 | U32: =U24/SUM($R24:$W24) -> 0.16281161 | V32: =V24/SUM($R24:$W24) -> 0.17464663 | W32: =W24/SUM($R24:$W24) -> 0.15819038 | Z32: 0.029579933 | AA32: 0.018466923 | AB32: -0.16559835 | AC32: -0.086633363 | AG32: -0.087515941 | AH32: -0.087515941 | AI32: -0.087515941 | AJ32: -0.087515941
R33: =R25/SUM($R25:$W25) -> 0.2792959 | S33: =S25/SUM($R25:$W25) -> 0.052768296 | T33: =T25/SUM($R25:$W25) -> 0.27736055 | U33: =U25/SUM($R25:$W25) -> 0.085476313 | V33: =V25/SUM($R25:$W25) -> 0.27041298 | W33: =W25/SUM($R25:$W25) -> 0.034685964 | Z33: 0.0091836512 | AA33: 0.0071347471 | AB33: -0.014732297 | AC33: 0.010530825 | AG33: 0.20598604 | AH33: 0.20598604 | AI33: 0.20598604 | AJ33: 0.20598604
R34: =R26/SUM($R26:$W26) -> 0.16381682 | S34: =S26/SUM($R26:$W26) -> 0.17885034 | T34: =T26/SUM($R26:$W26) -> 0.15755292 | U34: =U26/SUM($R26:$W26) -> 0.16079014 | V34: =V26/SUM($R26:$W26) -> 0.17251869 | W34: =W26/SUM($R26:$W26) -> 0.16647109 | Z34: 0.024876229 | AA34: 0.017912113 | AB34: -0.085364414 | AC34: -0.018067268 | AG34: -0.053005223 | AH34: -0.053005223 | AI34: -0.053005223 | AJ34: -0.053005223
Z35: -0.052984532 | AA35: -0.035449886 | AB35: 0.24074498 | AC35: 0.098261808 | AG35: 0.26539943 | AH35: 0.26539943 | AI35: 0.26539943 | AJ35: 0.26539943
Z37: Gradients dL/dQ: | AF37: np.dot(X_train.T, dL_dV) | AK37: Updated W_V:
Z38: {=MMULT(Z22:AE27,M18:P23)} -> 0.00070573183 | AA38: -0.033160899 | AB38: 0.0065455221 | AC38: -0.046292414 | AF38: {=MMULT(TRANSPOSE(C4:H9),AG30:AJ35)} -> -0.20464784 | AG38: -0.20464784 | AH38: -0.20464784 | AI38: -0.20464784 | AK38: =C27-0.02*AF38 -> 0.16638437 | AL38: =D27-0.02*AG38 -> -0.88694485 | AM38: =E27-0.02*AH38 -> 0.15661721 | AN38: =F27-0.02*AI38 -> -0.19796591
Z39: -0.011144071 | AA39: 0.10327211 | AB39: -0.036916561 | AC39: 0.18881969 | AF39: 2.0542451 | AG39: 2.0542451 | AH39: 2.0542451 | AI39: 2.0542451 | AK39: =C28-0.02*AF39 -> -0.49991757 | AL39: =D28-0.02*AG39 -> 0.14438157 | AM39: =E28-0.02*AH39 -> 0.35404319 | AN39: =F28-0.02*AI39 -> 0.30418349
Z40: 0.00095332607 | AA40: -0.038170755 | AB40: 0.0080106174 | AC40: -0.054485034 | AF40: 0.063189733 | AG40: 0.063189733 | AH40: 0.063189733 | AI40: 0.063189733 | AK40: =C29-0.02*AF40 -> -0.48604236 | AL40: =D29-0.02*AG40 -> -0.22103979 | AM40: =E29-0.02*AH40 -> 0.099198124 | AN40: =F29-0.02*AI40 -> 0.42133896
Z41: -0.010122368 | AA41: 0.10271204 | AB41: -0.035348477 | AC41: 0.18387054 | AF41: -0.058610365 | AG41: -0.058610365 | AH41: -0.058610365 | AI41: -0.058610365 | AK41: =C30-0.02*AF41 -> -0.25457871 | AL41: =D30-0.02*AG41 -> -0.10782108 | AM41: =E30-0.02*AH41 -> -0.56815908 | AN41: =F30-0.02*AI41 -> -0.6130949
Z42: 0.00091532416 | AA42: -0.039375613 | AB42: 0.0082095889 | AC42: -0.056042007 | AF42: -0.22565781 | AG42: -0.22565781 | AH42: -0.22565781 | AI42: -0.22565781 | AK42: =C31-0.02*AF42 -> 0.40076194 | AL42: =D31-0.02*AG42 -> 0.67261904 | AM42: =E31-0.02*AH42 -> -0.041506028 | AN42: =F31-0.02*AI42 -> 0.49626548
Z43: -0.01070937 | AA43: 0.10441401 | AB43: -0.036572706 | AC43: 0.1886584 | AF43: -0.22565781 | AG43: -0.22565781 | AH43: -0.22565781 | AI43: -0.22565781 | AK43: =C32-0.02*AF43 -> 0.17531704 | AL43: =D32-0.02*AG43 -> -0.32806085 | AM43: =E32-0.02*AH43 -> 0.17519683 | AN43: =F32-0.02*AI43 -> 0.76351731
AF47: np.dot(X_train.T, dL_dQ) | AK47: Updated W_Q:
AF48: {=MMULT(TRANSPOSE(C4:H9),Z38:AC43)} -> 0.0021942958 | AG48: -0.10118351 | AH48: 0.020535976 | AI48: -0.14258866 | AK48: =C13-0.02*AF48 -> 0.24822711 | AL48: =D13-0.02*AG48 -> -0.066302277 | AM48: =E13-0.02*AH48 -> 0.32331757 | AN48: =F13-0.02*AI48 -> 0.76574458
AF49: -0.093940046 | AG49: 0.82218921 | AH49: -0.30497173 | AI49: 1.5320143 | AK49: =C14-0.02*AF49 -> -0.10459458 | AL49: =D14-0.02*AG49 -> -0.16205684 | AM49: =E14-0.02*AH49 -> 0.8094648 | AN49: =F14-0.02*AI49 -> 0.27115661
AF50: -0.024252663 | AG50: -0.021723634 | AH50: -0.040540559 | AI50: 0.090890265 | AK50: =C15-0.02*AF50 -> -0.23109183 | AL50: =D15-0.02*AG50 -> 0.26454878 | AM50: =E15-0.02*AH50 -> -0.22680124 | AN50: =F15-0.02*AI50 -> -0.25745235
AF51: -0.0040557071 | AG51: -0.036821246 | AH51: -0.0014104145 | AI51: -0.027908953 | AK51: =C16-0.02*AF51 -> 0.1216647 | AL51: =D16-0.02*AG51 -> -0.95705419 | AM51: =E16-0.02*AH51 -> -0.86165033 | AN51: =F16-0.02*AI51 -> -0.28466067
AF52: 0.0025743821 | AG52: -0.11070727 | AH52: 0.022765728 | AI52: -0.15681945 | AK52: =C17-0.02*AF52 -> -0.50658389 | AL52: =D17-0.02*AG52 -> 0.16028139 | AM52: =E17-0.02*AH52 -> -0.45462376 | AN52: =F17-0.02*AI52 -> -0.70133189
AF53: 0.0025743821 | AG53: -0.11070727 | AH53: 0.022765728 | AI53: -0.15681945 | AK53: =C18-0.02*AF53 -> 0.73265605 | AL53: =D18-0.02*AG53 -> -0.10973043 | AM53: =E18-0.02*AH53 -> 0.03315238 | AN53: =F18-0.02*AI53 -> -0.70755413
AF55: np.dot(X_train.T, dL_dK) | AK55: Updated W_K:
AF56: {=MMULT(TRANSPOSE(C4:H9),Z30:AC35)} -> 0.079544134 | AG56: 0.051739838 | AH56: -0.40027265 | AI56: -0.1870426 | AK56: =C20-0.02*AF56 -> -0.27737877 | AL56: =D20-0.02*AG56 -> 0.05272054 | AM56: =E20-0.02*AH56 -> -0.55404124 | AN56: =F20-0.02*AI56 -> 0.19799948
AF57: -0.2340361 | AG57: -0.15419045 | AH57: 1.1251744 | AI57: 0.49676265 | AK57: =C21-0.02*AF57 -> -0.28178251 | AL57: =D21-0.02*AG57 -> -0.13608588 | AM57: =E21-0.02*AH57 -> -0.37456164 | AN57: =F21-0.02*AI57 -> 0.8922758
AF58: 0.17186792 | AG58: 0.11160581 | AH58: -0.86969716 | AI58: -0.40903166 | AK58: =C22-0.02*AF58 -> -0.017895043 | AL58: =D22-0.02*AG58 -> -0.53474162 | AM58: =E22-0.02*AH58 -> 0.45753268 | AN58: =F22-0.02*AI58 -> -0.58846352
AF59: 0.059728784 | AG59: 0.038416999 | AH59: -0.31105524 | AI59: -0.15108201 | AK59: =C23-0.02*AF59 -> 0.10080322 | AL59: =D23-0.02*AG59 -> -0.98174577 | AM59: =E23-0.02*AH59 -> -0.64867482 | AN59: =F23-0.02*AI59 -> 0.10589714
AF60: 0.08593396 | AG60: 0.055802907 | AH60: -0.43484858 | AI60: -0.20451583 | AK60: =C24-0.02*AF60 -> 0.36366007 | AL60: =D24-0.02*AG60 -> 0.08274106 | AM60: =E24-0.02*AH60 -> -0.034694029 | AN60: =F24-0.02*AI60 -> -0.1395727
AF61: 0.08593396 | AG61: 0.055802907 | AH61: -0.43484858 | AI61: -0.20451583 | AK61: =C25-0.02*AF61 -> -0.74483422 | AL61: =D25-0.02*AG61 -> -0.36286518 | AM61: =E25-0.02*AH61 -> -0.20718928 | AN61: =F25-0.02*AI61 -> 0.53954026

Sheet Third Iteration
B3: Input | C3: X_train: | J3: Y_train
C4: {=TRANSPOSE(Data!C14:H20)} -> 0.84127 | D4: 1 | E4: 3 | F4: 1 | G4: 1 | H4: 1 | I4: 1 | J4: 1 | AG4: dL/dZ
C5: 0.005291 | D5: 3 | E5: 1 | F5: 0.1 | G5: 0 | H5: 0 | I5: 0 | J5: 0 | Z5: Z Matrix (Output of Attention): | AE5: Y_Pred | AI5: Binary Cross-Entropy Loss | AM5: #2. Compute gradient of loss w.r.t attention_weights (dL/dP)
C6: 1 | D6: 1 | E6: 3 | F6: 0.9 | G6: 1 | H6: 1 | I6: 1 | J6: 1 | R6: {=MMULT(M9:P14,TRANSPOSE(M18:P23))} -> 1.8105334 | S6: -2.0583201 | T6: 1.7763998 | U6: -1.0449113 | V6: 1.6933371 | W6: -2.8580143 | Z6: {=MMULT(R29:W34,M27:P32)} -> -1.5173712 | AA6: -0.92065196 | AB6: 0.4933675 | AC6: 1.9547121 | AE6: =1/(1+EXP(-SUM(Z6:AC6))) -> 0.50251409 | AG6: =AE6-J4 -> -0.49748591 | AI6: =-J4*LN(AE6)-(1-J4)*LN(1-AE6) -> 0.6881316
C7: 0.015873 | D7: 2 | E7: 1 | F7: 0.2 | G7: 0 | H7: 0 | I7: 0 | J7: 0 | L7: Query | R7: 0.52496242 | S7: 0.34730642 | T7: 0.48209313 | U7: 0.35721063 | V7: 0.63754647 | W7: 0.014826117 | Z7: -1.7103563 | AA7: -0.50749241 | AB7: 0.70330291 | AC7: 1.6787585 | AE7: =1/(1+EXP(-SUM(Z7:AC7))) -> 0.54096119 | AG7: =AE7-J5 -> 0.54096119 | AI7: =-J5*LN(AE7)-(1-J5)*LN(1-AE7) -> 0.77862051 | AM7: {=MMULT(Z15:AC20,TRANSPOSE(M27:P32))} -> 0.06340896 | AN7: -0.2801494 | AO7: 0.046779232 | AP7: -0.048759466 | AQ7: -0.050070326 | AR7: -0.27915004
C8: 0.94709 | D8: 1 | E8: 3 | F8: 0.8 | G8: 1 | H8: 1 | I8: 1 | J8: 1 | M8: 0 | N8: 1 | O8: 2 | P8: 3 | R8: 1.4560451 | S8: -1.9561409 | T8: 1.429467 | U8: -1.021764 | V8: 1.3644429 | W8: -2.7233189 | Z8: -1.5303202 | AA8: -0.88693605 | AB8: 0.50898666 | AC8: 1.9297457 | AE8: =1/(1+EXP(-SUM(Z8:AC8))) -> 0.50536882 | AG8: =AE8-J6 -> -0.49463118 | AI8: =-J6*LN(AE8)-(1-J6)*LN(1-AE8) -> 0.68246678 | AM8: -0.068950267 | AN8: 0.30463165 | AO8: -0.050867267 | AP8: 0.053020554 | AQ8: 0.05444597 | AR8: 0.30354496
C9: 0 | D9: 4 | E9: 1 | F9: 0.3 | G9: 0 | H9: 0 | I9: 0 | J9: 0 | M9: {=MMULT(C4:H9,C13:F18)} -> -0.24130719 | N9: -0.33069183 | O9: -0.88206326 | P9: -1.5505492 | R9: 0.60786443 | S9: 0.21958551 | T9: 0.58004299 | U9: 0.25184673 | V9: 0.66441833 | W9: 0.015540947 | Z9: -1.7042358 | AA9: -0.53007905 | AB9: 0.69376998 | AC9: 1.6967396 | AE9: =1/(1+EXP(-SUM(Z9:AC9))) -> 0.5389695 | AG9: =AE9-J7 -> 0.5389695 | AI9: =-J7*LN(AE9)-(1-J7)*LN(1-AE9) -> 0.77429109 | AM9: 0.0630451 | AN9: -0.27854182 | AO9: 0.046510798 | AP9: -0.048479669 | AQ9: -0.049783007 | AR9: -0.27754819
M10: -0.53139573 | N10: -0.31767796 | O10: 2.1171388 | P10: 0.53160297 | R10: 1.1617257 | S10: -2.1137788 | T10: 1.1452423 | U10: -1.1513144 | V10: 1.0963234 | W10: -2.953002 | Z10: -1.5327498 | AA10: -0.87646535 | AB10: 0.51314204 | AC10: 1.9207396 | AE10: =1/(1+EXP(-SUM(Z10:AC10))) -> 0.50616631 | AG10: =AE10-J8 -> -0.49383369 | AI10: =-J8*LN(AE10)-(1-J8)*LN(1-AE10) -> 0.68089 | AM10: -0.06869641 | AN10: 0.30351007 | AO10: -0.050679987 | AP10: 0.052825346 | AQ10: 0.054245514 | AR10: 0.30242738
M11: -0.21407257 | N11: -0.24551057 | O11: -0.74457803 | P11: -1.4005365 | R11: 1.3686411 | S11: 0.75957358 | T11: 1.2822806 | U11: 0.74051992 | V11: 1.4590949 | W11: 0.43898615 | Z11: -1.6837005 | AA11: -0.57187353 | AB11: 0.67276586 | AC11: 1.7253897 | AE11: =1/(1+EXP(-SUM(Z11:AC11))) -> 0.53558513 | AG11: =AE11-J9 -> 0.53558513 | AI11: =-J9*LN(AE11)-(1-J9)*LN(1-AE11) -> 0.76697702 | AM11: 0.062943453 | AN11: -0.27809273 | AO11: 0.04643581 | AP11: -0.048401506 | AQ11: -0.049702742 | AR11: -0.27710071
B12: Query | M12: -0.41200794 | N12: -0.25202815 | O12: 1.2249303 | P12: 0.2400834 | AI12: =AVERAGE(AI6:AI11) -> 0.72856283 | AM12: -0.068265042 | AN12: 0.30160423 | AO12: -0.05036175 | AP12: 0.052493638 | AQ12: 0.053904888 | AR12: 0.30052834
C13: ='Second Iteration'!AK48 -> 0.24822711 | D13: ='Second Iteration'!AL48 -> -0.066302277 | E13: ='Second Iteration'!AM48 -> 0.32331757 | F13: ='Second Iteration'!AN48 -> 0.76574458 | M13: -0.23937274 | N13: -0.1462971 | O13: -0.67551973 | P13: -1.412586 | R13: Attention Scores:
C14: ='Second Iteration'!AK49 -> -0.10459458 | D14: ='Second Iteration'!AL49 -> -0.16205684 | E14: ='Second Iteration'!AM49 -> 0.8094648 | F14: ='Second Iteration'!AN49 -> 0.27115661 | M14: -0.61297074 | N14: -0.67079483 | O14: 2.7525629 | P14: 0.74177589 | R14: =R6/SQRT(4) -> 0.90526668 | S14: =S6/SQRT(4) -> -1.02916 | T14: =T6/SQRT(4) -> 0.88819992 | U14: =U6/SQRT(4) -> -0.52245567 | V14: =V6/SQRT(4) -> 0.84666856 | W14: =W6/SQRT(4) -> -1.4290071 | Z14: # 1. Compute gradient of loss w.r.t attention_output (dL/dZ)
C15: ='Second Iteration'!AK50 -> -0.23109183 | D15: ='Second Iteration'!AL50 -> 0.26454878 | E15: ='Second Iteration'!AM50 -> -0.22680124 | F15: ='Second Iteration'!AN50 -> -0.25745235 | R15: =R7/SQRT(4) -> 0.26248121 | S15: =S7/SQRT(4) -> 0.17365321 | T15: =T7/SQRT(4) -> 0.24104657 | U15: =U7/SQRT(4) -> 0.17860531 | V15: =V7/SQRT(4) -> 0.31877324 | W15: =W7/SQRT(4) -> 0.0074130585 | Z15: =AG6 -> -0.49748591 | AA15: =Z15 -> -0.49748591 | AB15: =AA15 -> -0.49748591 | AC15: =AB15 -> -0.49748591 | AF15: =R29*AM7 -> 0.018609158 | AG15: =S29*AN7 -> -0.011881053 | AH15: =T29*AO7 -> 0.013496376 | AI15: =U29*AP7 -> -0.003432283 | AJ15: =V29*AQ7 -> -0.013858227 | AK15: =W29*AR7 -> -0.0079369117 | AM15: =SUM(AF15:AK15) -> -0.0050029407 | AO15: =AM7-$AM15 -> 0.068411901 | AP15: =AN7-$AM15 -> -0.27514646 | AQ15: =AO7-$AM15 -> 0.051782173 | AR15: =AP7-$AM15 -> -0.043756525 | AS15: =AQ7-$AM15 -> -0.045067385 | AT15: =AR7-$AM15 -> -0.2741471
C16: ='Second Iteration'!AK51 -> 0.1216647 | D16: ='Second Iteration'!AL51 -> -0.95705419 | E16: ='Second Iteration'!AM51 -> -0.86165033 | F16: ='Second Iteration'!AN51 -> -0.28466067 | L16: Key | R16: =R8/SQRT(4) -> 0.72802256 | S16: =S8/SQRT(4) -> -0.97807045 | T16: =T8/SQRT(4) -> 0.71473348 | U16: =U8/SQRT(4) -> -0.51088199 | V16: =V8/SQRT(4) -> 0.68222144 | W16: =W8/SQRT(4) -> -1.3616594 | Z16: =AG7 -> 0.54096119 | AA16: =Z16 -> 0.54096119 | AB16: =AA16 -> 0.54096119 | AC16: =AB16 -> 0.54096119 | AF16: =R30*AM8 -> -0.012211991 | AG16: =S30*AN8 -> 0.049368283 | AH16: =T30*AO8 -> -0.0088182005 | AI16: =U30*AP8 -> 0.0086351112 | AJ16: =V30*AQ8 -> 0.010201489 | AK16: =W30*AR8 -> 0.041658041 | AM16: =SUM(AF16:AK16) -> 0.088832732 | AO16: =AM8-$AM16 -> -0.157783 | AP16: =AN8-$AM16 -> 0.21579892 | AQ16: =AO8-$AM16 -> -0.1397 | AR16: =AP8-$AM16 -> -0.035812178 | AS16: =AQ8-$AM16 -> -0.034386762 | AT16: =AR8-$AM16 -> 0.21471222
C17: ='Second Iteration'!AK52 -> -0.50658389 | D17: ='Second Iteration'!AL52 -> 0.16028139 | E17: ='Second Iteration'!AM52 -> -0.45462376 | F17: ='Second Iteration'!AN52 -> -0.70133189 | M17: 0 | N17: 1 | O17: 2 | P17: 3 | R17: =R9/SQRT(4) -> 0.30393221 | S17: =S9/SQRT(4) -> 0.10979276 | T17: =T9/SQRT(4) -> 0.29002149 | U17: =U9/SQRT(4) -> 0.12592336 | V17: =V9/SQRT(4) -> 0.33220916 | W17: =W9/SQRT(4) -> 0.0077704733 | Z17: =AG8 -> -0.49463118 | AA17: =Z17 -> -0.49463118 | AB17: =AA17 -> -0.49463118 | AC17: =AB17 -> -0.49463118 | AF17: =R31*AM9 -> 0.017824292 | AG17: =S31*AN9 -> -0.014298964 | AH17: =T31*AO9 -> 0.012976076 | AI17: =U31*AP9 -> -0.0039707377 | AJ17: =V31*AQ9 -> -0.013444694 | AK17: =W31*AR9 -> -0.0097087206 | AM17: =SUM(AF17:AK17) -> -0.010622748 | AO17: =AM9-$AM17 -> 0.073667848 | AP17: =AN9-$AM17 -> -0.26791907 | AQ17: =AO9-$AM17 -> 0.057133546 | AR17: =AP9-$AM17 -> -0.037856921 | AS17: =AQ9-$AM17 -> -0.039160259 | AT17: =AR9-$AM17 -> -0.26692544
C18: ='Second Iteration'!AK53 -> 0.73265605 | D18: ='Second Iteration'!AL53 -> -0.10973043 | E18: ='Second Iteration'!AM53 -> 0.03315238 | F18: ='Second Iteration'!AN53 -> -0.70755413 | M18: {=MMULT(C4:H9,C20:F25)} -> -0.84918901 | N18: -2.9578284 | O18: -0.35862 | P18: -0.20067905 | R18: =R10/SQRT(4) -> 0.58086285 | S18: =S10/SQRT(4) -> -1.0568894 | T18: =T10/SQRT(4) -> 0.57262117 | U18: =U10/SQRT(4) -> -0.57565721 | V18: =V10/SQRT(4) -> 0.54816168 | W18: =W10/SQRT(4) -> -1.476501 | Z18: =AG9 -> 0.5389695 | AA18: =Z18 -> 0.5389695 | AB18: =AA18 -> 0.5389695 | AC18: =AB18 -> 0.5389695 | AF18: =R32*AM10 -> -0.012676927 | AG18: =S32*AN10 -> 0.046125316 | AH18: =T32*AO10 -> -0.0092230611 | AI18: =U32*AP10 -> 0.0081585697 | AJ18: =V32*AQ10 -> 0.010297322 | AK18: =W32*AR10 -> 0.041503014 | AM18: =SUM(AF18:AK18) -> 0.084184234 | AO18: =AM10-$AM18 -> -0.15288064 | AP18: =AN10-$AM18 -> 0.21932584 | AQ18: =AO10-$AM18 -> -0.13486422 | AR18: =AP10-$AM18 -> -0.031358888 | AS18: =AQ10-$AM18 -> -0.02993872 | AT18: =AR10-$AM18 -> 0.21824315
B19: W_K | C19: Matrix: | M19: -0.85462987 | N19: -1.0408949 | O19: -0.73395117 | P19: 2.1000012 | R19: =R11/SQRT(4) -> 0.68432054 | S19: =S11/SQRT(4) -> 0.37978679 | T19: =T11/SQRT(4) -> 0.64114031 | U19: =U11/SQRT(4) -> 0.37025996 | V19: =V11/SQRT(4) -> 0.72954743 | W19: =W11/SQRT(4) -> 0.21949308 | Z19: =AG10 -> -0.49383369 | AA19: =Z19 -> -0.49383369 | AB19: =AA19 -> -0.49383369 | AC19: =AB19 -> -0.49383369 | AF19: =R33*AM11 -> 0.017501766 | AG19: =S33*AN11 -> -0.015033295 | AH19: =T33*AO11 -> 0.01280575 | AI19: =U33*AP11 -> -0.0042336982 | AJ19: =V33*AQ11 -> -0.01337549 | AK19: =W33*AR11 -> -0.0098461665 | AM19: =SUM(AF19:AK19) -> -0.012181135 | AO19: =AM11-$AM19 -> 0.075124588 | AP19: =AN11-$AM19 -> -0.2659116 | AQ19: =AO11-$AM19 -> 0.058616944 | AR19: =AP11-$AM19 -> -0.036220371 | AS19: =AQ11-$AM19 -> -0.037521608 | AT19: =AR11-$AM19 -> -0.26491957
C20: ='Second Iteration'!AK56 -> -0.27737877 | D20: ='Second Iteration'!AL56 -> 0.05272054 | E20: ='Second Iteration'!AM56 -> -0.55404124 | F20: ='Second Iteration'!AN56 -> 0.19799948 | M20: -0.90329766 | N20: -2.8512855 | O20: -0.38169548 | P20: -0.1798403 | Z20: =AG11 -> 0.53558513 | AA20: =Z20 -> 0.53558513 | AB20: =AA20 -> 0.53558513 | AC20: =AB20 -> 0.53558513 | AF20: =R34*AM12 -> -0.013384805 | AG20: =S34*AN12 -> 0.043610774 | AH20: =T34*AO12 -> -0.0094571783 | AI20: =U34*AP12 -> 0.0075184028 | AJ20: =V34*AQ12 -> 0.011058179 | AK20: =W34*AR12 -> 0.037019208 | AM20: =SUM(AF20:AK20) -> 0.076364581 | AO20: =AM12-$AM20 -> -0.14462962 | AP20: =AN12-$AM20 -> 0.22523965 | AQ20: =AO12-$AM20 -> -0.12672633 | AR20: =AP12-$AM20 -> -0.023870943 | AS20: =AQ12-$AM20 -> -0.022459693 | AT20: =AR12-$AM20 -> 0.22416375
C21: ='Second Iteration'!AK57 -> -0.28178251 | D21: ='Second Iteration'!AL57 -> -0.13608588 | E21: ='Second Iteration'!AM57 -> -0.37456164 | F21: ='Second Iteration'!AN57 -> 0.8922758 | M21: -0.56570226 | N21: -1.0024257 | O21: -0.43011987 | P21: 1.2204104 | R21: =EXP(R14) -> 2.4725912 | S21: =EXP(S14) -> 0.35730696 | T21: =EXP(T14) -> 2.4307502 | U21: =EXP(U14) -> 0.59306239 | V21: =EXP(V14) -> 2.3318654 | W21: =EXP(W14) -> 0.23954664 | Z21: # 3. Compute gradient of loss w.r.t attention scores (dL/dA) with softmax derivative
C22: ='Second Iteration'!AK58 -> -0.017895043 | D22: ='Second Iteration'!AL58 -> -0.53474162 | E22: ='Second Iteration'!AM58 -> 0.45753268 | F22: ='Second Iteration'!AN58 -> -0.58846352 | M22: -0.89870187 | N22: -2.7559004 | O22: -0.28751368 | P22: -0.20090617 | R22: =EXP(R15) -> 1.300152 | S22: =EXP(S15) -> 1.1896429 | T22: =EXP(T15) -> 1.2725803 | U22: =EXP(U15) -> 1.1955488 | V22: =EXP(V15) -> 1.3754394 | W22: =EXP(W15) -> 1.0074406 | Z22: =R29*AO15/SQRT(4) -> 0.010038706 | AA22: =S29*AP15/SQRT(4) -> -0.00583444 | AB22: =T29*AQ15/SQRT(4) -> 0.0074698926 | AC22: =U29*AR15/SQRT(4) -> -0.0015400576 | AD22: =V29*AS15/SQRT(4) -> -0.0062367683 | AE22: =W29*AT15/SQRT(4) -> -0.003897333
C23: ='Second Iteration'!AK59 -> 0.10080322 | D23: ='Second Iteration'!AL59 -> -0.98174577 | E23: ='Second Iteration'!AM59 -> -0.64867482 | F23: ='Second Iteration'!AN59 -> 0.10589714 | M23: -1.1147841 | N23: -1.3736089 | O23: -1.2353163 | P23: 3.0124088 | R23: =EXP(R16) -> 2.0709813 | S23: =EXP(S16) -> 0.37603598 | T23: =EXP(T16) -> 2.0436419 | U23: =EXP(U16) -> 0.59996618 | V23: =EXP(V16) -> 1.9782675 | W23: =EXP(W16) -> 0.25623522 | Z23: =R30*AO16/SQRT(4) -> -0.013972713 | AA23: =S30*AP16/SQRT(4) -> 0.017486072 | AB23: =T30*AQ16/SQRT(4) -> -0.012108991 | AC23: =U30*AR16/SQRT(4) -> -0.0029162477 | AD23: =V30*AS16/SQRT(4) -> -0.0032215073 | AE23: =W30*AT16/SQRT(4) -> 0.014733387
C24: ='Second Iteration'!AK60 -> 0.36366007 | D24: ='Second Iteration'!AL60 -> 0.08274106 | E24: ='Second Iteration'!AM60 -> -0.034694029 | F24: ='Second Iteration'!AN60 -> -0.1395727 | R24: =EXP(R17) -> 1.3551772 | S24: =EXP(S17) -> 1.1160468 | T24: =EXP(T17) -> 1.3364562 | U24: =EXP(U17) -> 1.1341952 | V24: =EXP(V17) -> 1.3940444 | W24: =EXP(W17) -> 1.0078007 | Z24: =R31*AO17/SQRT(4) -> 0.010413793 | AA24: =S31*AP17/SQRT(4) -> -0.0068768224 | AB24: =T31*AQ17/SQRT(4) -> 0.0079698614 | AC24: =U31*AR17/SQRT(4) -> -0.0015503396 | AD24: =V31*AS17/SQRT(4) -> -0.0052879257 | AE24: =W31*AT17/SQRT(4) -> -0.0046685668
C25: ='Second Iteration'!AK61 -> -0.74483422 | D25: ='Second Iteration'!AL61 -> -0.36286518 | E25: ='Second Iteration'!AM61 -> -0.20718928 | F25: ='Second Iteration'!AN61 -> 0.53954026 | L25: Value | R25: =EXP(R18) -> 1.7875802 | S25: =EXP(S18) -> 0.34753518 | T25: =EXP(T18) -> 1.7729081 | U25: =EXP(U18) -> 0.56233518 | V25: =EXP(V18) -> 1.7300697 | W25: =EXP(W18) -> 0.22843559 | Z25: =R32*AO18/SQRT(4) -> -0.014105954 | AA25: =S32*AP18/SQRT(4) -> 0.016665796 | AB25: =T32*AQ18/SQRT(4) -> -0.012271717 | AC25: =U32*AR18/SQRT(4) -> -0.0024215996 | AD25: =V32*AS18/SQRT(4) -> -0.002841605 | AE25: =W32*AT18/SQRT(4) -> 0.01497508
B26: W_V | C26: Matrix: | M26: 0 | N26: 1 | O26: 2 | P26: 3 | R26: =EXP(R19) -> 1.9824244 | S26: =EXP(S19) -> 1.4619728 | T26: =EXP(T19) -> 1.8986447 | U26: =EXP(U19) -> 1.448111 | V26: =EXP(V19) -> 2.0741417 | W26: =EXP(W19) -> 1.2454452 | Z26: =R33*AO19/SQRT(4) -> 0.010444398 | AA26: =S33*AP19/SQRT(4) -> -0.0071874002 | AB26: =T33*AQ19/SQRT(4) -> 0.0080824898 | AC26: =U33*AR19/SQRT(4) -> -0.0015841049 | AD26: =V33*AS19/SQRT(4) -> -0.0050487144 | AE26: =W33*AT19/SQRT(4) -> -0.0047066683
C27: ='Second Iteration'!AK38 -> 0.16638437 | D27: ='Second Iteration'!AL38 -> -0.88694485 | E27: ='Second Iteration'!AM38 -> 0.15661721 | F27: ='Second Iteration'!AN38 -> -0.19796591 | M27: {=MMULT(C4:H9,C27:F32)} -> -1.4965702 | N27: -1.0281608 | O27: 0.34892665 | P27: 2.0483455 | Z27: =R34*AO20/SQRT(4) -> -0.014178848 | AA27: =S34*AP20/SQRT(4) -> 0.01628438 | AB27: =T34*AQ20/SQRT(4) -> -0.011898648 | AC27: =U34*AR20/SQRT(4) -> -0.0017094583 | AD27: =V34*AS20/SQRT(4) -> -0.002303718 | AE27: =W34*AT20/SQRT(4) -> 0.013806293
C28: ='Second Iteration'!AK39 -> -0.49991757 | D28: ='Second Iteration'!AL39 -> 0.14438157 | E28: ='Second Iteration'!AM39 -> 0.35404319 | F28: ='Second Iteration'!AN39 -> 0.30418349 | M28: -2.0103726 | N28: 0.19662999 | O28: 1.1053404 | P28: 1.2715325 | R28: Softmax Attention Probabilities:
C29: ='Second Iteration'!AK40 -> -0.48604236 | D29: ='Second Iteration'!AL40 -> -0.22103979 | E29: ='Second Iteration'!AM40 -> 0.099198124 | F29: ='Second Iteration'!AN40 -> 0.42133896 | M29: -1.4447021 | N29: -1.1581634 | O29: 0.43060241 | P29: 2.0782319 | R29: =R21/SUM($R21:$W21) -> 0.29347836 | S29: =S21/SUM($R21:$W21) -> 0.042409704 | T29: =T21/SUM($R21:$W21) -> 0.28851213 | U29: =U21/SUM($R21:$W21) -> 0.070392136 | V29: =V21/SUM($R21:$W21) -> 0.27677524 | W29: =W21/SUM($R21:$W21) -> 0.028432422 | Z29: Gradients dL/dK: | AG29: Gradients dL/dV:
C30: ='Second Iteration'!AK41 -> -0.25457871 | D30: ='Second Iteration'!AL41 -> -0.10782108 | E30: ='Second Iteration'!AM41 -> -0.56815908 | F30: ='Second Iteration'!AN41 -> -0.6130949 | M30: -1.5341522 | N30: 0.032080659 | O30: 0.69613867 | P30: 0.90394465 | R30: =R22/SUM($R22:$W22) -> 0.17711303 | S30: =S22/SUM($R22:$W22) -> 0.16205894 | T30: =T22/SUM($R22:$W22) -> 0.17335707 | U30: =U22/SUM($R22:$W22) -> 0.16286347 | V30: =V22/SUM($R22:$W22) -> 0.18736904 | W30: =W22/SUM($R22:$W22) -> 0.13723845 | Z30: {=MMULT(TRANSPOSE(Z22:AE27),M9:P14)} -> 0.0147762 | AA30: 0.010100619 | AB30: -0.1095532 | AC30: -0.066236083 | AG30: {=MMULT(TRANSPOSE(R29:W34),Z15:AC20)} -> -0.12287494 | AH30: -0.12287494 | AI30: -0.12287494 | AJ30: -0.12287494
C31: ='Second Iteration'!AK42 -> 0.40076194 | D31: ='Second Iteration'!AL42 -> 0.67261904 | E31: ='Second Iteration'!AM42 -> -0.041506028 | F31: ='Second Iteration'!AN42 -> 0.49626548 | M31: -1.4280476 | N31: -1.1004531 | O31: 0.4791317 | P31: 2.1500157 | R31: =R23/SUM($R23:$W23) -> 0.28272288 | S31: =S23/SUM($R23:$W23) -> 0.051335072 | T31: =T23/SUM($R23:$W23) -> 0.27899061 | U31: =U23/SUM($R23:$W23) -> 0.081905213 | V31: =V23/SUM($R23:$W23) -> 0.27006592 | W31: =W23/SUM($R23:$W23) -> 0.034980306 | Z31: -0.021539813 | AA31: -0.016009437 | AB31: 0.11738056 | AC31: 0.054206836 | AG31: 0.17383376 | AH31: 0.17383376 | AI31: 0.17383376 | AJ31: 0.17383376
C32: ='Second Iteration'!AK43 -> 0.17531704 | D32: ='Second Iteration'!AL43 -> -0.32806085 | E32: ='Second Iteration'!AM43 -> 0.17519683 | F32: ='Second Iteration'!AN43 -> 0.76351731 | M32: -2.5620863 | N32: 0.32414016 | O32: 1.3449232 | P32: 1.4541444 | R32: =R24/SUM($R24:$W24) -> 0.18453551 | S32: =S24/SUM($R24:$W24) -> 0.15197293 | T32: =T24/SUM($R24:$W24) -> 0.18198626 | U32: =U24/SUM($R24:$W24) -> 0.15444423 | V32: =V24/SUM($R24:$W24) -> 0.18982808 | W32: =W24/SUM($R24:$W24) -> 0.13723299 | Z32: 0.013340839 | AA32: 0.0093117672 | AB32: -0.091403174 | AC32: -0.052371271 | AG32: -0.12527494 | AH32: -0.12527494 | AI32: -0.12527494 | AJ32: -0.12527494
R33: =R25/SUM($R25:$W25) -> 0.27805538 | S33: =S25/SUM($R25:$W25) -> 0.054058569 | T33: =T25/SUM($R25:$W25) -> 0.27577315 | U33: =U25/SUM($R25:$W25) -> 0.087470382 | V33: =V25/SUM($R25:$W25) -> 0.26910971 | W33: =W25/SUM($R25:$W25) -> 0.035532809 | Z33: 0.0046779515 | AA33: 0.0038050938 | AB33: -0.010262912 | AC33: 0.0033972199 | AG33: 0.12932495 | AH33: 0.12932495 | AI33: 0.12932495 | AJ33: 0.12932495
R34: =R26/SUM($R26:$W26) -> 0.19607115 | S34: =S26/SUM($R26:$W26) -> 0.14459603 | T34: =T26/SUM($R26:$W26) -> 0.18778494 | U34: =U26/SUM($R26:$W26) -> 0.14322503 | V34: =V26/SUM($R26:$W26) -> 0.20514243 | W34: =W26/SUM($R26:$W26) -> 0.12318042 | Z34: 0.0081402723 | AA34: 0.0073841906 | AB34: -0.003793271 | AC34: 0.020104464 | AG34: -0.090628091 | AH34: -0.090628091 | AI34: -0.090628091 | AJ34: -0.090628091
Z35: -0.01939545 | AA35: -0.014592233 | AB35: 0.097631998 | AC35: 0.040898834 | AG35: 0.1651843 | AH35: 0.1651843 | AI35: 0.1651843 | AJ35: 0.1651843
Z37: Gradients dL/dQ: | AF37: np.dot(X_train.T, dL_dV) | AK37: Updated W_V:
Z38: {=MMULT(Z22:AE27,M18:P23)} -> 0.00053488548 | AA38: -0.020833412 | AB38: 0.0051008937 | AC38: -0.027977134 | AF38: {=MMULT(TRANSPOSE(C4:H9),AG30:AJ35)} -> -0.31150637 | AG38: -0.31150637 | AH38: -0.31150637 | AI38: -0.31150637 | AK38: =C27-0.02*AF38 -> 0.1726145 | AL38: =D27-0.02*AG38 -> -0.88071472 | AM38: =E27-0.02*AH38 -> 0.16284734 | AN38: =F27-0.02*AI38 -> -0.19173578
Z39: -0.0040202652 | AA39: 0.049217479 | AB39: -0.019220912 | AC39: 0.083173674 | AF39: 1.1021104 | AG39: 1.1021104 | AH39: 1.1021104 | AI39: 1.1021104 | AK39: =C28-0.02*AF39 -> -0.52195978 | AL39: =D28-0.02*AG39 -> 0.12233936 | AM39: =E28-0.02*AH39 -> 0.33200098 | AN39: =F28-0.02*AI39 -> 0.28214128
Z40: 0.00066844552 | AA40: -0.023828633 | AB40: 0.006224937 | AC40: -0.032857773 | AF40: -0.5479909 | AG40: -0.5479909 | AH40: -0.5479909 | AI40: -0.5479909 | AK40: =C29-0.02*AF40 -> -0.47508254 | AL40: =D29-0.02*AG40 -> -0.21007997 | AM40: =E29-0.02*AH40 -> 0.11015794 | AN40: =F29-0.02*AI40 -> 0.43229878
Z41: -0.0039497737 | AA41: 0.04905457 | AB41: -0.019129527 | AC41: 0.082762523 | AF41: -0.2153212 | AG41: -0.2153212 | AH41: -0.2153212 | AI41: -0.2153212 | AK41: =C30-0.02*AF41 -> -0.25027229 | AL41: =D30-0.02*AG41 -> -0.10351466 | AM41: =E30-0.02*AH41 -> -0.56385266 | AN41: =F30-0.02*AI41 -> -0.60878848
Z42: 0.00065274469 | AA42: -0.024490072 | AB42: 0.0063917346 | AC42: -0.033740428 | AF42: -0.33877797 | AG42: -0.33877797 | AH42: -0.33877797 | AI42: -0.33877797 | AK42: =C31-0.02*AF42 -> 0.4075375 | AL42: =D31-0.02*AG42 -> 0.6793946 | AM42: =E31-0.02*AH42 -> -0.034730468 | AN42: =F31-0.02*AI42 -> 0.50304104
Z43: -0.0034822103 | AA43: 0.048012691 | AB43: -0.017982978 | AC43: 0.079149261 | AF43: -0.33877797 | AG43: -0.33877797 | AH43: -0.33877797 | AI43: -0.33877797 | AK43: =C32-0.02*AF43 -> 0.1820926 | AL43: =D32-0.02*AG43 -> -0.32128529 | AM43: =E32-0.02*AH43 -> 0.18197239 | AN43: =F32-0.02*AI43 -> 0.77029287
AF47: np.dot(X_train.T, dL_dQ) | AK47: Updated W_Q:
AF48: {=MMULT(TRANSPOSE(C4:H9),Z38:AC43)} -> 0.0016526706 | AG48: -0.063510407 | AH48: 0.016164373 | AI48: -0.086595557 | AK48: =C13-0.02*AF48 -> 0.24819405 | AL48: =D13-0.02*AG48 -> -0.065032068 | AM48: =E13-0.02*AH48 -> 0.32299429 | AN48: =F13-0.02*AI48 -> 0.76747649
AF49: -0.032033109 | AG49: 0.36866022 | AH49: -0.15013613 | AI49: 0.63706778 | AK49: =C14-0.02*AF49 -> -0.10395392 | AL49: =D14-0.02*AG49 -> -0.16943004 | AM49: =E14-0.02*AH49 -> 0.81246752 | AN49: =F14-0.02*AI49 -> 0.25841525
AF50: -0.0058840221 | AG50: -0.061171611 | AH50: -0.0031807201 | AI50: -0.038640546 | AK50: =C15-0.02*AF50 -> -0.23097415 | AL50: =D15-0.02*AG50 -> 0.26577222 | AM50: =E15-0.02*AH50 -> -0.22673763 | AN50: =F15-0.02*AI50 -> -0.25667954
AF51: -0.00057796216 | AG51: -0.03273477 | AH51: 0.0046738349 | AI51: -0.035926822 | AK51: =C16-0.02*AF51 -> 0.12167626 | AL51: =D16-0.02*AG51 -> -0.9563995 | AM51: =E16-0.02*AH51 -> -0.86174381 | AN51: =F16-0.02*AI51 -> -0.28394214
AF52: 0.0018560757 | AG52: -0.069152117 | AH52: 0.017717565 | AI52: -0.094575335 | AK52: =C17-0.02*AF52 -> -0.50662101 | AL52: =D17-0.02*AG52 -> 0.16166444 | AM52: =E17-0.02*AH52 -> -0.45497811 | AN52: =F17-0.02*AI52 -> -0.69944039
AF53: 0.0018560757 | AG53: -0.069152117 | AH53: 0.017717565 | AI53: -0.094575335 | AK53: =C18-0.02*AF53 -> 0.73261893 | AL53: =D18-0.02*AG53 -> -0.10834738 | AM53: =E18-0.02*AH53 -> 0.032798029 | AN53: =F18-0.02*AI53 -> -0.70566263
AF55: np.dot(X_train.T, dL_dK) | AK55: Updated W_K:
AF56: {=MMULT(TRANSPOSE(C4:H9),Z30:AC35)} -> 0.03344147 | AG56: 0.0247783 | AH56: -0.18670141 | AI56: -0.088712231 | AK56: =C20-0.02*AF56 -> -0.2780476 | AL56: =D20-0.02*AG56 -> 0.052224974 | AM56: =E20-0.02*AH56 -> -0.55030721 | AN56: =F20-0.02*AI56 -> 0.19977373
AF57: -0.096588025 | AG57: -0.07199048 | AH57: 0.51739421 | AI57: 0.23450739 | AK57: =C21-0.02*AF57 -> -0.27985075 | AL57: =D21-0.02*AG57 -> -0.13464607 | AM57: =E21-0.02*AH57 -> -0.38490953 | AN57: =F21-0.02*AI57 -> 0.88758566
AF58: 0.072514623 | AG58: 0.053593153 | AH58: -0.4094993 | AI58: -0.19700578 | AK58: =C22-0.02*AF58 -> -0.019345336 | AL58: =D22-0.02*AG58 -> -0.53581348 | AM58: =E22-0.02*AH58 -> 0.46572267 | AN58: =F22-0.02*AI58 -> -0.58452341
AF59: 0.026258147 | AG59: 0.019170967 | AH59: -0.15587561 | AI59: -0.078916878 | AK59: =C23-0.02*AF59 -> 0.10027805 | AL59: =D23-0.02*AG59 -> -0.98212919 | AM59: =E23-0.02*AH59 -> -0.64555731 | AN59: =F23-0.02*AI59 -> 0.10747548
AF60: 0.036257312 | AG60: 0.026796576 | AH60: -0.20474965 | AI60: -0.09850289 | AK60: =C24-0.02*AF60 -> 0.36293493 | AL60: =D24-0.02*AG60 -> 0.082205129 | AM60: =E24-0.02*AH60 -> -0.030599036 | AN60: =F24-0.02*AI60 -> -0.13760264
AF61: 0.036257312 | AG61: 0.026796576 | AH61: -0.20474965 | AI61: -0.09850289 | AK61: =C25-0.02*AF61 -> -0.74555936 | AL61: =D25-0.02*AG61 -> -0.36340111 | AM61: =E25-0.02*AH61 -> -0.20309429 | AN61: =F25-0.02*AI61 -> 0.54151032

Sheet Forth Iteration
B3: Input | C3: X_train: | J3: Y_train
C4: {=TRANSPOSE(Data!C14:H20)} -> 0.84127 | D4: 1 | E4: 3 | F4: 1 | G4: 1 | H4: 1 | I4: 1 | J4: 1 | AG4: dL/dZ
C5: 0.005291 | D5: 3 | E5: 1 | F5: 0.1 | G5: 0 | H5: 0 | I5: 0 | J5: 0 | Z5: Z Matrix (Output of Attention): | AE5: Y_Pred | AI5: Binary Cross-Entropy Loss | AM5: #2. Compute gradient of loss w.r.t attention_weights (dL/dP)
C6: 1 | D6: 1 | E6: 3 | F6: 0.9 | G6: 1 | H6: 1 | I6: 1 | J6: 1 | R6: {=MMULT(M9:P14,TRANSPOSE(M18:P23))} -> 1.7627526 | S6: -2.0376193 | T6: 1.7280985 | U6: -1.035363 | V6: 1.6462058 | W6: -2.8284453 | Z6: {=MMULT(R29:W34,M27:P32)} -> -1.4971226 | AA6: -0.8935061 | AB6: 0.51780524 | AC6: 1.9731872 | AE6: =1/(1+EXP(-SUM(Z6:AC6))) -> 0.52506991 | AG6: =AE6-J4 -> -0.47493009 | AI6: =-J4*LN(AE6)-(1-J4)*LN(1-AE6) -> 0.64422386
C7: 0.015873 | D7: 2 | E7: 1 | F7: 0.2 | G7: 0 | H7: 0 | I7: 0 | J7: 0 | L7: Query | R7: 0.6608815 | S7: 0.22594383 | T7: 0.6153959 | U7: 0.2979701 | V7: 0.76923721 | W7: -0.16309435 | Z7: -1.6925287 | AA7: -0.5512072 | AB7: 0.67836921 | AC7: 1.7007069 | AE7: =1/(1+EXP(-SUM(Z7:AC7))) -> 0.5337835 | AG7: =AE7-J5 -> 0.5337835 | AI7: =-J5*LN(AE7)-(1-J5)*LN(1-AE7) -> 0.76310516 | AM7: {=MMULT(Z15:AC20,TRANSPOSE(M27:P32))} -> -0.0039349027 | AN7: -0.16352675 | AO7: -0.020871194 | AP7: 0.014554678 | AQ7: -0.11188531 | AR7: -0.12227225
C8: 0.94709 | D8: 1 | E8: 3 | F8: 0.8 | G8: 1 | H8: 1 | I8: 1 | J8: 1 | M8: 0 | N8: 1 | O8: 2 | P8: 3 | R8: 1.41346 | S8: -1.9393209 | T8: 1.3864337 | U8: -1.0142636 | V8: 1.3224844 | W8: -2.6992995 | Z8: -1.5123871 | AA8: -0.86204749 | AB8: 0.53117325 | AC8: 1.9459536 | AE8: =1/(1+EXP(-SUM(Z8:AC8))) -> 0.52565053 | AG8: =AE8-J6 -> -0.47434947 | AI8: =-J6*LN(AE8)-(1-J6)*LN(1-AE8) -> 0.64311867 | AM8: 0.0044225165 | AN8: 0.18379101 | AO8: 0.023457556 | AP8: -0.016358296 | AQ8: 0.12575016 | AR8: 0.13742425
C9: 0 | D9: 4 | E9: 1 | F9: 0.3 | G9: 0 | H9: 0 | I9: 0 | J9: 0 | M9: {=MMULT(C4:H9,C13:F18)} -> -0.24040398 | N9: -0.32990537 | O9: -0.87994384 | P9: -1.5550136 | R9: 0.69032796 | S9: 0.14385504 | T9: 0.66076045 | U9: 0.21485808 | V9: 0.74421859 | W9: -0.095578812 | Z9: -1.694016 | AA9: -0.5579056 | AB9: 0.67740622 | AC9: 1.7091785 | AE9: =1/(1+EXP(-SUM(Z9:AC9))) -> 0.53361499 | AG9: =AE9-J7 -> 0.53361499 | AI9: =-J7*LN(AE9)-(1-J7)*LN(1-AE9) -> 0.76274377 | AM9: -0.0039300921 | AN9: -0.16332683 | AO9: -0.020845678 | AP9: 0.014536884 | AQ9: -0.11174853 | AR9: -0.12212277
M10: -0.52935508 | N10: -0.33850195 | O10: 2.1261995 | P10: 0.49423273 | R10: 1.1211278 | S10: -2.098409 | T10: 1.1041934 | U10: -1.1445342 | V10: 1.0563145 | W10: -2.9310819 | Z10: -1.5154047 | AA10: -0.85235265 | AB10: 0.53459488 | AC10: 1.9363412 | AE10: =1/(1+EXP(-SUM(Z10:AC10))) -> 0.52577182 | AG10: =AE10-J8 -> -0.47422818 | AI10: =-J8*LN(AE10)-(1-J8)*LN(1-AE10) -> 0.64288796 | AM10: 0.0044211203 | AN10: 0.18373299 | AO10: 0.023450151 | AP10: -0.016353131 | AQ10: 0.12571046 | AR10: 0.13738086
M11: -0.21317576 | N11: -0.24458796 | O11: -0.74250058 | P11: -1.4047978 | R11: 1.5497278 | S11: 0.59869165 | T11: 1.459835 | U11: 0.6621507 | V11: 1.6344903 | W11: 0.20306423 | Z11: -1.6552002 | AA11: -0.62161167 | AB11: 0.64721304 | AC11: 1.7598733 | AE11: =1/(1+EXP(-SUM(Z11:AC11))) -> 0.53252264 | AG11: =AE11-J9 -> 0.53252264 | AI11: =-J9*LN(AE11)-(1-J9)*LN(1-AE11) -> 0.76040436 | AM11: -0.0039290872 | AN11: -0.16328507 | AO11: -0.020840348 | AP11: 0.014533167 | AQ11: -0.11171996 | AR11: -0.12209154
B12: Query | M12: -0.41060715 | N12: -0.26540002 | O12: 1.2309755 | P12: 0.2155447 | AI12: =AVERAGE(AI6:AI11) -> 0.7027473 | AM12: 0.00441207 | AN12: 0.18335688 | AO12: 0.023402146 | AP12: -0.016319655 | AQ12: 0.12545312 | AR12: 0.13709963
C13: ='Third Iteration'!AK48 -> 0.24819405 | D13: ='Third Iteration'!AL48 -> -0.065032068 | E13: ='Third Iteration'!AM48 -> 0.32299429 | F13: ='Third Iteration'!AN48 -> 0.76747649 | M13: -0.23847534 | N13: -0.14550716 | O13: -0.67341583 | P13: -1.4170108 | R13: Attention Scores:
C14: ='Third Iteration'!AK49 -> -0.10395392 | D14: ='Third Iteration'!AL49 -> -0.16943004 | E14: ='Third Iteration'!AM49 -> 0.81246752 | F14: ='Third Iteration'!AN49 -> 0.25841525 | M14: -0.61028694 | N14: -0.69886781 | O14: 2.7646093 | P14: 0.69179884 | R14: =R6/SQRT(4) -> 0.88137628 | S14: =S6/SQRT(4) -> -1.0188096 | T14: =T6/SQRT(4) -> 0.86404925 | U14: =U6/SQRT(4) -> -0.51768149 | V14: =V6/SQRT(4) -> 0.82310288 | W14: =W6/SQRT(4) -> -1.4142227 | Z14: # 1. Compute gradient of loss w.r.t attention_output (dL/dZ)
C15: ='Third Iteration'!AK50 -> -0.23097415 | D15: ='Third Iteration'!AL50 -> 0.26577222 | E15: ='Third Iteration'!AM50 -> -0.22673763 | F15: ='Third Iteration'!AN50 -> -0.25667954 | R15: =R7/SQRT(4) -> 0.33044075 | S15: =S7/SQRT(4) -> 0.11297191 | T15: =T7/SQRT(4) -> 0.30769795 | U15: =U7/SQRT(4) -> 0.14898505 | V15: =V7/SQRT(4) -> 0.3846186 | W15: =W7/SQRT(4) -> -0.081547177 | Z15: =AG6 -> -0.47493009 | AA15: =Z15 -> -0.47493009 | AB15: =AA15 -> -0.47493009 | AC15: =AB15 -> -0.47493009 | AF15: =R29*AM7 -> -0.0011494521 | AG15: =S29*AN7 -> -0.0071434076 | AH15: =T29*AO7 -> -0.0059921013 | AI15: =U29*AP7 -> 0.0010494371 | AJ15: =V29*AQ7 -> -0.030833451 | AK15: =W29*AR7 -> -0.003596821 | AM15: =SUM(AF15:AK15) -> -0.047665796 | AO15: =AM7-$AM15 -> 0.043730894 | AP15: =AN7-$AM15 -> -0.11586096 | AQ15: =AO7-$AM15 -> 0.026794602 | AR15: =AP7-$AM15 -> 0.062220474 | AS15: =AQ7-$AM15 -> -0.064219517 | AT15: =AR7-$AM15 -> -0.074606453
C16: ='Third Iteration'!AK51 -> 0.12167626 | D16: ='Third Iteration'!AL51 -> -0.9563995 | E16: ='Third Iteration'!AM51 -> -0.86174381 | F16: ='Third Iteration'!AN51 -> -0.28394214 | L16: Key | R16: =R8/SQRT(4) -> 0.70673 | S16: =S8/SQRT(4) -> -0.96966046 | T16: =T8/SQRT(4) -> 0.69321684 | U16: =U8/SQRT(4) -> -0.5071318 | V16: =V8/SQRT(4) -> 0.66124219 | W16: =W8/SQRT(4) -> -1.3496498 | Z16: =AG7 -> 0.5337835 | AA16: =Z16 -> 0.5337835 | AB16: =AA16 -> 0.5337835 | AC16: =AB16 -> 0.5337835 | AF16: =R30*AM8 -> 0.00082909856 | AG16: =S30*AN8 -> 0.027721419 | AH16: =T30*AO8 -> 0.004298752 | AI16: =U30*AP8 -> -0.0025578174 | AJ16: =V30*AQ8 -> 0.024887105 | AK16: =W30*AR8 -> 0.017063809 | AM16: =SUM(AF16:AK16) -> 0.072242367 | AO16: =AM8-$AM16 -> -0.06781985 | AP16: =AN8-$AM16 -> 0.11154865 | AQ16: =AO8-$AM16 -> -0.048784811 | AR16: =AP8-$AM16 -> -0.088600662 | AS16: =AQ8-$AM16 -> 0.053507793 | AT16: =AR8-$AM16 -> 0.06518188
C17: ='Third Iteration'!AK52 -> -0.50662101 | D17: ='Third Iteration'!AL52 -> 0.16166444 | E17: ='Third Iteration'!AM52 -> -0.45497811 | F17: ='Third Iteration'!AN52 -> -0.69944039 | M17: 0 | N17: 1 | O17: 2 | P17: 3 | R17: =R9/SQRT(4) -> 0.34516398 | S17: =S9/SQRT(4) -> 0.071927521 | T17: =T9/SQRT(4) -> 0.33038023 | U17: =U9/SQRT(4) -> 0.10742904 | V17: =V9/SQRT(4) -> 0.3721093 | W17: =W9/SQRT(4) -> -0.047789406 | Z17: =AG8 -> -0.47434947 | AA17: =Z17 -> -0.47434947 | AB17: =AA17 -> -0.47434947 | AC17: =AB17 -> -0.47434947 | AF17: =R31*AM9 -> -0.0011057846 | AG17: =S31*AN9 -> -0.0085956397 | AH17: =T31*AO9 -> -0.0057864889 | AI17: =U31*AP9 -> 0.0012149702 | AJ17: =V31*AQ9 -> -0.030043775 | AK17: =W31*AR9 -> -0.0043953153 | AM17: =SUM(AF17:AK17) -> -0.048712033 | AO17: =AM9-$AM17 -> 0.044781941 | AP17: =AN9-$AM17 -> -0.1146148 | AQ17: =AO9-$AM17 -> 0.027866355 | AR17: =AP9-$AM17 -> 0.063248917 | AS17: =AQ9-$AM17 -> -0.063036496 | AT17: =AR9-$AM17 -> -0.073410734
C18: ='Third Iteration'!AK53 -> 0.73261893 | D18: ='Third Iteration'!AL53 -> -0.10834738 | E18: ='Third Iteration'!AM53 -> 0.032798029 | F18: ='Third Iteration'!AN53 -> -0.70566263 | M18: {=MMULT(C4:H9,C20:F25)} -> -0.85414625 | N18: -2.9614764 | O18: -0.3299491 | P18: -0.18653778 | R18: =R10/SQRT(4) -> 0.56056391 | S18: =S10/SQRT(4) -> -1.0492045 | T18: =T10/SQRT(4) -> 0.55209668 | U18: =U10/SQRT(4) -> -0.5722671 | V18: =V10/SQRT(4) -> 0.52815725 | W18: =W10/SQRT(4) -> -1.4655409 | Z18: =AG9 -> 0.53361499 | AA18: =Z18 -> 0.53361499 | AB18: =AA18 -> 0.53361499 | AC18: =AB18 -> 0.53361499 | AF18: =R32*AM10 -> 0.00084420514 | AG18: =S32*AN10 -> 0.026695479 | AH18: =T32*AO10 -> 0.0044120537 | AI18: =U32*AP10 -> -0.0024618955 | AJ18: =V32*AQ10 -> 0.024659785 | AK18: =W32*AR10 -> 0.017708607 | AM18: =SUM(AF18:AK18) -> 0.071858234 | AO18: =AM10-$AM18 -> -0.067437114 | AP18: =AN10-$AM18 -> 0.11187476 | AQ18: =AO10-$AM18 -> -0.048408084 | AR18: =AP10-$AM18 -> -0.088211366 | AS18: =AQ10-$AM18 -> 0.053852226 | AT18: =AR10-$AM18 -> 0.065522628
B19: W_K | C19: Matrix: | M19: -0.85034093 | N19: -1.0376883 | O19: -0.75647332 | P19: 2.0900381 | R19: =R11/SQRT(4) -> 0.77486392 | S19: =S11/SQRT(4) -> 0.29934583 | T19: =T11/SQRT(4) -> 0.72991752 | U19: =U11/SQRT(4) -> 0.33107535 | V19: =V11/SQRT(4) -> 0.81724514 | W19: =W11/SQRT(4) -> 0.10153211 | Z19: =AG10 -> -0.47422818 | AA19: =Z19 -> -0.47422818 | AB19: =AA19 -> -0.47422818 | AC19: =AB19 -> -0.47422818 | AF19: =R33*AM11 -> -0.0010873105 | AG19: =S33*AN11 -> -0.0090343075 | AH19: =T33*AO11 -> -0.0057185987 | AI19: =U33*AP11 -> 0.0012955075 | AJ19: =V33*AQ11 -> -0.029930822 | AK19: =W33*AR11 -> -0.0044547295 | AM19: =SUM(AF19:AK19) -> -0.048930261 | AO19: =AM11-$AM19 -> 0.045001174 | AP19: =AN11-$AM19 -> -0.11435481 | AQ19: =AO11-$AM19 -> 0.028089912 | AR19: =AP11-$AM19 -> 0.063463428 | AS19: =AQ11-$AM19 -> -0.062789695 | AT19: =AR11-$AM19 -> -0.07316128
C20: ='Third Iteration'!AK56 -> -0.2780476 | D20: ='Third Iteration'!AL56 -> 0.052224974 | E20: ='Third Iteration'!AM56 -> -0.55030721 | F20: ='Third Iteration'!AN56 -> 0.19977373 | M20: -0.90830855 | N20: -2.8549738 | O20: -0.35274363 | P20: -0.16557524 | Z20: =AG11 -> 0.53252264 | AA20: =Z20 -> 0.53252264 | AB20: =AA20 -> 0.53252264 | AC20: =AB20 -> 0.53252264 | AF20: =R34*AM12 -> 0.00092447554 | AG20: =S34*AN12 -> 0.023880056 | AH20: =T34*AO12 -> 0.0046880124 | AI20: =U34*AP12 -> -0.0021939619 | AJ20: =V34*AQ12 -> 0.027424608 | AK20: =W34*AR12 -> 0.014650925 | AM20: =SUM(AF20:AK20) -> 0.069374115 | AO20: =AM12-$AM20 -> -0.064962045 | AP20: =AN12-$AM20 -> 0.11398276 | AQ20: =AO12-$AM20 -> -0.045971969 | AR20: =AP12-$AM20 -> -0.085693771 | AS20: =AQ12-$AM20 -> 0.056079007 | AT20: =AR12-$AM20 -> 0.067725519
C21: ='Third Iteration'!AK57 -> -0.27985075 | D21: ='Third Iteration'!AL57 -> -0.13464607 | E21: ='Third Iteration'!AM57 -> -0.38490953 | F21: ='Third Iteration'!AN57 -> 0.88758566 | M21: -0.56340468 | N21: -1.0007025 | O21: -0.44194288 | P21: 1.215314 | R21: =EXP(R14) -> 2.4142201 | S21: =EXP(S14) -> 0.36102444 | T21: =EXP(T14) -> 2.3727491 | U21: =EXP(U14) -> 0.59590055 | V21: =EXP(V14) -> 2.2775559 | W21: =EXP(W14) -> 0.24311452 | Z21: # 3. Compute gradient of loss w.r.t attention scores (dL/dA) with softmax derivative
C22: ='Third Iteration'!AK58 -> -0.019345336 | D22: ='Third Iteration'!AL58 -> -0.53581348 | E22: ='Third Iteration'!AM58 -> 0.46572267 | F22: ='Third Iteration'!AN58 -> -0.58452341 | M22: -0.90362485 | N22: -2.7595241 | O22: -0.25907115 | P22: -0.18689282 | R22: =EXP(R15) -> 1.3915813 | S22: =EXP(S15) -> 1.1196005 | T22: =EXP(T15) -> 1.3602901 | U22: =EXP(U15) -> 1.1606556 | V22: =EXP(V15) -> 1.4690539 | W22: =EXP(W15) -> 0.92168923 | Z22: =R29*AO15/SQRT(4) -> 0.0063872694 | AA22: =S29*AP15/SQRT(4) -> -0.0025306013 | AB22: =T29*AQ15/SQRT(4) -> 0.0038463532 | AC22: =U29*AR15/SQRT(4) -> 0.0022431439 | AD22: =V29*AS15/SQRT(4) -> -0.008848835 | AE22: =W29*AT15/SQRT(4) -> -0.0010973302
C23: ='Third Iteration'!AK59 -> 0.10027805 | D23: ='Third Iteration'!AL59 -> -0.98212919 | E23: ='Third Iteration'!AM59 -> -0.64555731 | F23: ='Third Iteration'!AN59 -> 0.10747548 | M23: -1.1086649 | N23: -1.3690365 | O23: -1.2675826 | P23: 2.9980619 | R23: =EXP(R16) -> 2.027351 | S23: =EXP(S16) -> 0.37921177 | T23: =EXP(T16) -> 2.0001393 | U23: =EXP(U16) -> 0.60222039 | V23: =EXP(V16) -> 1.9371972 | W23: =EXP(W16) -> 0.25933107 | Z23: =R30*AO16/SQRT(4) -> -0.0063571657 | AA23: =S30*AP16/SQRT(4) -> 0.0084125081 | AB23: =T30*AQ16/SQRT(4) -> -0.0044700693 | AC23: =U30*AR16/SQRT(4) -> -0.0069268928 | AD23: =V30*AS16/SQRT(4) -> 0.0052948405 | AE23: =W30*AT16/SQRT(4) -> 0.0040467791
C24: ='Third Iteration'!AK60 -> 0.36293493 | D24: ='Third Iteration'!AL60 -> 0.082205129 | E24: ='Third Iteration'!AM60 -> -0.030599036 | F24: ='Third Iteration'!AN60 -> -0.13760264 | R24: =EXP(R17) -> 1.4122215 | S24: =EXP(S17) -> 1.0745775 | T24: =EXP(T17) -> 1.3914971 | U24: =EXP(U17) -> 1.1134118 | V24: =EXP(V17) -> 1.4507915 | W24: =EXP(W17) -> 0.95333453 | Z24: =R31*AO17/SQRT(4) -> 0.0063000022 | AA24: =S31*AP17/SQRT(4) -> -0.0030160002 | AB24: =T31*AQ17/SQRT(4) -> 0.0038676686 | AC24: =U31*AR17/SQRT(4) -> 0.0026431232 | AD24: =V31*AS17/SQRT(4) -> -0.0084737325 | AE24: =W31*AT17/SQRT(4) -> -0.0013210613
C25: ='Third Iteration'!AK61 -> -0.74555936 | D25: ='Third Iteration'!AL61 -> -0.36340111 | E25: ='Third Iteration'!AM61 -> -0.20309429 | F25: ='Third Iteration'!AN61 -> 0.54151032 | L25: Value | R25: =EXP(R18) -> 1.75166 | S25: =EXP(S18) -> 0.35021624 | T25: =EXP(T18) -> 1.7368909 | U25: =EXP(U18) -> 0.56424479 | V25: =EXP(V18) -> 1.6958045 | W25: =EXP(W18) -> 0.23095303 | Z25: =R32*AO18/SQRT(4) -> -0.0064384991 | AA25: =S32*AP18/SQRT(4) -> 0.0081274196 | AB25: =T32*AQ18/SQRT(4) -> -0.0045538954 | AC25: =U32*AR18/SQRT(4) -> -0.0066399259 | AD25: =V32*AS18/SQRT(4) -> 0.0052819164 | AE25: =W32*AT18/SQRT(4) -> 0.0042229845
B26: W_V | C26: Matrix: | M26: 0 | N26: 1 | O26: 2 | P26: 3 | R26: =EXP(R19) -> 2.1702968 | S26: =EXP(S19) -> 1.3489761 | T26: =EXP(T19) -> 2.0749095 | U26: =EXP(U19) -> 1.3924647 | V26: =EXP(V19) -> 2.2642535 | W26: =EXP(W19) -> 1.1068655 | Z26: =R33*AO19/SQRT(4) -> 0.0062266688 | AA26: =S33*AP19/SQRT(4) -> -0.0031635364 | AB26: =T33*AQ19/SQRT(4) -> 0.0038539408 | AC26: =U33*AR19/SQRT(4) -> 0.0028286108 | AD26: =V33*AS19/SQRT(4) -> -0.0084109735 | AE26: =W33*AT19/SQRT(4) -> -0.0013347105
C27: ='Third Iteration'!AK38 -> 0.1726145 | D27: ='Third Iteration'!AL38 -> -0.88071472 | E27: ='Third Iteration'!AM38 -> 0.16284734 | F27: ='Third Iteration'!AN38 -> -0.19173578 | M27: {=MMULT(C4:H9,C27:F32)} -> -1.4626342 | N27: -0.99422476 | O27: 0.38286266 | P27: 2.0822815 | Z27: =R34*AO20/SQRT(4) -> -0.0068058555 | AA27: =S34*AP20/SQRT(4) -> 0.0074224508 | AB27: =T34*AQ20/SQRT(4) -> -0.0046046451 | AC27: =U34*AR20/SQRT(4) -> -0.0057601973 | AD27: =V34*AS20/SQRT(4) -> 0.0061295597 | AE27: =W34*AT20/SQRT(4) -> 0.0036186875
C28: ='Third Iteration'!AK39 -> -0.52195978 | D28: ='Third Iteration'!AL39 -> 0.12233936 | E28: ='Third Iteration'!AM39 -> 0.33200098 | F28: ='Third Iteration'!AN39 -> 0.28214128 | M28: -2.0650758 | N28: 0.14192679 | O28: 1.0506372 | P28: 1.2168293 | R28: Softmax Attention Probabilities:
C29: ='Third Iteration'!AK40 -> -0.47508254 | D29: ='Third Iteration'!AL40 -> -0.21007997 | E29: ='Third Iteration'!AM40 -> 0.11015794 | F29: ='Third Iteration'!AN40 -> 0.43229878 | M29: -1.4102078 | N29: -1.1236691 | O29: 0.46509668 | P29: 2.1127261 | R29: =R21/SUM($R21:$W21) -> 0.29211703 | S29: =S21/SUM($R21:$W21) -> 0.043683419 | T29: =T21/SUM($R21:$W21) -> 0.28709911 | U29: =U21/SUM($R21:$W21) -> 0.072103078 | V29: =V21/SUM($R21:$W21) -> 0.27558087 | W29: =W21/SUM($R21:$W21) -> 0.029416495 | Z29: Gradients dL/dK: | AG29: Gradients dL/dV:
C30: ='Third Iteration'!AK41 -> -0.25027229 | D30: ='Third Iteration'!AL41 -> -0.10351466 | E30: ='Third Iteration'!AM41 -> -0.56385266 | F30: ='Third Iteration'!AN41 -> -0.60878848 | M30: -1.5663166 | N30: -8.3763808e-05 | O30: 0.66397425 | P30: 0.87178022 | R30: =R22/SUM($R22:$W22) -> 0.18747212 | S30: =S22/SUM($R22:$W22) -> 0.1508312 | T30: =T22/SUM($R22:$W22) -> 0.1832566 | U30: =U22/SUM($R22:$W22) -> 0.1563621 | V30: =V22/SUM($R22:$W22) -> 0.19790914 | W30: =W22/SUM($R22:$W22) -> 0.12416884 | Z30: {=MMULT(TRANSPOSE(Z22:AE27),M9:P14)} -> 0.0057989768 | AA30: 0.00406296 | AB30: -0.0547491 | AC30: -0.036843763 | AG30: {=MMULT(TRANSPOSE(R29:W34),Z15:AC20)} -> -0.089891092 | AH30: -0.089891092 | AI30: -0.089891092 | AJ30: -0.089891092
C31: ='Third Iteration'!AK42 -> 0.4075375 | D31: ='Third Iteration'!AL42 -> 0.6793946 | E31: ='Third Iteration'!AM42 -> -0.034730468 | F31: ='Third Iteration'!AN42 -> 0.50304104 | M31: -1.3943137 | N31: -1.0667191 | O31: 0.51286569 | P31: 2.1837497 | R31: =R23/SUM($R23:$W23) -> 0.28136352 | S31: =S23/SUM($R23:$W23) -> 0.05262846 | T31: =T23/SUM($R23:$W23) -> 0.27758698 | U31: =U23/SUM($R23:$W23) -> 0.083578449 | V31: =V23/SUM($R23:$W23) -> 0.26885163 | W31: =W23/SUM($R23:$W23) -> 0.035990958 | Z31: -0.010314475 | AA31: -0.0081591261 | AB31: 0.055008046 | AC31: 0.023699157 | AG31: 0.15544837 | AH31: 0.15544837 | AI31: 0.15544837 | AJ31: 0.15544837
C32: ='Third Iteration'!AK43 -> 0.1820926 | D32: ='Third Iteration'!AL43 -> -0.32128529 | E32: ='Third Iteration'!AM43 -> 0.18197239 | F32: ='Third Iteration'!AN43 -> 0.77029287 | M32: -2.6380033 | N32: 0.24822308 | O32: 1.2690061 | P32: 1.3782274 | R32: =R24/SUM($R24:$W24) -> 0.19094824 | S32: =S24/SUM($R24:$W24) -> 0.14529497 | T32: =T24/SUM($R24:$W24) -> 0.18814607 | U32: =U24/SUM($R24:$W24) -> 0.15054581 | V32: =V24/SUM($R24:$W24) -> 0.19616335 | W32: =W24/SUM($R24:$W24) -> 0.12890156 | Z32: 0.0043780291 | AA32: 0.0031640756 | AB32: -0.036691664 | AC32: -0.02325181 | AG32: -0.093259619 | AH32: -0.093259619 | AI32: -0.093259619 | AJ32: -0.093259619
R33: =R25/SUM($R25:$W25) -> 0.27673362 | S33: =S25/SUM($R25:$W25) -> 0.055328435 | T33: =T25/SUM($R25:$W25) -> 0.27440034 | U33: =U25/SUM($R25:$W25) -> 0.089141443 | V33: =V25/SUM($R25:$W25) -> 0.26790936 | W33: =W25/SUM($R25:$W25) -> 0.036486799 | Z33: 0.0081312958 | AA33: 0.0063345352 | AB33: -0.04466743 | AC33: -0.02004894 | AG33: 0.11922494 | AH33: 0.11922494 | AI33: 0.11922494 | AJ33: 0.11922494
R34: =R26/SUM($R26:$W26) -> 0.20953329 | S34: =S26/SUM($R26:$W26) -> 0.13023813 | T34: =T26/SUM($R26:$W26) -> 0.20032403 | U34: =U26/SUM($R26:$W26) -> 0.13443678 | V34: =V26/SUM($R26:$W26) -> 0.21860443 | W34: =W26/SUM($R26:$W26) -> 0.10686334 | Z34: -0.0027729343 | AA34: -0.0012621785 | AB34: 0.054447947 | AC34: 0.045578174 | AG34: -0.058733301 | AH34: -0.058733301 | AI34: -0.058733301 | AJ34: -0.058733301
Z35: -0.0052208922 | AA35: -0.0041402663 | AB35: 0.026652201 | AC35: 0.010867183 | AG35: 0.14362409 | AH35: 0.14362409 | AI35: 0.14362409 | AJ35: 0.14362409
Z37: Gradients dL/dQ: | AF37: np.dot(X_train.T, dL_dV) | AK37: Updated W_V:
Z38: {=MMULT(Z22:AE27,M18:P23)} -> 0.0011513372 | AA38: -0.003594871 | AB38: 0.0011421751 | AC38: -0.006027337 | AF38: {=MMULT(TRANSPOSE(C4:H9),AG30:AJ35)} -> -0.22179308 | AG38: -0.22179308 | AH38: -0.22179308 | AI38: -0.22179308 | AK38: =C27-0.02*AF38 -> 0.17705036 | AL38: =D27-0.02*AG38 -> -0.87627886 | AM38: =E27-0.02*AH38 -> 0.1672832 | AN38: =F27-0.02*AI38 -> -0.18729992
Z39: -0.0030317764 | AA39: 0.009639296 | AB39: -0.0061295849 | AC39: 0.022233024 | AF39: 1.0374074 | AG39: 1.0374074 | AH39: 1.0374074 | AI39: 1.0374074 | AK39: =C28-0.02*AF39 -> -0.54270793 | AL39: =D28-0.02*AG39 -> 0.10159121 | AM39: =E28-0.02*AH39 -> 0.31125283 | AN39: =F28-0.02*AI39 -> 0.26139313
Z40: 0.0013030104 | AA40: -0.004022662 | AB40: 0.0015402927 | AC40: -0.0072838532 | AF40: -0.30735463 | AG40: -0.30735463 | AH40: -0.30735463 | AI40: -0.30735463 | AK40: =C29-0.02*AF40 -> -0.46893544 | AL40: =D29-0.02*AG40 -> -0.20393287 | AM40: =E29-0.02*AH40 -> 0.11630504 | AN40: =F29-0.02*AI40 -> 0.43844588
Z41: -0.002989096 | AA41: 0.0099225818 | AB41: -0.0062043475 | AC41: 0.022545674 | AF41: -0.13833434 | AG41: -0.13833434 | AH41: -0.13833434 | AI41: -0.13833434 | AK41: =C30-0.02*AF41 -> -0.2475056 | AL41: =D30-0.02*AG41 -> -0.10074797 | AM41: =E30-0.02*AH41 -> -0.56108597 | AN41: =F30-0.02*AI41 -> -0.60602179
Z42: 0.0013574902 | AA42: -0.0039533143 | AB42: 0.001600006 | AC42: -0.0074034815 | AF42: -0.24188401 | AG42: -0.24188401 | AH42: -0.24188401 | AI42: -0.24188401 | AK42: =C31-0.02*AF42 -> 0.41237518 | AL42: =D31-0.02*AG42 -> 0.68423228 | AM42: =E31-0.02*AH42 -> -0.029892788 | AN42: =F31-0.02*AI42 -> 0.50787872
Z43: -0.0026213915 | AA43: 0.0094947921 | AB43: -0.0053743402 | AC43: 0.020248199 | AF43: -0.24188401 | AG43: -0.24188401 | AH43: -0.24188401 | AI43: -0.24188401 | AK43: =C32-0.02*AF43 -> 0.18693028 | AL43: =D32-0.02*AG43 -> -0.31644761 | AM43: =E32-0.02*AH43 -> 0.18681007 | AN43: =F32-0.02*AI43 -> 0.77513055
AF47: np.dot(X_train.T, dL_dQ) | AK47: Updated W_Q:
AF48: {=MMULT(TRANSPOSE(C4:H9),Z38:AC43)} -> 0.0034937741 | AG48: -0.010582561 | AH48: 0.0038856068 | AI48: -0.018890732 | AK48: =C13-0.02*AF48 -> 0.24812418 | AL48: =D13-0.02*AG48 -> -0.064820417 | AM48: =E13-0.02*AH48 -> 0.32291657 | AN48: =F13-0.02*AI48 -> 0.7678543
AF49: -0.02174725 | AG49: 0.075171373 | AH49: -0.048012337 | AI49: 0.17206854 | AK49: =C14-0.02*AF49 -> -0.10351897 | AL49: =D14-0.02*AG49 -> -0.17093347 | AM49: =E14-0.02*AH49 -> 0.81342777 | AN49: =F14-0.02*AI49 -> 0.25497388
AF50: 0.0027932493 | AG50: -0.0056558718 | AH50: -0.0048608512 | AI50: 0.0028828817 | AK50: =C15-0.02*AF50 -> -0.23103002 | AL50: =D15-0.02*AG50 -> 0.26588533 | AM50: =E15-0.02*AH50 -> -0.22664041 | AN50: =F15-0.02*AI50 -> -0.25673719
AF51: 0.0017226244 | AG51: -0.0045810346 | AH51: 0.00034231327 | AI51: -0.0056986932 | AK51: =C16-0.02*AF51 -> 0.12164181 | AL51: =D16-0.02*AG51 -> -0.95630788 | AM51: =E16-0.02*AH51 -> -0.86175066 | AN51: =F16-0.02*AI51 -> -0.28382816
AF52: 0.0038118377 | AG52: -0.011570847 | AH52: 0.0042824738 | AI52: -0.020714672 | AK52: =C17-0.02*AF52 -> -0.50669724 | AL52: =D17-0.02*AG52 -> 0.16189585 | AM52: =E17-0.02*AH52 -> -0.45506376 | AN52: =F17-0.02*AI52 -> -0.69902609
AF53: 0.0038118377 | AG53: -0.011570847 | AH53: 0.0042824738 | AI53: -0.020714672 | AK53: =C18-0.02*AF53 -> 0.7325427 | AL53: =D18-0.02*AG53 -> -0.10811597 | AM53: =E18-0.02*AH53 -> 0.032712379 | AN53: =F18-0.02*AI53 -> -0.70524833
AF55: np.dot(X_train.T, dL_dK) | AK55: Updated W_K:
AF56: {=MMULT(TRANSPOSE(C4:H9),Z30:AC35)} -> 0.0067048101 | AG56: 0.0054441035 | AH56: -0.031601292 | AI56: -0.011273575 | AK56: =C20-0.02*AF56 -> -0.2781817 | AL56: =D20-0.02*AG56 -> 0.052116092 | AM56: =E20-0.02*AH56 -> -0.54967518 | AN56: =F20-0.02*AI56 -> 0.1999992
AF57: -0.028160331 | AG57: -0.022404516 | AH57: 0.14530526 | AI57: 0.059950922 | AK57: =C21-0.02*AF57 -> -0.27928754 | AL57: =D21-0.02*AG57 -> -0.13419798 | AM57: =E21-0.02*AH57 -> -0.38781563 | AN57: =F21-0.02*AI57 -> 0.88638664
AF58: 0.014808143 | AG58: 0.011929714 | AH58: -0.073985634 | AI58: -0.029034799 | AK58: =C22-0.02*AF58 -> -0.019641499 | AL58: =D22-0.02*AG58 -> -0.53605208 | AM58: =E22-0.02*AH58 -> 0.46720238 | AN58: =F22-0.02*AI58 -> -0.58394271
AF59: 0.0065493995 | AG59: 0.0051097998 | AH59: -0.039650261 | AI59: -0.019687571 | AK59: =C23-0.02*AF59 -> 0.10014707 | AL59: =D23-0.02*AG59 -> -0.98223139 | AM59: =E23-0.02*AH59 -> -0.6447643 | AN59: =F23-0.02*AI59 -> 0.10786923
AF60: 0.0074040715 | AG60: 0.0059648572 | AH60: -0.036992817 | AI60: -0.014517399 | AK60: =C24-0.02*AF60 -> 0.36278685 | AL60: =D24-0.02*AG60 -> 0.082085832 | AM60: =E24-0.02*AH60 -> -0.02985918 | AN60: =F24-0.02*AI60 -> -0.1373123
AF61: 0.0074040715 | AG61: 0.0059648572 | AH61: -0.036992817 | AI61: -0.014517399 | AK61: =C25-0.02*AF61 -> -0.74570744 | AL61: =D25-0.02*AG61 -> -0.36352041 | AM61: =E25-0.02*AH61 -> -0.20235443 | AN61: =F25-0.02*AI61 -> 0.54180066

Sheet Fifth Iteration
B3: Input | C3: X_train: | J3: Y_train
C4: {=TRANSPOSE(Data!C14:H20)} -> 0.84127 | D4: 1 | E4: 3 | F4: 1 | G4: 1 | H4: 1 | I4: 1 | J4: 1 | AG4: dL/dZ
C5: 0.005291 | D5: 3 | E5: 1 | F5: 0.1 | G5: 0 | H5: 0 | I5: 0 | J5: 0 | Z5: Z Matrix (Output of Attention): | AE5: Y_Pred | AI5: Binary Cross-Entropy Loss | AM5: #2. Compute gradient of loss w.r.t attention_weights (dL/dP)
C6: 1 | D6: 1 | E6: 3 | F6: 0.9 | G6: 1 | H6: 1 | I6: 1 | J6: 1 | R6: {=MMULT(M9:P14,TRANSPOSE(M18:P23))} -> 1.7580867 | S6: -2.0326418 | T6: 1.7233046 | U6: -1.0322906 | V6: 1.6416842 | W6: -2.8220896 | Z6: {=MMULT(R29:W34,M27:P32)} -> -1.4927079 | AA6: -0.88811307 | AB6: 0.52282013 | AC6: 1.9773637 | AE6: =1/(1+EXP(-SUM(Z6:AC6))) -> 0.52980534 | AG6: =AE6-J4 -> -0.47019466 | AI6: =-J4*LN(AE6)-(1-J4)*LN(1-AE6) -> 0.63524563
C7: 0.015873 | D7: 2 | E7: 1 | F7: 0.2 | G7: 0 | H7: 0 | I7: 0 | J7: 0 | L7: Query | R7: 0.68451974 | S7: 0.18773482 | T7: 0.63826405 | U7: 0.27739561 | V7: 0.79191133 | W7: -0.21793814 | Z7: -1.7014976 | AA7: -0.57491376 | AB7: 0.65906563 | AC7: 1.6925211 | AE7: =1/(1+EXP(-SUM(Z7:AC7))) -> 0.518785 | AG7: =AE7-J5 -> 0.518785 | AI7: =-J5*LN(AE7)-(1-J5)*LN(1-AE7) -> 0.73144112 | AM7: {=MMULT(Z15:AC20,TRANSPOSE(M27:P32))} -> -0.029976304 | AN7: -0.056954061 | AO7: -0.04754764 | AP7: 0.079720449 | AQ7: -0.1366925 | AR7: 0.021915211
C8: 0.94709 | D8: 1 | E8: 3 | F8: 0.8 | G8: 1 | H8: 1 | I8: 1 | J8: 1 | M8: 0 | N8: 1 | O8: 2 | P8: 3 | R8: 1.4094924 | S8: -1.9355516 | T8: 1.3823439 | U8: -1.0119041 | V8: 1.3186459 | W8: -2.6946034 | Z8: -1.5097233 | AA8: -0.85847428 | AB8: 0.53439646 | AC8: 1.9483995 | AE8: =1/(1+EXP(-SUM(Z8:AC8))) -> 0.52861828 | AG8: =AE8-J6 -> -0.47138172 | AI8: =-J6*LN(AE8)-(1-J6)*LN(1-AE8) -> 0.6374887 | AM8: 0.033074082 | AN8: 0.062839745 | AO8: 0.052461255 | AP8: -0.087958831 | AQ8: 0.15081843 | AR8: -0.024179948
C9: 0 | D9: 4 | E9: 1 | F9: 0.3 | G9: 0 | H9: 0 | I9: 0 | J9: 0 | M9: {=MMULT(C4:H9,C13:F18)} -> -0.24038234 | N9: -0.33033694 | O9: -0.87893547 | P9: -1.5573675 | R9: 0.70501602 | S9: 0.11987686 | T9: 0.67493858 | U9: 0.20199261 | V9: 0.75830018 | W9: -0.13008039 | Z9: -1.7050401 | AA9: -0.57826219 | AB9: 0.65979148 | AC9: 1.698547 | AE9: =1/(1+EXP(-SUM(Z9:AC9))) -> 0.51875026 | AG9: =AE9-J7 -> 0.51875026 | AI9: =-J7*LN(AE9)-(1-J7)*LN(1-AE9) -> 0.73136893 | AM9: -0.030051983 | AN9: -0.057097848 | AO9: -0.047667679 | AP9: 0.079921712 | AQ9: -0.1370376 | AR9: 0.021970538
M10: -0.52810993 | N10: -0.34288883 | O10: 2.1291764 | P10: 0.48386436 | R10: 1.11745 | S10: -2.0950782 | T10: 1.100391 | U10: -1.1424223 | V10: 1.0527566 | W10: -2.9269979 | Z10: -1.5132194 | AA10: -0.84931815 | AB10: 0.53729757 | AC10: 1.9383125 | AE10: =1/(1+EXP(-SUM(Z10:AC10))) -> 0.52823805 | AG10: =AE10-J8 -> -0.47176195 | AI10: =-J8*LN(AE10)-(1-J8)*LN(1-AE10) -> 0.63820825 | AM10: 0.033071867 | AN10: 0.062835537 | AO10: 0.052457742 | AP10: -0.08795294 | AQ10: 0.15080833 | AR10: -0.024178329
M11: -0.21316177 | N11: -0.24499509 | O11: -0.74150385 | P11: -1.4071032 | R11: 1.5811508 | S11: 0.54812548 | T11: 1.4902288 | U11: 0.63494751 | V11: 1.6646235 | W11: 0.13047401 | Z11: -1.6586331 | AA11: -0.64337877 | AB11: 0.63102735 | AC11: 1.7576596 | AE11: =1/(1+EXP(-SUM(Z11:AC11))) -> 0.52165521 | AG11: =AE11-J9 -> 0.52165521 | AI11: =-J9*LN(AE11)-(1-J9)*LN(1-AE11) -> 0.73742348 | AM11: -0.030076224 | AN11: -0.057143905 | AO11: -0.047706129 | AP11: 0.079986179 | AQ11: -0.13714814 | AR11: 0.02198826
B12: Query | M12: -0.40980113 | N12: -0.26827208 | O12: 1.2329907 | P12: 0.20863309 | AI12: =AVERAGE(AI6:AI11) -> 0.68519602 | AM12: 0.033257067 | AN12: 0.06318741 | AO12: 0.0527515 | AP12: -0.088445468 | AQ12: 0.15165284 | AR12: -0.024313725
C13: ='Forth Iteration'!AK48 -> 0.24812418 | D13: ='Forth Iteration'!AL48 -> -0.064820417 | E13: ='Forth Iteration'!AM48 -> 0.32291657 | F13: ='Forth Iteration'!AN48 -> 0.7678543 | M13: -0.2384542 | N13: -0.14593466 | O13: -0.67241431 | P13: -1.4193475 | R13: Attention Scores:
C14: ='Forth Iteration'!AK49 -> -0.10351897 | D14: ='Forth Iteration'!AL49 -> -0.17093347 | E14: ='Forth Iteration'!AM49 -> 0.81342777 | F14: ='Forth Iteration'!AN49 -> 0.25497388 | M14: -0.60861336 | N14: -0.70474091 | O14: 2.7685455 | P14: 0.67800989 | R14: =R6/SQRT(4) -> 0.87904336 | S14: =S6/SQRT(4) -> -1.0163209 | T14: =T6/SQRT(4) -> 0.8616523 | U14: =U6/SQRT(4) -> -0.51614529 | V14: =V6/SQRT(4) -> 0.82084212 | W14: =W6/SQRT(4) -> -1.4110448 | Z14: # 1. Compute gradient of loss w.r.t attention_output (dL/dZ)
C15: ='Forth Iteration'!AK50 -> -0.23103002 | D15: ='Forth Iteration'!AL50 -> 0.26588533 | E15: ='Forth Iteration'!AM50 -> -0.22664041 | F15: ='Forth Iteration'!AN50 -> -0.25673719 | R15: =R7/SQRT(4) -> 0.34225987 | S15: =S7/SQRT(4) -> 0.093867411 | T15: =T7/SQRT(4) -> 0.31913203 | U15: =U7/SQRT(4) -> 0.13869781 | V15: =V7/SQRT(4) -> 0.39595566 | W15: =W7/SQRT(4) -> -0.10896907 | Z15: =AG6 -> -0.47019466 | AA15: =Z15 -> -0.47019466 | AB15: =AA15 -> -0.47019466 | AC15: =AB15 -> -0.47019466 | AF15: =R29*AM7 -> -0.0087508597 | AG15: =S29*AN7 -> -0.0024983375 | AH15: =T29*AO7 -> -0.01364108 | AI15: =U29*AP7 -> 0.0057665974 | AJ15: =V29*AQ7 -> -0.037647909 | AK15: =W29*AR7 -> 0.00064780699 | AM15: =SUM(AF15:AK15) -> -0.056123781 | AO15: =AM7-$AM15 -> 0.026147477 | AP15: =AN7-$AM15 -> -0.00083028021 | AQ15: =AO7-$AM15 -> 0.0085761416 | AR15: =AP7-$AM15 -> 0.13584423 | AS15: =AQ7-$AM15 -> -0.080568722 | AT15: =AR7-$AM15 -> 0.078038992
C16: ='Forth Iteration'!AK51 -> 0.12164181 | D16: ='Forth Iteration'!AL51 -> -0.95630788 | E16: ='Forth Iteration'!AM51 -> -0.86175066 | F16: ='Forth Iteration'!AN51 -> -0.28382816 | L16: Key | R16: =R8/SQRT(4) -> 0.70474622 | S16: =S8/SQRT(4) -> -0.96777578 | T16: =T8/SQRT(4) -> 0.69117194 | U16: =U8/SQRT(4) -> -0.50595203 | V16: =V8/SQRT(4) -> 0.65932294 | W16: =W8/SQRT(4) -> -1.3473017 | Z16: =AG7 -> 0.518785 | AA16: =Z16 -> 0.518785 | AB16: =AA16 -> 0.518785 | AC16: =AB16 -> 0.518785 | AF16: =R30*AM8 -> 0.0062818538 | AG16: =S30*AN8 -> 0.0093101989 | AH16: =T30*AO8 -> 0.0097363102 | AI16: =U30*AP8 -> -0.013629301 | AJ16: =V30*AQ8 -> 0.03022555 | AK16: =W30*AR8 -> -0.0029247527 | AM16: =SUM(AF16:AK16) -> 0.038999859 | AO16: =AM8-$AM16 -> -0.005925777 | AP16: =AN8-$AM16 -> 0.023839886 | AQ16: =AO8-$AM16 -> 0.013461396 | AR16: =AP8-$AM16 -> -0.12695869 | AS16: =AQ8-$AM16 -> 0.11181857 | AT16: =AR8-$AM16 -> -0.063179808
C17: ='Forth Iteration'!AK52 -> -0.50669724 | D17: ='Forth Iteration'!AL52 -> 0.16189585 | E17: ='Forth Iteration'!AM52 -> -0.45506376 | F17: ='Forth Iteration'!AN52 -> -0.69902609 | M17: 0 | N17: 1 | O17: 2 | P17: 3 | R17: =R9/SQRT(4) -> 0.35250801 | S17: =S9/SQRT(4) -> 0.059938429 | T17: =T9/SQRT(4) -> 0.33746929 | U17: =U9/SQRT(4) -> 0.10099631 | V17: =V9/SQRT(4) -> 0.37915009 | W17: =W9/SQRT(4) -> -0.065040195 | Z17: =AG8 -> -0.47138172 | AA17: =Z17 -> -0.47138172 | AB17: =AA17 -> -0.47138172 | AC17: =AB17 -> -0.47138172 | AF17: =R31*AM9 -> -0.0084502465 | AG17: =S31*AN9 -> -0.0030147334 | AH17: =T31*AO9 -> -0.013222848 | AI17: =U31*AP9 -> 0.0066967095 | AJ17: =V31*AQ9 -> -0.03682213 | AK17: =W31*AR9 -> 0.00079367712 | AM17: =SUM(AF17:AK17) -> -0.054019572 | AO17: =AM9-$AM17 -> 0.023967589 | AP17: =AN9-$AM17 -> -0.0030782768 | AQ17: =AO9-$AM17 -> 0.0063518926 | AR17: =AP9-$AM17 -> 0.13394128 | AS17: =AQ9-$AM17 -> -0.083018027 | AT17: =AR9-$AM17 -> 0.07599011
C18: ='Forth Iteration'!AK53 -> 0.7325427 | D18: ='Forth Iteration'!AL53 -> -0.10811597 | E18: ='Forth Iteration'!AM53 -> 0.032712379 | F18: ='Forth Iteration'!AN53 -> -0.70524833 | M18: {=MMULT(C4:H9,C20:F25)} -> -0.85501149 | N18: -2.9621765 | O18: -0.32561164 | P18: -0.18483058 | R18: =R10/SQRT(4) -> 0.55872502 | S18: =S10/SQRT(4) -> -1.0475391 | T18: =T10/SQRT(4) -> 0.55019551 | U18: =U10/SQRT(4) -> -0.57121117 | V18: =V10/SQRT(4) -> 0.52637829 | W18: =W10/SQRT(4) -> -1.4634989 | Z18: =AG9 -> 0.51875026 | AA18: =Z18 -> 0.51875026 | AB18: =AA18 -> 0.51875026 | AC18: =AB18 -> 0.51875026 | AF18: =R32*AM10 -> 0.0063664617 | AG18: =S32*AN10 -> 0.0090278303 | AH18: =T32*AO10 -> 0.0099475876 | AI18: =U32*AP10 -> -0.013166175 | AJ18: =V32*AQ10 -> 0.02981503 | AK18: =W32*AR10 -> -0.00306568 | AM18: =SUM(AF18:AK18) -> 0.038925054 | AO18: =AM10-$AM18 -> -0.0058531869 | AP18: =AN10-$AM18 -> 0.023910482 | AQ18: =AO10-$AM18 -> 0.013532688 | AR18: =AP10-$AM18 -> -0.12687799 | AS18: =AQ10-$AM18 -> 0.11188327 | AT18: =AR10-$AM18 -> -0.063103383
B19: W_K | C19: Matrix: | M19: -0.84896128 | N19: -1.0365934 | O19: -0.76362928 | P19: 2.0870623 | R19: =R11/SQRT(4) -> 0.79057539 | S19: =S11/SQRT(4) -> 0.27406274 | T19: =T11/SQRT(4) -> 0.74511439 | U19: =U11/SQRT(4) -> 0.31747375 | V19: =V11/SQRT(4) -> 0.83231173 | W19: =W11/SQRT(4) -> 0.065237006 | Z19: =AG10 -> -0.47176195 | AA19: =Z19 -> -0.47176195 | AB19: =AA19 -> -0.47176195 | AC19: =AB19 -> -0.47176195 | AF19: =R33*AM11 -> -0.0083181654 | AG19: =S33*AN11 -> -0.0031708998 | AH19: =T33*AO11 -> -0.013081999 | AI19: =U33*AP11 -> 0.0071465123 | AJ19: =V33*AQ11 -> -0.036723677 | AK19: =W33*AR11 -> 0.00080492314 | AM19: =SUM(AF19:AK19) -> -0.053343305 | AO19: =AM11-$AM19 -> 0.023267082 | AP19: =AN11-$AM19 -> -0.0038006 | AQ19: =AO11-$AM19 -> 0.0056371761 | AR19: =AP11-$AM19 -> 0.13332948 | AS19: =AQ11-$AM19 -> -0.083804832 | AT19: =AR11-$AM19 -> 0.075331566
C20: ='Forth Iteration'!AK56 -> -0.2781817 | D20: ='Forth Iteration'!AL56 -> 0.052116092 | E20: ='Forth Iteration'!AM56 -> -0.54967518 | F20: ='Forth Iteration'!AN56 -> 0.1999992 | M20: -0.90918198 | N20: -2.8556809 | O20: -0.34838515 | P20: -0.16387163 | Z20: =AG11 -> 0.52165521 | AA20: =Z20 -> 0.52165521 | AB20: =AA20 -> 0.52165521 | AC20: =AB20 -> 0.52165521 | AF20: =R34*AM12 -> 0.0070729599 | AG20: =S34*AN12 -> 0.0080173199 | AH20: =T34*AO12 -> 0.010720341 | AI20: =U34*AP12 -> -0.011719995 | AJ20: =V34*AQ12 -> 0.033627429 | AK20: =W34*AR12 -> -0.0025035617 | AM20: =SUM(AF20:AK20) -> 0.045214493 | AO20: =AM12-$AM20 -> -0.011957427 | AP20: =AN12-$AM20 -> 0.017972916 | AQ20: =AO12-$AM20 -> 0.0075370068 | AR20: =AP12-$AM20 -> -0.13365996 | AS20: =AQ12-$AM20 -> 0.10643835 | AT20: =AR12-$AM20 -> -0.069528219
C21: ='Forth Iteration'!AK57 -> -0.27928754 | D21: ='Forth Iteration'!AL57 -> -0.13419798 | E21: ='Forth Iteration'!AM57 -> -0.38781563 | F21: ='Forth Iteration'!AN57 -> 0.88638664 | M21: -0.56260275 | N21: -1.0000671 | O21: -0.44610674 | P21: 1.213579 | R21: =EXP(R14) -> 2.4085944 | S21: =EXP(S14) -> 0.36192406 | T21: =EXP(T14) -> 2.3670686 | U21: =EXP(U14) -> 0.59681667 | V21: =EXP(V14) -> 2.2724127 | W21: =EXP(W14) -> 0.24388833 | Z21: # 3. Compute gradient of loss w.r.t attention scores (dL/dA) with softmax derivative
C22: ='Forth Iteration'!AK58 -> -0.019641499 | D22: ='Forth Iteration'!AL58 -> -0.53605208 | E22: ='Forth Iteration'!AM58 -> 0.46720238 | F22: ='Forth Iteration'!AN58 -> -0.58394271 | M22: -0.90447809 | N22: -2.7602153 | O22: -0.25482541 | P22: -0.18524051 | R22: =EXP(R15) -> 1.4081262 | S22: =EXP(S15) -> 1.0984141 | T22: =EXP(T15) -> 1.375933 | U22: =EXP(U15) -> 1.1487769 | V22: =EXP(V15) -> 1.4858034 | W22: =EXP(W15) -> 0.89675815 | Z22: =R29*AO15/SQRT(4) -> 0.0038165629 | AA22: =S29*AP15/SQRT(4) -> -1.8210467e-05 | AB22: =T29*AQ15/SQRT(4) -> 0.001230217 | AC22: =U29*AR15/SQRT(4) -> 0.0049131622 | AD22: =V29*AS15/SQRT(4) -> -0.011095136 | AE22: =W29*AT15/SQRT(4) -> 0.0011534045
C23: ='Forth Iteration'!AK59 -> 0.10014707 | D23: ='Forth Iteration'!AL59 -> -0.98223139 | E23: ='Forth Iteration'!AM59 -> -0.6447643 | F23: ='Forth Iteration'!AN59 -> 0.10786923 | M23: -1.1067476 | N23: -1.3675134 | O23: -1.2774894 | P23: 2.9939646 | R23: =EXP(R16) -> 2.0233331 | S23: =EXP(S16) -> 0.37992714 | T23: =EXP(T16) -> 1.9960534 | U23: =EXP(U16) -> 0.6029313 | V23: =EXP(V16) -> 1.9334828 | W23: =EXP(W16) -> 0.25994072 | Z23: =R30*AO16/SQRT(4) -> -0.00056274977 | AA23: =S30*AP16/SQRT(4) -> 0.0017660326 | AB23: =T30*AQ16/SQRT(4) -> 0.0012491535 | AC23: =U30*AR16/SQRT(4) -> -0.0098361825 | AD23: =V30*AS16/SQRT(4) -> 0.01120479 | AE23: =W30*AT16/SQRT(4) -> -0.0038210444
C24: ='Forth Iteration'!AK60 -> 0.36278685 | D24: ='Forth Iteration'!AL60 -> 0.082085832 | E24: ='Forth Iteration'!AM60 -> -0.02985918 | F24: ='Forth Iteration'!AN60 -> -0.1373123 | R24: =EXP(R17) -> 1.4226311 | S24: =EXP(S17) -> 1.0617712 | T24: =EXP(T17) -> 1.4013966 | U24: =EXP(U17) -> 1.1062726 | V24: =EXP(V17) -> 1.4610423 | W24: =EXP(W17) -> 0.9370298 | Z24: =R31*AO17/SQRT(4) -> 0.003369695 | AA24: =S31*AP17/SQRT(4) -> -8.1265619e-05 | AB24: =T31*AQ17/SQRT(4) -> 0.00088099645 | AC24: =U31*AR17/SQRT(4) -> 0.0056115281 | AD24: =V31*AS17/SQRT(4) -> -0.01115351 | AE24: =W31*AT17/SQRT(4) -> 0.0013725565
C25: ='Forth Iteration'!AK61 -> -0.74570744 | D25: ='Forth Iteration'!AL61 -> -0.36352041 | E25: ='Forth Iteration'!AM61 -> -0.20235443 | F25: ='Forth Iteration'!AN61 -> 0.54180066 | L25: Value | R25: =EXP(R18) -> 1.7484418 | S25: =EXP(S18) -> 0.35079997 | T25: =EXP(T18) -> 1.7335919 | U25: =EXP(U18) -> 0.5648409 | V25: =EXP(V18) -> 1.6927904 | W25: =EXP(W18) -> 0.23142512 | Z25: =R32*AO18/SQRT(4) -> -0.0005633805 | AA25: =S32*AP18/SQRT(4) -> 0.0017176568 | AB25: =T32*AQ18/SQRT(4) -> 0.0012831051 | AC25: =U32*AR18/SQRT(4) -> -0.0094965439 | AD25: =V32*AS18/SQRT(4) -> 0.011059744 | AE25: =W32*AT18/SQRT(4) -> -0.004000582
B26: W_V | C26: Matrix: | M26: 0 | N26: 1 | O26: 2 | P26: 3 | R26: =EXP(R19) -> 2.2046646 | S26: =EXP(S19) -> 1.3152973 | T26: =EXP(T19) -> 2.1066824 | U26: =EXP(U19) -> 1.3736532 | V26: =EXP(V19) -> 2.2986264 | W26: =EXP(W19) -> 1.067412 | Z26: =R33*AO19/SQRT(4) -> 0.0032174823 | AA26: =S33*AP19/SQRT(4) -> -0.00010544713 | AB26: =T33*AQ19/SQRT(4) -> 0.00077291464 | AC26: =U33*AR19/SQRT(4) -> 0.005956284 | AD26: =V33*AS19/SQRT(4) -> -0.011220063 | AE26: =W33*AT19/SQRT(4) -> 0.0013788294
C27: ='Forth Iteration'!AK38 -> 0.17705036 | D27: ='Forth Iteration'!AL38 -> -0.87627886 | E27: ='Forth Iteration'!AM38 -> 0.1672832 | F27: ='Forth Iteration'!AN38 -> -0.18729992 | M27: {=MMULT(C4:H9,C27:F32)} -> -1.4487672 | N27: -0.98035782 | O27: 0.39672959 | P27: 2.0961484 | Z27: =R34*AO20/SQRT(4) -> -0.0012715252 | AA27: =S34*AP20/SQRT(4) -> 0.0011402162 | AB27: =T34*AQ20/SQRT(4) -> 0.00076584821 | AC27: =U34*AR20/SQRT(4) -> -0.0088557054 | AD27: =V34*AS20/SQRT(4) -> 0.011800794 | AE27: =W34*AT20/SQRT(4) -> -0.003579628
C28: ='Forth Iteration'!AK39 -> -0.54270793 | D28: ='Forth Iteration'!AL39 -> 0.10159121 | E28: ='Forth Iteration'!AM39 -> 0.31125283 | F28: ='Forth Iteration'!AN39 -> 0.26139313 | M28: -2.120873 | N28: 0.086129575 | O28: 0.99484003 | P28: 1.1610321 | R28: Softmax Attention Probabilities:
C29: ='Forth Iteration'!AK40 -> -0.46893544 | D29: ='Forth Iteration'!AL40 -> -0.20393287 | E29: ='Forth Iteration'!AM40 -> 0.11630504 | F29: ='Forth Iteration'!AN40 -> 0.43844588 | M29: -1.3959135 | N29: -1.1093748 | O29: 0.47939105 | P29: 2.1270205 | R29: =R21/SUM($R21:$W21) -> 0.2919259 | S29: =S21/SUM($R21:$W21) -> 0.043865835 | T29: =T21/SUM($R21:$W21) -> 0.28689289 | U29: =U21/SUM($R21:$W21) -> 0.072335236 | V29: =V21/SUM($R21:$W21) -> 0.27542043 | W29: =W21/SUM($R21:$W21) -> 0.029559697 | Z29: Gradients dL/dK: | AG29: Gradients dL/dV:
C30: ='Forth Iteration'!AK41 -> -0.2475056 | D30: ='Forth Iteration'!AL41 -> -0.10074797 | E30: ='Forth Iteration'!AM41 -> -0.56108597 | F30: ='Forth Iteration'!AN41 -> -0.60602179 | M30: -1.6010421 | N30: -0.034809218 | O30: 0.62924879 | P30: 0.83705477 | R30: =R22/SUM($R22:$W22) -> 0.18993282 | S30: =S22/SUM($R22:$W22) -> 0.14815781 | T30: =T22/SUM($R22:$W22) -> 0.18559049 | U30: =U22/SUM($R22:$W22) -> 0.15495091 | V30: =V22/SUM($R22:$W22) -> 0.20041019 | W30: =W22/SUM($R22:$W22) -> 0.12095777 | Z30: {=MMULT(TRANSPOSE(Z22:AE27),M9:P14)} -> -0.0011010117 | AA30: -0.0013156569 | AB30: -0.013429747 | AC30: -0.016503966 | AG30: {=MMULT(TRANSPOSE(R29:W34),Z15:AC20)} -> -0.090944731 | AH30: -0.090944731 | AI30: -0.090944731 | AJ30: -0.090944731
C31: ='Forth Iteration'!AK42 -> 0.41237518 | D31: ='Forth Iteration'!AL42 -> 0.68423228 | E31: ='Forth Iteration'!AM42 -> -0.029892788 | F31: ='Forth Iteration'!AN42 -> 0.50787872 | M31: -1.3805307 | N31: -1.0529361 | O31: 0.52664869 | P31: 2.1975327 | R31: =R23/SUM($R23:$W23) -> 0.28118765 | S31: =S23/SUM($R23:$W23) -> 0.052799423 | T31: =T23/SUM($R23:$W23) -> 0.27739652 | U31: =U23/SUM($R23:$W23) -> 0.083790866 | V31: =V23/SUM($R23:$W23) -> 0.26870093 | W31: =W23/SUM($R23:$W23) -> 0.03612461 | Z31: -0.0022836634 | AA31: -0.0018285956 | AB31: 0.0091819589 | AC31: 0.0022783338 | AG31: 0.14588929 | AH31: 0.14588929 | AI31: 0.14588929 | AJ31: 0.14588929
C32: ='Forth Iteration'!AK43 -> 0.18693028 | D32: ='Forth Iteration'!AL43 -> -0.31644761 | E32: ='Forth Iteration'!AM43 -> 0.18681007 | F32: ='Forth Iteration'!AN43 -> 0.77513055 | M32: -2.7140188 | N32: 0.17220759 | O32: 1.1929906 | P32: 1.3022119 | R32: =R24/SUM($R24:$W24) -> 0.19250385 | S32: =S24/SUM($R24:$W24) -> 0.14367396 | T32: =T24/SUM($R24:$W24) -> 0.1896305 | U32: =U24/SUM($R24:$W24) -> 0.14969568 | V32: =V24/SUM($R24:$W24) -> 0.19770148 | W32: =W24/SUM($R24:$W24) -> 0.12679453 | Z32: -0.0023194357 | AA32: -0.0020472876 | AB32: 0.0041077479 | AC32: -0.0028612157 | AG32: -0.094356965 | AH32: -0.094356965 | AI32: -0.094356965 | AJ32: -0.094356965
R33: =R25/SUM($R25:$W25) -> 0.27656948 | S33: =S25/SUM($R25:$W25) -> 0.055489729 | T33: =T25/SUM($R25:$W25) -> 0.27422051 | U33: =U25/SUM($R25:$W25) -> 0.089346839 | V33: =V25/SUM($R25:$W25) -> 0.2677665 | W33: =W25/SUM($R25:$W25) -> 0.03660695 | Z33: 0.010678479 | AA33: 0.0082943285 | AB33: -0.069653953 | AC33: -0.036746562 | AG33: 0.11150635 | AH33: 0.11150635 | AI33: 0.11150635 | AJ33: 0.11150635
R34: =R26/SUM($R26:$W26) -> 0.2126754 | S34: =S26/SUM($R26:$W26) -> 0.1268816 | T34: =T26/SUM($R26:$W26) -> 0.20322344 | U34: =U26/SUM($R26:$W26) -> 0.13251097 | V34: =V26/SUM($R26:$W26) -> 0.22173953 | W34: =W26/SUM($R26:$W26) -> 0.10296907 | Z34: -0.0099117299 | AA34: -0.007090436 | AB34: 0.095731383 | AC34: 0.064628596 | AG34: -0.060284897 | AH34: -0.060284897 | AI34: -0.060284897 | AJ34: -0.060284897
Z35: 0.0049373617 | AA35: 0.0039876475 | AB35: -0.025937389 | AC35: -0.010795186 | AG35: 0.13404307 | AH35: 0.13404307 | AI35: 0.13404307 | AJ35: 0.13404307
Z37: Gradients dL/dQ: | AF37: np.dot(X_train.T, dL_dV) | AK37: Updated W_V:
Z38: {=MMULT(Z22:AE27,M18:P23)} -> 0.0016283851 | AA38: 0.009334613 | AB38: -0.0024953348 | AC38: 0.01052601 | AF38: {=MMULT(TRANSPOSE(C4:H9),AG30:AJ35)} -> -0.22541942 | AG38: -0.22541942 | AH38: -0.22541942 | AI38: -0.22541942 | AK38: =C27-0.02*AF38 -> 0.18155875 | AL38: =D27-0.02*AG38 -> -0.87177047 | AM38: =E27-0.02*AH38 -> 0.17179159 | AN38: =F27-0.02*AI38 -> -0.18279153
Z39: -0.0025255363 | AA39: -0.01959634 | AB39: 0.004813523 | AC39: -0.021867505 | AF39: 0.95126627 | AG39: 0.95126627 | AH39: 0.95126627 | AI39: 0.95126627 | AK39: =C28-0.02*AF39 -> -0.56173325 | AL39: =D28-0.02*AG39 -> 0.082565888 | AM39: =E28-0.02*AH39 -> 0.29222751 | AN39: =F28-0.02*AI39 -> 0.24236781
Z40: 0.0017988484 | AA40: 0.010883959 | AB40: -0.0027566503 | AC40: 0.012048701 | AF40: -0.34532106 | AG40: -0.34532106 | AH40: -0.34532106 | AI40: -0.34532106 | AK40: =C29-0.02*AF40 -> -0.46202902 | AL40: =D29-0.02*AG40 -> -0.19702645 | AM40: =E29-0.02*AH40 -> 0.12321146 | AN40: =F29-0.02*AI40 -> 0.4453523
Z41: -0.0023759838 | AA41: -0.019335063 | AB41: 0.0049536451 | AC41: -0.022072398 | AF41: -0.1469908 | AG41: -0.1469908 | AH41: -0.1469908 | AI41: -0.1469908 | AK41: =C30-0.02*AF41 -> -0.24456579 | AL41: =D30-0.02*AG41 -> -0.097808156 | AM41: =E30-0.02*AH41 -> -0.55814616 | AN41: =F30-0.02*AI41 -> -0.60308198
Z42: 0.0019070796 | AA42: 0.011498896 | AB42: -0.0027958204 | AC42: 0.012493575 | AF42: -0.24558659 | AG42: -0.24558659 | AH42: -0.24558659 | AI42: -0.24558659 | AK42: =C31-0.02*AF42 -> 0.41728691 | AL42: =D31-0.02*AG42 -> 0.68914401 | AM42: =E31-0.02*AH42 -> -0.024981056 | AN42: =F31-0.02*AI42 -> 0.51279045
Z43: -0.0023066971 | AA43: -0.01842372 | AB43: 0.0047928955 | AC43: -0.021161145 | AF43: -0.24558659 | AG43: -0.24558659 | AH43: -0.24558659 | AI43: -0.24558659 | AK43: =C32-0.02*AF43 -> 0.19184201 | AL43: =D32-0.02*AG43 -> -0.31153588 | AM43: =E32-0.02*AH43 -> 0.1917218 | AN43: =F32-0.02*AI43 -> 0.78004228
AF47: np.dot(X_train.T, dL_dQ) | AK47: Updated W_Q:
AF48: {=MMULT(TRANSPOSE(C4:H9),Z38:AC43)} -> 0.0049238594 | AG48: 0.029216789 | AH48: -0.0073996967 | AI48: 0.032270401 | AK48: =C13-0.02*AF48 -> 0.2480257 | AL48: =D13-0.02*AG48 -> -0.065404753 | AM48: =E13-0.02*AH48 -> 0.32306457 | AN48: =F13-0.02*AI48 -> 0.7672089
AF49: -0.016221052 | AG49: -0.13943656 | AH49: 0.035471635 | AI49: -0.1593236 | AK49: =C14-0.02*AF49 -> -0.10319455 | AL49: =D14-0.02*AG49 -> -0.16814474 | AM49: =E14-0.02*AH49 -> 0.81271834 | AN49: =F14-0.02*AI49 -> 0.25816035
AF50: 0.0087947221 | AG50: 0.037797283 | AH50: -0.0095833532 | AI50: 0.040103811 | AK50: =C15-0.02*AF50 -> -0.23120591 | AL50: =D15-0.02*AG50 -> 0.26512939 | AM50: =E15-0.02*AH50 -> -0.22644874 | AN50: =F15-0.02*AI50 -> -0.25753927
AF51: 0.0033532528 | AG51: 0.016975531 | AH51: -0.0043030265 | AI51: 0.018415127 | AK51: =C16-0.02*AF51 -> 0.12157475 | AL51: =D16-0.02*AG51 -> -0.95664739 | AM51: =E16-0.02*AH51 -> -0.8616646 | AN51: =F16-0.02*AI51 -> -0.28419647
AF52: 0.0053343131 | AG52: 0.031717469 | AH52: -0.0080478056 | AI52: 0.035068286 | AK52: =C17-0.02*AF52 -> -0.50680393 | AL52: =D17-0.02*AG52 -> 0.1612615 | AM52: =E17-0.02*AH52 -> -0.4549028 | AN52: =F17-0.02*AI52 -> -0.69972746
AF53: 0.0053343131 | AG53: 0.031717469 | AH53: -0.0080478056 | AI53: 0.035068286 | AK53: =C18-0.02*AF53 -> 0.73243601 | AL53: =D18-0.02*AG53 -> -0.10875032 | AM53: =E18-0.02*AH53 -> 0.032873335 | AN53: =F18-0.02*AI53 -> -0.7059497
AF55: np.dot(X_train.T, dL_dK) | AK55: Updated W_K:
AF56: {=MMULT(TRANSPOSE(C4:H9),Z30:AC35)} -> -0.012475567 | AG56: -0.0097474105 | AH56: 0.082418904 | AI56: 0.043892366 | AK56: =C20-0.02*AF56 -> -0.27793219 | AL56: =D20-0.02*AG56 -> 0.052311041 | AM56: =E20-0.02*AH56 -> -0.55132356 | AN56: =F20-0.02*AI56 -> 0.19912135
AF57: 0.020923237 | AG57: 0.01660008 | AH57: -0.1291022 | AI57: -0.064575451 | AK57: =C21-0.02*AF57 -> -0.27970601 | AL57: =D21-0.02*AG57 -> -0.13452999 | AM57: =E21-0.02*AH57 -> -0.38523359 | AN57: =F21-0.02*AI57 -> 0.88767815
AF58: -0.026664355 | AG58: -0.020906761 | AH58: 0.17281877 | AI58: 0.090526828 | AK58: =C22-0.02*AF58 -> -0.019108212 | AL58: =D22-0.02*AG58 -> -0.53563394 | AM58: =E22-0.02*AH58 -> 0.46374601 | AN58: =F22-0.02*AI58 -> -0.58575325
AF59: -0.0077293498 | AG59: -0.0061582641 | AH59: 0.046058521 | AI59: 0.022263782 | AK59: =C23-0.02*AF59 -> 0.10030165 | AL59: =D23-0.02*AG59 -> -0.98210822 | AM59: =E23-0.02*AH59 -> -0.64568547 | AN59: =F23-0.02*AI59 -> 0.10742395
AF60: -0.013332177 | AG60: -0.01045338 | AH60: 0.086409383 | AI60: 0.045263414 | AK60: =C24-0.02*AF60 -> 0.36305349 | AL60: =D24-0.02*AG60 -> 0.082294899 | AM60: =E24-0.02*AH60 -> -0.031587367 | AN60: =F24-0.02*AI60 -> -0.13821756
AF61: -0.013332177 | AG61: -0.01045338 | AH61: 0.086409383 | AI61: 0.045263414 | AK61: =C25-0.02*AF61 -> -0.7454408 | AL61: =D25-0.02*AG61 -> -0.36331134 | AM61: =E25-0.02*AH61 -> -0.20408262 | AN61: =F25-0.02*AI61 -> 0.5408954

Sheet Sixth Iteration
B3: Input | C3: X_train: | J3: Y_train
C4: {=TRANSPOSE(Data!C14:H20)} -> 0.84127 | D4: 1 | E4: 3 | F4: 1 | G4: 1 | H4: 1 | I4: 1 | J4: 1 | AG4: dL/dZ
C5: 0.005291 | D5: 3 | E5: 1 | F5: 0.1 | G5: 0 | H5: 0 | I5: 0 | J5: 0 | Z5: Z Matrix (Output of Attention): | AE5: Y_Pred | AI5: Binary Cross-Entropy Loss | AM5: #2. Compute gradient of loss w.r.t attention_weights (dL/dP)
C6: 1 | D6: 1 | E6: 3 | F6: 0.9 | G6: 1 | H6: 1 | I6: 1 | J6: 1 | R6: {=MMULT(M9:P14,TRANSPOSE(M18:P23))} -> 1.785388 | S6: -2.0404928 | T6: 1.7507119 | U6: -1.0346537 | V6: 1.6687232 | W6: -2.8346675 | Z6: {=MMULT(R29:W34,M27:P32)} -> -1.4819971 | AA6: -0.8809861 | AB6: 0.53135405 | AC6: 1.9889977 | AE6: =1/(1+EXP(-SUM(Z6:AC6))) -> 0.53926115 | AG6: =AE6-J4 -> -0.46073885 | AI6: =-J4*LN(AE6)-(1-J4)*LN(1-AE6) -> 0.61755531
C7: 0.015873 | D7: 2 | E7: 1 | F7: 0.2 | G7: 0 | H7: 0 | I7: 0 | J7: 0 | L7: Query | R7: 0.62644375 | S7: 0.20934307 | T7: 0.58075205 | U7: 0.28454581 | V7: 0.73520843 | W7: -0.18412147 | Z7: -1.7195455 | AA7: -0.57465522 | AB7: 0.65339254 | AC7: 1.6724923 | AE7: =1/(1+EXP(-SUM(Z7:AC7))) -> 0.50792036 | AG7: =AE7-J5 -> 0.50792036 | AI7: =-J5*LN(AE7)-(1-J5)*LN(1-AE7) -> 0.70911471 | AM7: {=MMULT(Z15:AC20,TRANSPOSE(M27:P32))} -> -0.063007385 | AN7: 0.036065804 | AO7: -0.081002408 | AP7: 0.13429919 | AQ7: -0.16737312 | AR7: 0.14737218
C8: 0.94709 | D8: 1 | E8: 3 | F8: 0.8 | G8: 1 | H8: 1 | I8: 1 | J8: 1 | M8: 0 | N8: 1 | O8: 2 | P8: 3 | R8: 1.434244 | S8: -1.9426713 | T8: 1.4071587 | U8: -1.0140092 | V8: 1.3431251 | W8: -2.7060203 | Z8: -1.5006611 | AA8: -0.85318154 | AB8: 0.54114753 | AC8: 1.9583861 | AE8: =1/(1+EXP(-SUM(Z8:AC8))) -> 0.53635847 | AG8: =AE8-J6 -> -0.46364153 | AI8: =-J6*LN(AE8)-(1-J6)*LN(1-AE8) -> 0.62295256 | AM8: 0.069459596 | AN8: -0.039759088 | AO8: 0.089297381 | AP8: -0.14805197 | AQ8: 0.1845128 | AR8: -0.16246368
C9: 0 | D9: 4 | E9: 1 | F9: 0.3 | G9: 0 | H9: 0 | I9: 0 | J9: 0 | M9: {=MMULT(C4:H9,C13:F18)} -> -0.24094889 | N9: -0.33191583 | O9: -0.87853742 | P9: -1.5589012 | R9: 0.67044995 | S9: 0.13297267 | T9: 0.64075153 | U9: 0.20634312 | V9: 0.72459604 | W9: -0.1096127 | Z9: -1.7198062 | AA9: -0.58197832 | AB9: 0.65255442 | AC9: 1.6827164 | AE9: =1/(1+EXP(-SUM(Z9:AC9))) -> 0.50837081 | AG9: =AE9-J7 -> 0.50837081 | AI9: =-J7*LN(AE9)-(1-J7)*LN(1-AE9) -> 0.71003053 | AM9: -0.063404336 | AN9: 0.036293021 | AO9: -0.081512728 | AP9: 0.13514528 | AQ9: -0.16842758 | AR9: 0.14830063
M10: -0.52731979 | N10: -0.33531563 | O10: 2.1272491 | P10: 0.49258145 | R10: 1.1412511 | S10: -2.101888 | T10: 1.1242542 | U10: -1.1444251 | V10: 1.0762971 | W10: -2.9379256 | Z10: -1.5046776 | AA10: -0.84451222 | AB10: 0.54356326 | AC10: 1.9478008 | AE10: =1/(1+EXP(-SUM(Z10:AC10))) -> 0.53548381 | AG10: =AE10-J8 -> -0.46451619 | AI10: =-J8*LN(AE10)-(1-J8)*LN(1-AE10) -> 0.62458462 | AM10: 0.069521196 | AN10: -0.039794348 | AO10: 0.089376574 | AP10: -0.14818326 | AQ10: 0.18467644 | AR10: -0.16260776
M11: -0.21373724 | N11: -0.24663279 | O11: -0.74109093 | P11: -1.4087025 | R11: 1.5035758 | S11: 0.57701071 | T11: 1.4134365 | U11: 0.64447753 | V11: 1.5889133 | W11: 0.17568523 | Z11: -1.6746543 | AA11: -0.63633792 | AB11: 0.63051411 | AC11: 1.7389424 | AE11: =1/(1+EXP(-SUM(Z11:AC11))) -> 0.5146119 | AG11: =AE11-J9 -> 0.5146119 | AI11: =-J9*LN(AE11)-(1-J9)*LN(1-AE11) -> 0.7228065 | AM11: -0.063523948 | AN11: 0.036361488 | AO11: -0.081666502 | AP11: 0.13540023 | AQ11: -0.16874532 | AR11: 0.1485804
B12: Query | M12: -0.40934315 | N12: -0.26352774 | O12: 1.231783 | P12: 0.21412005 | AI12: =AVERAGE(AI6:AI11) -> 0.66784071 | AM12: 0.070374683 | AN12: -0.040282889 | AO12: 0.090473819 | AP12: -0.15000246 | AQ12: 0.18694364 | AR12: -0.16460404
C13: ='Fifth Iteration'!AK48 -> 0.2480257 | D13: ='Fifth Iteration'!AL48 -> -0.065404753 | E13: ='Fifth Iteration'!AM48 -> 0.32306457 | F13: ='Fifth Iteration'!AN48 -> 0.7672089 | M13: -0.23901776 | N13: -0.14750749 | O13: -0.67201781 | P13: -1.4208759 | R13: Attention Scores:
C14: ='Fifth Iteration'!AK49 -> -0.10319455 | D14: ='Fifth Iteration'!AL49 -> -0.16814474 | E14: ='Fifth Iteration'!AM49 -> 0.81271834 | F14: ='Fifth Iteration'!AN49 -> 0.25816035 | M14: -0.60751169 | N14: -0.69444379 | O14: 2.7659252 | P14: 0.68984321 | R14: =R6/SQRT(4) -> 0.89269398 | S14: =S6/SQRT(4) -> -1.0202464 | T14: =T6/SQRT(4) -> 0.87535596 | U14: =U6/SQRT(4) -> -0.51732685 | V14: =V6/SQRT(4) -> 0.83436162 | W14: =W6/SQRT(4) -> -1.4173338 | Z14: # 1. Compute gradient of loss w.r.t attention_output (dL/dZ)
C15: ='Fifth Iteration'!AK50 -> -0.23120591 | D15: ='Fifth Iteration'!AL50 -> 0.26512939 | E15: ='Fifth Iteration'!AM50 -> -0.22644874 | F15: ='Fifth Iteration'!AN50 -> -0.25753927 | R15: =R7/SQRT(4) -> 0.31322188 | S15: =S7/SQRT(4) -> 0.10467153 | T15: =T7/SQRT(4) -> 0.29037602 | U15: =U7/SQRT(4) -> 0.14227291 | V15: =V7/SQRT(4) -> 0.36760422 | W15: =W7/SQRT(4) -> -0.092060735 | Z15: =AG6 -> -0.46073885 | AA15: =Z15 -> -0.46073885 | AB15: =AA15 -> -0.46073885 | AC15: =AB15 -> -0.46073885 | AF15: =R29*AM7 -> -0.018438361 | AG15: =S29*AN7 -> 0.0015582855 | AH15: =T29*AO7 -> -0.023296945 | AI15: =U29*AP7 -> 0.0095948895 | AJ15: =V29*AQ7 -> -0.04620438 | AK15: =W29*AR7 -> 0.0042806928 | AM15: =SUM(AF15:AK15) -> -0.072505819 | AO15: =AM7-$AM15 -> 0.0094984336 | AP15: =AN7-$AM15 -> 0.10857162 | AQ15: =AO7-$AM15 -> -0.008496589 | AR15: =AP7-$AM15 -> 0.20680501 | AS15: =AQ7-$AM15 -> -0.094867299 | AT15: =AR7-$AM15 -> 0.219878
C16: ='Fifth Iteration'!AK51 -> 0.12157475 | D16: ='Fifth Iteration'!AL51 -> -0.95664739 | E16: ='Fifth Iteration'!AM51 -> -0.8616646 | F16: ='Fifth Iteration'!AN51 -> -0.28419647 | L16: Key | R16: =R8/SQRT(4) -> 0.717122 | S16: =S8/SQRT(4) -> -0.97133567 | T16: =T8/SQRT(4) -> 0.70357936 | U16: =U8/SQRT(4) -> -0.50700458 | V16: =V8/SQRT(4) -> 0.67156257 | W16: =W8/SQRT(4) -> -1.3530101 | Z16: =AG7 -> 0.50792036 | AA16: =Z16 -> 0.50792036 | AB16: =AA16 -> 0.50792036 | AC16: =AB16 -> 0.50792036 | AF16: =R30*AM8 -> 0.012971671 | AG16: =S30*AN8 -> -0.0060273697 | AH16: =T30*AO8 -> 0.016299736 | AI16: =U30*AP8 -> -0.023304279 | AJ16: =V30*AQ8 -> 0.036383807 | AK16: =W30*AR8 -> -0.020230563 | AM16: =SUM(AF16:AK16) -> 0.016093002 | AO16: =AM8-$AM16 -> 0.053366594 | AP16: =AN8-$AM16 -> -0.05585209 | AQ16: =AO8-$AM16 -> 0.073204379 | AR16: =AP8-$AM16 -> -0.16414497 | AS16: =AQ8-$AM16 -> 0.1684198 | AT16: =AR8-$AM16 -> -0.17855669
C17: ='Fifth Iteration'!AK52 -> -0.50680393 | D17: ='Fifth Iteration'!AL52 -> 0.1612615 | E17: ='Fifth Iteration'!AM52 -> -0.4549028 | F17: ='Fifth Iteration'!AN52 -> -0.69972746 | M17: 0 | N17: 1 | O17: 2 | P17: 3 | R17: =R9/SQRT(4) -> 0.33522497 | S17: =S9/SQRT(4) -> 0.066486333 | T17: =T9/SQRT(4) -> 0.32037576 | U17: =U9/SQRT(4) -> 0.10317156 | V17: =V9/SQRT(4) -> 0.36229802 | W17: =W9/SQRT(4) -> -0.05480635 | Z17: =AG8 -> -0.46364153 | AA17: =Z17 -> -0.46364153 | AB17: =AA17 -> -0.46364153 | AC17: =AB17 -> -0.46364153 | AF17: =R31*AM9 -> -0.017875486 | AG17: =S31*AN9 -> 0.0018909244 | AH17: =T31*AO9 -> -0.022671635 | AI17: =U31*AP9 -> 0.01120233 | AJ17: =V31*AQ9 -> -0.045369699 | AK17: =W31*AR9 -> 0.0052751516 | AM17: =SUM(AF17:AK17) -> -0.067548413 | AO17: =AM9-$AM17 -> 0.0041440775 | AP17: =AN9-$AM17 -> 0.10384143 | AQ17: =AO9-$AM17 -> -0.013964315 | AR17: =AP9-$AM17 -> 0.20269369 | AS17: =AQ9-$AM17 -> -0.10087917 | AT17: =AR9-$AM17 -> 0.21584905
C18: ='Fifth Iteration'!AK53 -> 0.73243601 | D18: ='Fifth Iteration'!AL53 -> -0.10875032 | E18: ='Fifth Iteration'!AM53 -> 0.032873335 | F18: ='Fifth Iteration'!AN53 -> -0.7059497 | M18: {=MMULT(C4:H9,C20:F25)} -> -0.85293231 | N18: -2.9605488 | O18: -0.339163 | P18: -0.191965 | R18: =R10/SQRT(4) -> 0.57062555 | S18: =S10/SQRT(4) -> -1.050944 | T18: =T10/SQRT(4) -> 0.56212709 | U18: =U10/SQRT(4) -> -0.57221256 | V18: =V10/SQRT(4) -> 0.53814854 | W18: =W10/SQRT(4) -> -1.4689628 | Z18: =AG9 -> 0.50837081 | AA18: =Z18 -> 0.50837081 | AB18: =AA18 -> 0.50837081 | AC18: =AB18 -> 0.50837081 | AF18: =R32*AM10 -> 0.01324974 | AG18: =S32*AN10 -> -0.0057969532 | AH18: =T32*AO10 -> 0.016782818 | AI18: =U32*AP10 -> -0.02239287 | AJ18: =V32*AQ10 -> 0.036162569 | AK18: =W32*AR10 -> -0.02098181 | AM18: =SUM(AF18:AK18) -> 0.017023494 | AO18: =AM10-$AM18 -> 0.052497702 | AP18: =AN10-$AM18 -> -0.056817842 | AQ18: =AO10-$AM18 -> 0.07235308 | AR18: =AP10-$AM18 -> -0.16520676 | AS18: =AQ10-$AM18 -> 0.16765294 | AT18: =AR10-$AM18 -> -0.17963126
B19: W_K | C19: Matrix: | M19: -0.84966661 | N19: -1.0371579 | O19: -0.75944036 | P19: 2.0890771 | R19: =R11/SQRT(4) -> 0.7517879 | S19: =S11/SQRT(4) -> 0.28850536 | T19: =T11/SQRT(4) -> 0.70671825 | U19: =U11/SQRT(4) -> 0.32223877 | V19: =V11/SQRT(4) -> 0.79445663 | W19: =W11/SQRT(4) -> 0.087842617 | Z19: =AG10 -> -0.46451619 | AA19: =Z19 -> -0.46451619 | AB19: =AA19 -> -0.46451619 | AC19: =AB19 -> -0.46451619 | AF19: =R33*AM11 -> -0.017615372 | AG19: =S33*AN11 -> 0.0019923117 | AH19: =T33*AO11 -> -0.022454711 | AI19: =U33*AP11 -> 0.011974171 | AJ19: =V33*AQ11 -> -0.045298258 | AK19: =W33*AR11 -> 0.0053596188 | AM19: =SUM(AF19:AK19) -> -0.066042239 | AO19: =AM11-$AM19 -> 0.0025182911 | AP19: =AN11-$AM19 -> 0.10240373 | AQ19: =AO11-$AM19 -> -0.015624263 | AR19: =AP11-$AM19 -> 0.20144247 | AS19: =AQ11-$AM19 -> -0.10270308 | AT19: =AR11-$AM19 -> 0.21462264
C20: ='Fifth Iteration'!AK56 -> -0.27793219 | D20: ='Fifth Iteration'!AL56 -> 0.052311041 | E20: ='Fifth Iteration'!AM56 -> -0.55132356 | F20: ='Fifth Iteration'!AN56 -> 0.19912135 | M20: -0.90707865 | N20: -2.8540346 | O20: -0.36210604 | P20: -0.17110086 | Z20: =AG11 -> 0.5146119 | AA20: =Z20 -> 0.5146119 | AB20: =AA20 -> 0.5146119 | AC20: =AB20 -> 0.5146119 | AF20: =R34*AM12 -> 0.01467865 | AG20: =S34*AN12 -> -0.0052867556 | AH20: =T34*AO12 -> 0.018039276 | AI20: =U34*AP12 -> -0.02036185 | AJ20: =V34*AQ12 -> 0.0406922 | AK20: =W34*AR12 -> -0.017675121 | AM20: =SUM(AF20:AK20) -> 0.030086399 | AO20: =AM12-$AM20 -> 0.040288284 | AP20: =AN12-$AM20 -> -0.070369289 | AQ20: =AO12-$AM20 -> 0.06038742 | AR20: =AP12-$AM20 -> -0.18008886 | AS20: =AQ12-$AM20 -> 0.15685724 | AT20: =AR12-$AM20 -> -0.19469044
C21: ='Fifth Iteration'!AK57 -> -0.27970601 | D21: ='Fifth Iteration'!AL57 -> -0.13452999 | E21: ='Fifth Iteration'!AM57 -> -0.38523359 | F21: ='Fifth Iteration'!AN57 -> 0.88767815 | M21: -0.56287152 | N21: -1.0002852 | O21: -0.44460943 | P21: 1.2142485 | R21: =EXP(R14) -> 2.4416987 | S21: =EXP(S14) -> 0.3605061 | T21: =EXP(T14) -> 2.3997294 | U21: =EXP(U14) -> 0.59611192 | V21: =EXP(V14) -> 2.3033432 | W21: =EXP(W14) -> 0.24235934 | Z21: # 3. Compute gradient of loss w.r.t attention scores (dL/dA) with softmax derivative
C22: ='Fifth Iteration'!AK58 -> -0.019108212 | D22: ='Fifth Iteration'!AL58 -> -0.53563394 | E22: ='Fifth Iteration'!AM58 -> 0.46374601 | F22: ='Fifth Iteration'!AN58 -> -0.58575325 | M22: -0.90240343 | N22: -2.7585916 | O22: -0.26836697 | P22: -0.19237876 | R22: =EXP(R15) -> 1.367825 | S22: =EXP(S15) -> 1.1103458 | T22: =EXP(T15) -> 1.3369301 | U22: =EXP(U15) -> 1.1528912 | V22: =EXP(V15) -> 1.4442703 | W22: =EXP(W15) -> 0.91204975 | Z22: =R29*AO15/SQRT(4) -> 0.0013898018 | AA22: =S29*AP15/SQRT(4) -> 0.0023455124 | AB22: =T29*AQ15/SQRT(4) -> -0.0012218437 | AC22: =U29*AR15/SQRT(4) -> 0.0073875026 | AD22: =V29*AS15/SQRT(4) -> -0.013094351 | AE22: =W29*AT15/SQRT(4) -> 0.003193378
C23: ='Fifth Iteration'!AK59 -> 0.10030165 | D23: ='Fifth Iteration'!AL59 -> -0.98210822 | E23: ='Fifth Iteration'!AM59 -> -0.64568547 | F23: ='Fifth Iteration'!AN59 -> 0.10742395 | M23: -1.1078418 | N23: -1.3683864 | O23: -1.270894 | P23: 2.9971865 | R23: =EXP(R16) -> 2.0485291 | S23: =EXP(S16) -> 0.37857705 | T23: =EXP(T16) -> 2.0209736 | U23: =EXP(U16) -> 0.60229701 | V23: =EXP(V16) -> 1.9572933 | W23: =EXP(W16) -> 0.25846109 | Z23: =R30*AO16/SQRT(4) -> 0.0049831409 | AA23: =S30*AP16/SQRT(4) -> -0.0042335126 | AB23: =T30*AQ16/SQRT(4) -> 0.0066811146 | AC23: =U30*AR16/SQRT(4) -> -0.012918708 | AD23: =V30*AS16/SQRT(4) -> 0.016605226 | AE23: =W30*AT16/SQRT(4) -> -0.011117261
C24: ='Fifth Iteration'!AK60 -> 0.36305349 | D24: ='Fifth Iteration'!AL60 -> 0.082294899 | E24: ='Fifth Iteration'!AM60 -> -0.031587367 | F24: ='Fifth Iteration'!AN60 -> -0.13821756 | R24: =EXP(R17) -> 1.3982549 | S24: =EXP(S17) -> 1.0687464 | T24: =EXP(T17) -> 1.3776453 | U24: =EXP(U17) -> 1.1086816 | V24: =EXP(V17) -> 1.436627 | W24: =EXP(W17) -> 0.94666845 | Z24: =R31*AO17/SQRT(4) -> 0.00058416667 | AA24: =S31*AP17/SQRT(4) -> 0.0027051524 | AB24: =T31*AQ17/SQRT(4) -> -0.0019419902 | AC24: =U31*AR17/SQRT(4) -> 0.0084007434 | AD24: =V31*AS17/SQRT(4) -> -0.013587019 | AE24: =W31*AT17/SQRT(4) -> 0.0038389466
C25: ='Fifth Iteration'!AK61 -> -0.7454408 | D25: ='Fifth Iteration'!AL61 -> -0.36331134 | E25: ='Fifth Iteration'!AM61 -> -0.20408262 | F25: ='Fifth Iteration'!AN61 -> 0.5408954 | L25: Value | R25: =EXP(R18) -> 1.7693735 | S25: =EXP(S18) -> 0.34960757 | T25: =EXP(T18) -> 1.7544003 | U25: =EXP(U18) -> 0.56427556 | V25: =EXP(V18) -> 1.7128327 | W25: =EXP(W18) -> 0.23016408 | Z25: =R32*AO18/SQRT(4) -> 0.0050026533 | AA25: =S32*AP18/SQRT(4) -> -0.0041384064 | AB25: =T32*AQ18/SQRT(4) -> 0.0067931032 | AC25: =U32*AR18/SQRT(4) -> -0.012482696 | AD25: =V32*AS18/SQRT(4) -> 0.01641455 | AE25: =W32*AT18/SQRT(4) -> -0.011589203
B26: W_V | C26: Matrix: | M26: 0 | N26: 1 | O26: 2 | P26: 3 | R26: =EXP(R19) -> 2.1207884 | S26: =EXP(S19) -> 1.3344315 | T26: =EXP(T19) -> 2.0273271 | U26: =EXP(U19) -> 1.3802143 | V26: =EXP(V19) -> 2.2132381 | W26: =EXP(W19) -> 1.0918163 | Z26: =R33*AO19/SQRT(4) -> 0.00034916466 | AA26: =S33*AP19/SQRT(4) -> 0.0028054428 | AB26: =T33*AQ19/SQRT(4) -> -0.0021479939 | AC26: =U33*AR19/SQRT(4) -> 0.0089073211 | AD26: =V33*AS19/SQRT(4) -> -0.013784888 | AE26: =W33*AT19/SQRT(4) -> 0.0038709531
C27: ='Fifth Iteration'!AK38 -> 0.18155875 | D27: ='Fifth Iteration'!AL38 -> -0.87177047 | E27: ='Fifth Iteration'!AM38 -> 0.17179159 | F27: ='Fifth Iteration'!AN38 -> -0.18279153 | M27: {=MMULT(C4:H9,C27:F32)} -> -1.4305173 | N27: -0.96210783 | O27: 0.41497958 | P27: 2.1143984 | Z27: =R34*AO20/SQRT(4) -> 0.0042016362 | AA27: =S34*AP20/SQRT(4) -> -0.0046176582 | AB27: =T34*AQ20/SQRT(4) -> 0.006020224 | AC27: =U34*AR20/SQRT(4) -> -0.012222941 | AD27: =V34*AS20/SQRT(4) -> 0.017071632 | AE27: =W34*AT20/SQRT(4) -> -0.010452894
C28: ='Fifth Iteration'!AK39 -> -0.56173325 | D28: ='Fifth Iteration'!AL39 -> 0.082565888 | E28: ='Fifth Iteration'!AM39 -> 0.29222751 | F28: ='Fifth Iteration'!AN39 -> 0.24236781 | M28: -2.1707247 | N28: 0.036277856 | O28: 0.94498831 | P28: 1.1111804 | R28: Softmax Attention Probabilities:
C29: ='Fifth Iteration'!AK40 -> -0.46202902 | D29: ='Fifth Iteration'!AL40 -> -0.19702645 | E29: ='Fifth Iteration'!AM40 -> 0.12321146 | F29: ='Fifth Iteration'!AN40 -> 0.4453523 | M29: -1.3772419 | N29: -1.0907031 | O29: 0.49806268 | P29: 2.1456921 | R29: =R21/SUM($R21:$W21) -> 0.2926381 | S29: =S21/SUM($R21:$W21) -> 0.043206731 | T29: =T21/SUM($R21:$W21) -> 0.28760806 | U29: =U21/SUM($R21:$W21) -> 0.071444137 | V29: =V21/SUM($R21:$W21) -> 0.27605616 | W29: =W21/SUM($R21:$W21) -> 0.029046817 | Z29: Gradients dL/dK: | AG29: Gradients dL/dV:
C30: ='Fifth Iteration'!AK41 -> -0.24456579 | D30: ='Fifth Iteration'!AL41 -> -0.097808156 | E30: ='Fifth Iteration'!AM41 -> -0.55814616 | F30: ='Fifth Iteration'!AN41 -> -0.60308198 | M30: -1.6315268 | N30: -0.065293922 | O30: 0.59876409 | P30: 0.80657007 | R30: =R22/SUM($R22:$W22) -> 0.18675132 | S30: =S22/SUM($R22:$W22) -> 0.15159728 | T30: =T22/SUM($R22:$W22) -> 0.18253319 | U30: =U22/SUM($R22:$W22) -> 0.15740607 | V30: =V22/SUM($R22:$W22) -> 0.19718852 | W30: =W22/SUM($R22:$W22) -> 0.1245236 | Z30: {=MMULT(TRANSPOSE(Z22:AE27),M9:P14)} -> -0.0077712397 | AA30: -0.0065639394 | AB30: 0.026495419 | AC30: 0.002938641 | AG30: {=MMULT(TRANSPOSE(R29:W34),Z15:AC20)} -> -0.09527517 | AH30: -0.09527517 | AI30: -0.09527517 | AJ30: -0.09527517
C31: ='Fifth Iteration'!AK42 -> 0.41728691 | D31: ='Fifth Iteration'!AL42 -> 0.68914401 | E31: ='Fifth Iteration'!AM42 -> -0.024981056 | F31: ='Fifth Iteration'!AN42 -> 0.51279045 | M31: -1.3623915 | N31: -1.034797 | O31: 0.5447878 | P31: 2.2156718 | R31: =R23/SUM($R23:$W23) -> 0.28192845 | S31: =S23/SUM($R23:$W23) -> 0.052101599 | T31: =T23/SUM($R23:$W23) -> 0.27813613 | U31: =U23/SUM($R23:$W23) -> 0.082891019 | V31: =V23/SUM($R23:$W23) -> 0.26937215 | W31: =W23/SUM($R23:$W23) -> 0.035570661 | Z31: 0.0049178336 | AA31: 0.0038573361 | AB31: -0.032826144 | AC31: -0.017610289 | AG31: 0.14907801 | AH31: 0.14907801 | AI31: 0.14907801 | AJ31: 0.14907801
C32: ='Fifth Iteration'!AK43 -> 0.19184201 | D32: ='Fifth Iteration'!AL43 -> -0.31153588 | E32: ='Fifth Iteration'!AM43 -> 0.1917218 | F32: ='Fifth Iteration'!AN43 -> 0.78004228 | M32: -2.7823318 | N32: 0.10389465 | O32: 1.1246776 | P32: 1.2338989 | R32: =R24/SUM($R24:$W24) -> 0.19058561 | S32: =S24/SUM($R24:$W24) -> 0.14567278 | T32: =T24/SUM($R24:$W24) -> 0.18777648 | U32: =U24/SUM($R24:$W24) -> 0.15111605 | V32: =V24/SUM($R24:$W24) -> 0.19581583 | W32: =W24/SUM($R24:$W24) -> 0.12903326 | Z32: -0.0087382645 | AA32: -0.0070098074 | AB32: 0.043187631 | AC32: 0.016590997 | AG32: -0.098410102 | AH32: -0.098410102 | AI32: -0.098410102 | AJ32: -0.098410102
R33: =R25/SUM($R25:$W25) -> 0.27730286 | S33: =S25/SUM($R25:$W25) -> 0.054791811 | T33: =T25/SUM($R25:$W25) -> 0.2749562 | U33: =U25/SUM($R25:$W25) -> 0.088435384 | V33: =V25/SUM($R25:$W25) -> 0.26844157 | W33: =W25/SUM($R25:$W25) -> 0.036072179 | Z33: 0.013643006 | AA33: 0.010271702 | AB33: -0.095366813 | AC33: -0.053474957 | AG33: 0.11419945 | AH33: 0.11419945 | AI33: 0.11419945 | AJ33: 0.11419945
R34: =R26/SUM($R26:$W26) -> 0.20857856 | S34: =S26/SUM($R26:$W26) -> 0.13124072 | T34: =T26/SUM($R26:$W26) -> 0.19938669 | U34: =U26/SUM($R26:$W26) -> 0.13574344 | V34: =V26/SUM($R26:$W26) -> 0.21767095 | W34: =W26/SUM($R26:$W26) -> 0.10737963 | Z34: -0.01649271 | AA34: -0.012018369 | AB34: 0.13359826 | AC34: 0.082610343 | AG34: -0.065058188 | AH34: -0.065058188 | AI34: -0.065058188 | AJ34: -0.065058188
Z35: 0.014441375 | AA35: 0.011463078 | AB35: -0.07508835 | AC35: -0.031054734 | AG35: 0.13747251 | AH35: 0.13747251 | AI35: 0.13747251 | AJ35: 0.13747251
Z37: Gradients dL/dQ: | AF37: np.dot(X_train.T, dL_dV) | AK37: Updated W_V:
Z38: {=MMULT(Z22:AE27,M18:P23)} -> 0.0020504129 | AA38: 0.021302523 | AB38: -0.0056391161 | AC38: 0.02590271 | AF38: {=MMULT(TRANSPOSE(C4:H9),AG30:AJ35)} -> -0.23757674 | AG38: -0.23757674 | AH38: -0.23757674 | AI38: -0.23757674 | AK38: =C27-0.02*AF38 -> 0.18631029 | AL38: =D27-0.02*AG38 -> -0.86701893 | AM38: =E27-0.02*AH38 -> 0.17654313 | AN38: =F27-0.02*AI38 -> -0.17803999
Z39: -0.0021103781 | AA39: -0.047102078 | AB39: 0.014522077 | AC39: -0.063145386 | AF39: 0.9667795 | AG39: 0.9667795 | AH39: 0.9667795 | AI39: 0.9667795 | AK39: =C28-0.02*AF39 -> -0.58106884 | AL39: =D28-0.02*AG39 -> 0.063230298 | AM39: =E28-0.02*AH39 -> 0.27289192 | AN39: =F28-0.02*AI39 -> 0.22303222
Z40: 0.0022442934 | AA40: 0.024832117 | AB40: -0.0065169601 | AC40: 0.030191892 | AF40: -0.37548041 | AG40: -0.37548041 | AH40: -0.37548041 | AI40: -0.37548041 | AK40: =C29-0.02*AF40 -> -0.45451942 | AL40: =D29-0.02*AG40 -> -0.18951685 | AM40: =E29-0.02*AH40 -> 0.13072106 | AN40: =F29-0.02*AI40 -> 0.4528619
Z41: -0.0018599261 | AA41: -0.046842443 | AB41: 0.014859785 | AC41: -0.063818 | AF41: -0.15690137 | AG41: -0.15690137 | AH41: -0.15690137 | AI41: -0.15690137 | AK41: =C30-0.02*AF41 -> -0.24142776 | AL41: =D30-0.02*AG41 -> -0.094670128 | AM41: =E30-0.02*AH41 -> -0.55500813 | AN41: =F30-0.02*AI41 -> -0.59994395
Z42: 0.0024043436 | AA42: 0.026007097 | AB42: -0.0066516302 | AC42: 0.031230872 | AF42: -0.25874346 | AG42: -0.25874346 | AH42: -0.25874346 | AI42: -0.25874346 | AK42: =C31-0.02*AF42 -> 0.42246178 | AL42: =D31-0.02*AG42 -> 0.69431888 | AM42: =E31-0.02*AH42 -> -0.019806187 | AN42: =F31-0.02*AI42 -> 0.51796532
Z43: -0.0020664603 | AA43: -0.045395473 | AB43: 0.014039329 | AC43: -0.060938456 | AF43: -0.25874346 | AG43: -0.25874346 | AH43: -0.25874346 | AI43: -0.25874346 | AK43: =C32-0.02*AF43 -> 0.19701688 | AL43: =D32-0.02*AG43 -> -0.30636101 | AM43: =E32-0.02*AH43 -> 0.19689667 | AN43: =F32-0.02*AI43 -> 0.78521715
AF47: np.dot(X_train.T, dL_dQ) | AK47: Updated W_Q:
AF48: {=MMULT(TRANSPOSE(C4:H9),Z38:AC43)} -> 0.0062056855 | AG48: 0.066391605 | AH48: -0.017247966 | AI48: 0.080214426 | AK48: =C13-0.02*AF48 -> 0.24790159 | AL48: =D13-0.02*AG48 -> -0.066732585 | AM48: =E13-0.02*AH48 -> 0.32340953 | AN48: =F13-0.02*AI48 -> 0.76560461
AF49: -0.011617777 | AG49: -0.34443127 | AH49: 0.11063541 | AI49: -0.47350051 | AK49: =C14-0.02*AF49 -> -0.1029622 | AL49: =D14-0.02*AG49 -> -0.16125611 | AM49: =E14-0.02*AH49 -> 0.81050563 | AN49: =F14-0.02*AI49 -> 0.26763036
AF50: 0.014060385 | AG50: 0.077085218 | AH50: -0.013001928 | AI50: 0.074074579 | AK50: =C15-0.02*AF50 -> -0.23148712 | AL50: =D15-0.02*AG50 -> 0.26358768 | AM50: =E15-0.02*AH50 -> -0.2261887 | AN50: =F15-0.02*AI50 -> -0.25902076
AF51: 0.0047907908 | AG51: 0.036759768 | AH51: -0.0081897209 | AI51: 0.040700435 | AK51: =C16-0.02*AF51 -> 0.12147893 | AL51: =D16-0.02*AG51 -> -0.95738258 | AM51: =E16-0.02*AH51 -> -0.8615008 | AN51: =F16-0.02*AI51 -> -0.28501047
AF52: 0.00669905 | AG52: 0.072141737 | AH52: -0.018807706 | AI52: 0.087325474 | AK52: =C17-0.02*AF52 -> -0.50693791 | AL52: =D17-0.02*AG52 -> 0.15981867 | AM52: =E17-0.02*AH52 -> -0.45452665 | AN52: =F17-0.02*AI52 -> -0.70147397
AF53: 0.00669905 | AG53: 0.072141737 | AH53: -0.018807706 | AI53: 0.087325474 | AK53: =C18-0.02*AF53 -> 0.73230203 | AL53: =D18-0.02*AG53 -> -0.11019315 | AM53: =E18-0.02*AH53 -> 0.033249489 | AN53: =F18-0.02*AI53 -> -0.70769621
AF55: np.dot(X_train.T, dL_dK) | AK55: Updated W_K:
AF56: {=MMULT(TRANSPOSE(C4:H9),Z30:AC35)} -> -0.03065348 | AG56: -0.023730878 | AH56: 0.19031957 | AI56: 0.096360633 | AK56: =C20-0.02*AF56 -> -0.27731912 | AL56: =D20-0.02*AG56 -> 0.052785658 | AM56: =E20-0.02*AH56 -> -0.55512995 | AN56: =F20-0.02*AI56 -> 0.19719414
AF57: 0.066802797 | AG57: 0.052375607 | AH57: -0.38628415 | AI57: -0.18185974 | AK57: =C21-0.02*AF57 -> -0.28104206 | AL57: =D21-0.02*AG57 -> -0.1355775 | AM57: =E21-0.02*AH57 -> -0.37750791 | AN57: =F21-0.02*AI57 -> 0.89131534
AF58: -0.066004428 | AG58: -0.051184231 | AH58: 0.40656261 | AI58: 0.20427996 | AK58: =C22-0.02*AF58 -> -0.017788123 | AL58: =D22-0.02*AG58 -> -0.53461026 | AM58: =E22-0.02*AH58 -> 0.45561475 | AN58: =F22-0.02*AI58 -> -0.58983885
AF59: -0.021277049 | AG59: -0.016608464 | AH59: 0.12736041 | AI59: 0.062186372 | AK59: =C23-0.02*AF59 -> 0.10072719 | AL59: =D23-0.02*AG59 -> -0.98177605 | AM59: =E23-0.02*AH59 -> -0.64823268 | AN59: =F23-0.02*AI59 -> 0.10618023
AF60: -0.033002214 | AG60: -0.025592116 | AH60: 0.20328131 | AI60: 0.10213998 | AK60: =C24-0.02*AF60 -> 0.36371353 | AL60: =D24-0.02*AG60 -> 0.082806742 | AM60: =E24-0.02*AH60 -> -0.035652993 | AN60: =F24-0.02*AI60 -> -0.14026036
AF61: -0.033002214 | AG61: -0.025592116 | AH61: 0.20328131 | AI61: 0.10213998 | AK61: =C25-0.02*AF61 -> -0.74478076 | AL61: =D25-0.02*AG61 -> -0.3627995 | AM61: =E25-0.02*AH61 -> -0.20814824 | AN61: =F25-0.02*AI61 -> 0.5388526

Sheet Seventh Iteration
B3: Input | C3: X_train: | J3: Y_train
C4: {=TRANSPOSE(Data!C14:H20)} -> 0.84127 | D4: 1 | E4: 3 | F4: 1 | G4: 1 | H4: 1 | I4: 1 | J4: 1 | AG4: dL/dZ
C5: 0.005291 | D5: 3 | E5: 1 | F5: 0.1 | G5: 0 | H5: 0 | I5: 0 | J5: 0 | Z5: Z Matrix (Output of Attention): | AE5: Y_Pred | AI5: Binary Cross-Entropy Loss | AM5: #2. Compute gradient of loss w.r.t attention_weights (dL/dP)
C6: 1 | D6: 1 | E6: 3 | F6: 0.9 | G6: 1 | H6: 1 | I6: 1 | J6: 1 | R6: {=MMULT(M9:P14,TRANSPOSE(M18:P23))} -> 1.8425136 | S6: -2.0602355 | T6: 1.8081874 | U6: -1.0420682 | V6: 1.7252335 | W6: -2.8647962 | Z6: {=MMULT(R29:W34,M27:P32)} -> -1.4671613 | AA6: -0.87382233 | AB6: 0.54153171 | AC6: 2.0058126 | AE6: =1/(1+EXP(-SUM(Z6:AC6))) -> 0.55140788 | AG6: =AE6-J4 -> -0.44859212 | AI6: =-J4*LN(AE6)-(1-J4)*LN(1-AE6) -> 0.59528049
C7: 0.015873 | D7: 2 | E7: 1 | F7: 0.2 | G7: 0 | H7: 0 | I7: 0 | J7: 0 | L7: Query | R7: 0.49007579 | S7: 0.2869994 | T7: 0.44621877 | U7: 0.31749053 | V7: 0.6024703 | W7: -0.067167612 | Z7: -1.7537164 | AA7: -0.55837762 | AB7: 0.65382714 | AC7: 1.6339653 | AE7: =1/(1+EXP(-SUM(Z7:AC7))) -> 0.49392489 | AG7: =AE7-J5 -> 0.49392489 | AI7: =-J5*LN(AE7)-(1-J5)*LN(1-AE7) -> 0.68107018 | AM7: {=MMULT(Z15:AC20,TRANSPOSE(M27:P32))} -> -0.098450818 | AN7: 0.12511731 | AO7: -0.11676168 | AP7: 0.18541243 | AQ7: -0.19984116 | AR7: 0.26710337
C8: 0.94709 | D8: 1 | E8: 3 | F8: 0.8 | G8: 1 | H8: 1 | I8: 1 | J8: 1 | M8: 0 | N8: 1 | O8: 2 | P8: 3 | R8: 1.4857236 | S8: -1.9598687 | T8: 1.4588993 | U8: -1.0202627 | V8: 1.3939844 | W8: -2.7323456 | Z8: -1.4874644 | AA8: -0.84796347 | AB8: 0.5494577 | AC8: 1.9735494 | AE8: =1/(1+EXP(-SUM(Z8:AC8))) -> 0.54675777 | AG8: =AE8-J6 -> -0.45324223 | AI8: =-J6*LN(AE8)-(1-J6)*LN(1-AE8) -> 0.6037494 | AM8: 0.10839983 | AN8: -0.13776112 | AO8: 0.12856111 | AP8: -0.20414941 | AQ8: 0.22003624 | AR8: -0.29409568
C9: 0 | D9: 4 | E9: 1 | F9: 0.3 | G9: 0 | H9: 0 | I9: 0 | J9: 0 | L9: Amount | M9: {=MMULT(C4:H9,C13:F18)} -> -0.24202834 | N9: -0.33439025 | O9: -0.87876371 | P9: -1.5595324 | R9: 0.58861431 | S9: 0.18081905 | T9: 0.56014344 | U9: 0.22671163 | V9: 0.6450438 | W9: -0.037580455 | Z9: -1.743969 | AA9: -0.57542172 | AB9: 0.64959365 | AC9: 1.6561883 | AE9: =1/(1+EXP(-SUM(Z9:AC9))) -> 0.49659787 | AG9: =AE9-J7 -> 0.49659787 | AI9: =-J7*LN(AE9)-(1-J7)*LN(1-AE9) -> 0.68636597 | AM9: -0.099471359 | AN9: 0.12641427 | AO9: -0.11797203 | AP9: 0.18733442 | AQ9: -0.20191272 | AR9: 0.26987217
L10: Time | M10: -0.52691417 | N10: -0.316272 | O10: 2.1208893 | P10: 0.5194201 | R10: 1.1906006 | S10: -2.1180751 | T10: 1.1738643 | U10: -1.1502504 | V10: 1.1250577 | W10: -2.962731 | Z10: -1.4920725 | AA10: -0.83977303 | AB10: 0.55138274 | AC10: 1.9624117 | AE10: =1/(1+EXP(-SUM(Z10:AC10))) -> 0.54536214 | AG10: =AE10-J8 -> -0.45463786 | AI10: =-J8*LN(AE10)-(1-J8)*LN(1-AE10) -> 0.60630523 | AM10: 0.10898646 | AN10: -0.13850664 | AO10: 0.12925685 | AP10: -0.20525421 | AQ10: 0.22122702 | AR10: -0.29568725
L11: Merchant | M11: -0.21482682 | N11: -0.24924446 | O11: -0.74127884 | P11: -1.4095069 | R11: 1.3216147 | S11: 0.68033339 | T11: 1.2339826 | U11: 0.68818248 | V11: 1.4118605 | W11: 0.33134535 | Z11: -1.7114406 | AA11: -0.60878587 | AB11: 0.63763672 | AC11: 1.696052 | AE11: =1/(1+EXP(-SUM(Z11:AC11))) -> 0.50336552 | AG11: =AE11-J9 -> 0.50336552 | AI11: =-J9*LN(AE11)-(1-J9)*LN(1-AE11) -> 0.69990098 | AM11: -0.099777654 | AN11: 0.12680353 | AO11: -0.1183353 | AP11: 0.18791126 | AQ11: -0.20253445 | AR11: 0.27070317
B12: Query | L12: Frequency | M12: -0.40918078 | N12: -0.25146031 | O12: 1.2276559 | P12: 0.23139032 | AI12: =AVERAGE(AI6:AI11) -> 0.64544538 | AM12: 0.11047173 | AN12: -0.14039421 | AO12: 0.13101836 | AP12: -0.20805142 | AQ12: 0.2242419 | AR12: -0.29971688
C13: ='Sixth Iteration'!AK48 -> 0.24790159 | D13: ='Sixth Iteration'!AL48 -> -0.066732585 | E13: ='Sixth Iteration'!AM48 -> 0.32340953 | F13: ='Sixth Iteration'!AN48 -> 0.76560461 | L13: Location | M13: -0.24009118 | N13: -0.14997538 | O13: -0.67224035 | P13: -1.421514 | R13: Attention Scores:
C14: ='Sixth Iteration'!AK49 -> -0.1029622 | D14: ='Sixth Iteration'!AL49 -> -0.16125611 | E14: ='Sixth Iteration'!AM49 -> 0.81050563 | F14: ='Sixth Iteration'!AN49 -> 0.26763036 | L14: Device Used | M14: -0.60689222 | N14: -0.66865155 | O14: 2.7573836 | P14: 0.72599756 | R14: =R6/SQRT(4) -> 0.92125681 | S14: =S6/SQRT(4) -> -1.0301177 | T14: =T6/SQRT(4) -> 0.90409368 | U14: =U6/SQRT(4) -> -0.5210341 | V14: =V6/SQRT(4) -> 0.86261676 | W14: =W6/SQRT(4) -> -1.4323981 | Z14: # 1. Compute gradient of loss w.r.t attention_output (dL/dZ)
C15: ='Sixth Iteration'!AK50 -> -0.23148712 | D15: ='Sixth Iteration'!AL50 -> 0.26358768 | E15: ='Sixth Iteration'!AM50 -> -0.2261887 | F15: ='Sixth Iteration'!AN50 -> -0.25902076 | R15: =R7/SQRT(4) -> 0.2450379 | S15: =S7/SQRT(4) -> 0.1434997 | T15: =T7/SQRT(4) -> 0.22310939 | U15: =U7/SQRT(4) -> 0.15874527 | V15: =V7/SQRT(4) -> 0.30123515 | W15: =W7/SQRT(4) -> -0.033583806 | Z15: =AG6 -> -0.44859212 | AA15: =Z15 -> -0.44859212 | AB15: =AA15 -> -0.44859212 | AC15: =AB15 -> -0.44859212 | AF15: =R29*AM7 -> -0.028960254 | AG15: =S29*AN7 -> 0.0052291276 | AH15: =T29*AO7 -> -0.033762106 | AI15: =U29*AP7 -> 0.012892671 | AJ15: =V29*AQ7 -> -0.055437156 | AK15: =W29*AR7 -> 0.0074659156 | AM15: =SUM(AF15:AK15) -> -0.092571802 | AO15: =AM7-$AM15 -> -0.0058790156 | AP15: =AN7-$AM15 -> 0.21768911 | AQ15: =AO7-$AM15 -> -0.02418988 | AR15: =AP7-$AM15 -> 0.27798423 | AS15: =AQ7-$AM15 -> -0.10726936 | AT15: =AR7-$AM15 -> 0.35967518
C16: ='Sixth Iteration'!AK51 -> 0.12147893 | D16: ='Sixth Iteration'!AL51 -> -0.95738258 | E16: ='Sixth Iteration'!AM51 -> -0.8615008 | F16: ='Sixth Iteration'!AN51 -> -0.28501047 | L16: Key | R16: =R8/SQRT(4) -> 0.74286178 | S16: =S8/SQRT(4) -> -0.97993435 | T16: =T8/SQRT(4) -> 0.72944965 | U16: =U8/SQRT(4) -> -0.51013134 | V16: =V8/SQRT(4) -> 0.69699218 | W16: =W8/SQRT(4) -> -1.3661728 | Z16: =AG7 -> 0.49392489 | AA16: =Z16 -> 0.49392489 | AB16: =AA16 -> 0.49392489 | AC16: =AB16 -> 0.49392489 | AF16: =R30*AM8 -> 0.01930982 | AG16: =S30*AN8 -> -0.02217067 | AH16: =T30*AO8 -> 0.022404529 | AI16: =U30*AP8 -> -0.033359639 | AJ16: =V30*AQ8 -> 0.041461977 | AK16: =W30*AR8 -> -0.039649199 | AM16: =SUM(AF16:AK16) -> -0.012003181 | AO16: =AM8-$AM16 -> 0.12040301 | AP16: =AN8-$AM16 -> -0.12575794 | AQ16: =AO8-$AM16 -> 0.14056429 | AR16: =AP8-$AM16 -> -0.19214623 | AS16: =AQ8-$AM16 -> 0.23203942 | AT16: =AR8-$AM16 -> -0.2820925
C17: ='Sixth Iteration'!AK52 -> -0.50693791 | D17: ='Sixth Iteration'!AL52 -> 0.15981867 | E17: ='Sixth Iteration'!AM52 -> -0.45452665 | F17: ='Sixth Iteration'!AN52 -> -0.70147397 | M17: 0 | N17: 1 | O17: 2 | P17: 3 | R17: =R9/SQRT(4) -> 0.29430715 | S17: =S9/SQRT(4) -> 0.090409526 | T17: =T9/SQRT(4) -> 0.28007172 | U17: =U9/SQRT(4) -> 0.11335581 | V17: =V9/SQRT(4) -> 0.3225219 | W17: =W9/SQRT(4) -> -0.018790228 | Z17: =AG8 -> -0.45324223 | AA17: =Z17 -> -0.45324223 | AB17: =AA17 -> -0.45324223 | AC17: =AB17 -> -0.45324223 | AF17: =R31*AM9 -> -0.028199516 | AG17: =S31*AN9 -> 0.0063993942 | AH17: =T31*AO9 -> -0.032998778 | AI17: =U31*AP9 -> 0.015170265 | AJ17: =V31*AQ9 -> -0.054674694 | AK17: =W31*AR9 -> 0.0092845235 | AM17: =SUM(AF17:AK17) -> -0.085018805 | AO17: =AM9-$AM17 -> -0.014452554 | AP17: =AN9-$AM17 -> 0.21143308 | AQ17: =AO9-$AM17 -> -0.032953229 | AR17: =AP9-$AM17 -> 0.27235322 | AS17: =AQ9-$AM17 -> -0.11689391 | AT17: =AR9-$AM17 -> 0.35489097
C18: ='Sixth Iteration'!AK53 -> 0.73230203 | D18: ='Sixth Iteration'!AL53 -> -0.11019315 | E18: ='Sixth Iteration'!AM53 -> 0.033249489 | F18: ='Sixth Iteration'!AN53 -> -0.70769621 | L18: Amount | M18: {=MMULT(C4:H9,C20:F25)} -> -0.84804672 | N18: -2.9567701 | O18: -0.36971174 | P18: -0.20753523 | R18: =R10/SQRT(4) -> 0.59530032 | S18: =S10/SQRT(4) -> -1.0590375 | T18: =T10/SQRT(4) -> 0.58693214 | U18: =U10/SQRT(4) -> -0.5751252 | V18: =V10/SQRT(4) -> 0.56252887 | W18: =W10/SQRT(4) -> -1.4813655 | Z18: =AG9 -> 0.49659787 | AA18: =Z18 -> 0.49659787 | AB18: =AA18 -> 0.49659787 | AC18: =AB18 -> 0.49659787 | AF18: =R32*AM10 -> 0.020198827 | AG18: =S32*AN10 -> -0.020934982 | AH18: =T32*AO10 -> 0.023617004 | AI18: =U32*AP10 -> -0.031743844 | AJ18: =V32*AQ10 -> 0.042174048 | AK18: =W32*AR10 -> -0.040069114 | AM18: =SUM(AF18:AK18) -> -0.0067580613 | AO18: =AM10-$AM18 -> 0.11574452 | AP18: =AN10-$AM18 -> -0.13174858 | AQ18: =AO10-$AM18 -> 0.13601491 | AR18: =AP10-$AM18 -> -0.19849614 | AS18: =AQ10-$AM18 -> 0.22798508 | AT18: =AR10-$AM18 -> -0.28892918
B19: W_K | C19: Matrix: | L19: Time | M19: -0.85230889 | N19: -1.0392411 | O19: -0.74466943 | P19: 2.0957686 | R19: =R11/SQRT(4) -> 0.66080736 | S19: =S11/SQRT(4) -> 0.3401667 | T19: =T11/SQRT(4) -> 0.6169913 | U19: =U11/SQRT(4) -> 0.34409124 | V19: =V11/SQRT(4) -> 0.70593025 | W19: =W11/SQRT(4) -> 0.16567267 | Z19: =AG10 -> -0.45463786 | AA19: =Z19 -> -0.45463786 | AB19: =AA19 -> -0.45463786 | AC19: =AB19 -> -0.45463786 | AF19: =R33*AM11 -> -0.027822456 | AG19: =S33*AN11 -> 0.0067611989 | AH19: =T33*AO11 -> -0.03272218 | AI19: =U33*AP11 -> 0.016255699 | AJ19: =V33*AQ11 -> -0.054654839 | AK19: =W33*AR11 -> 0.0094617397 | AM19: =SUM(AF19:AK19) -> -0.082720837 | AO19: =AM11-$AM19 -> -0.017056817 | AP19: =AN11-$AM19 -> 0.20952437 | AQ19: =AO11-$AM19 -> -0.03561446 | AR19: =AP11-$AM19 -> 0.2706321 | AS19: =AQ11-$AM19 -> -0.11981361 | AT19: =AR11-$AM19 -> 0.353424
C20: ='Sixth Iteration'!AK56 -> -0.27731912 | D20: ='Sixth Iteration'!AL56 -> 0.052785658 | E20: ='Sixth Iteration'!AM56 -> -0.55512995 | F20: ='Sixth Iteration'!AN56 -> 0.19719414 | L20: Merchant | M20: -0.9021383 | N20: -2.8502138 | O20: -0.39300425 | P20: -0.18685263 | Z20: =AG11 -> 0.50336552 | AA20: =Z20 -> 0.50336552 | AB20: =AA20 -> 0.50336552 | AC20: =AB20 -> 0.50336552 | AF20: =R34*AM12 -> 0.02180221 | AG20: =S34*AN12 -> -0.020106946 | AH20: =T34*AO12 -> 0.024748704 | AI20: =U34*AP12 -> -0.029913828 | AJ20: =V34*AQ12 -> 0.046298058 | AK20: =W34*AR12 -> -0.036051747 | AM20: =SUM(AF20:AK20) -> 0.0067764514 | AO20: =AM12-$AM20 -> 0.10369528 | AP20: =AN12-$AM20 -> -0.14717067 | AQ20: =AO12-$AM20 -> 0.12424191 | AR20: =AP12-$AM20 -> -0.21482787 | AS20: =AQ12-$AM20 -> 0.21746545 | AT20: =AR12-$AM20 -> -0.30649333
C21: ='Sixth Iteration'!AK57 -> -0.28104206 | D21: ='Sixth Iteration'!AL57 -> -0.1355775 | E21: ='Sixth Iteration'!AM57 -> -0.37750791 | F21: ='Sixth Iteration'!AN57 -> 0.89131534 | L21: Frequency | M21: -0.5641287 | N21: -1.0012826 | O21: -0.43785917 | P21: 1.2171579 | R21: =EXP(R14) -> 2.5124461 | S21: =EXP(S14) -> 0.35696493 | T21: =EXP(T14) -> 2.4696926 | U21: =EXP(U14) -> 0.59390607 | V21: =EXP(V14) -> 2.3693526 | W21: =EXP(W14) -> 0.23873572 | Z21: # 3. Compute gradient of loss w.r.t attention scores (dL/dA) with softmax derivative
C22: ='Sixth Iteration'!AK58 -> -0.017788123 | D22: ='Sixth Iteration'!AL58 -> -0.53461026 | E22: ='Sixth Iteration'!AM58 -> 0.45561475 | F22: ='Sixth Iteration'!AN58 -> -0.58983885 | L22: Location | M22: -0.89753806 | N22: -2.7548291 | O22: -0.29880905 | P22: -0.20790419 | R22: =EXP(R15) -> 1.2776697 | S22: =EXP(S15) -> 1.1543065 | T22: =EXP(T15) -> 1.2499573 | U22: =EXP(U15) -> 1.1720394 | V22: =EXP(V15) -> 1.3515271 | W22: =EXP(W15) -> 0.96697387 | Z22: =R29*AO15/SQRT(4) -> -0.00086468447 | AA22: =S29*AP15/SQRT(4) -> 0.0045490274 | AB22: =T29*AQ15/SQRT(4) -> -0.0034973001 | AC22: =U29*AR15/SQRT(4) -> 0.0096648303 | AD22: =V29*AS15/SQRT(4) -> -0.014878587 | AE22: =W29*AT15/SQRT(4) -> 0.0050267139
C23: ='Sixth Iteration'!AK59 -> 0.10072719 | D23: ='Sixth Iteration'!AL59 -> -0.98177605 | E23: ='Sixth Iteration'!AM59 -> -0.64823268 | F23: ='Sixth Iteration'!AN59 -> 0.10618023 | L23: Device Used | M23: -1.1117382 | N23: -1.3714531 | O23: -1.2488867 | P23: 3.0072766 | R23: =EXP(R16) -> 2.1019422 | S23: =EXP(S16) -> 0.37533574 | T23: =EXP(T16) -> 2.0739389 | U23: =EXP(U16) -> 0.60041671 | V23: =EXP(V16) -> 2.0077048 | W23: =EXP(W16) -> 0.25508134 | Z23: =R30*AO16/SQRT(4) -> 0.010724004 | AA23: =S30*AP16/SQRT(4) -> -0.010119465 | AB23: =T30*AQ16/SQRT(4) -> 0.01224817 | AC23: =U30*AR16/SQRT(4) -> -0.015699112 | AD23: =V30*AS16/SQRT(4) -> 0.021861883 | AE23: =W30*AT16/SQRT(4) -> -0.019015481
C24: ='Sixth Iteration'!AK60 -> 0.36371353 | D24: ='Sixth Iteration'!AL60 -> 0.082806742 | E24: ='Sixth Iteration'!AM60 -> -0.035652993 | F24: ='Sixth Iteration'!AN60 -> -0.14026036 | R24: =EXP(R17) -> 1.3421961 | S24: =EXP(S17) -> 1.0946225 | T24: =EXP(T17) -> 1.3232247 | U24: =EXP(U17) -> 1.1200304 | V24: =EXP(V17) -> 1.3806051 | W24: =EXP(W17) -> 0.98138521 | Z24: =R31*AO17/SQRT(4) -> -0.0020486049 | AA24: =S31*AP17/SQRT(4) -> 0.0053516252 | AB24: =T31*AQ17/SQRT(4) -> -0.0046087884 | AC24: =U31*AR17/SQRT(4) -> 0.011027527 | AD24: =V31*AS17/SQRT(4) -> -0.015826489 | AE24: =W31*AT17/SQRT(4) -> 0.0061047303
C25: ='Sixth Iteration'!AK61 -> -0.74478076 | D25: ='Sixth Iteration'!AL61 -> -0.3627995 | E25: ='Sixth Iteration'!AM61 -> -0.20814824 | F25: ='Sixth Iteration'!AN61 -> 0.5388526 | L25: Value | R25: =EXP(R18) -> 1.8135755 | S25: =EXP(S18) -> 0.34678942 | T25: =EXP(T18) -> 1.7984625 | U25: =EXP(U18) -> 0.56263442 | V25: =EXP(V18) -> 1.7551053 | W25: =EXP(W18) -> 0.22732706 | Z25: =R32*AO18/SQRT(4) -> 0.010725661 | AA25: =S32*AP18/SQRT(4) -> -0.009956758 | AB25: =T32*AQ18/SQRT(4) -> 0.012425897 | AC25: =U32*AR18/SQRT(4) -> -0.015349334 | AD25: =V32*AS18/SQRT(4) -> 0.021731192 | AE25: =W32*AT18/SQRT(4) -> -0.019576658
B26: W_V | C26: Matrix: | M26: 0 | N26: 1 | O26: 2 | P26: 3 | R26: =EXP(R19) -> 1.936355 | S26: =EXP(S19) -> 1.4051818 | T26: =EXP(T19) -> 1.8533435 | U26: =EXP(U19) -> 1.4107073 | V26: =EXP(V19) -> 2.0257302 | W26: =EXP(W19) -> 1.1801867 | Z26: =R33*AO19/SQRT(4) -> -0.0023781003 | AA26: =S33*AP19/SQRT(4) -> 0.0055859483 | AB26: =T33*AQ19/SQRT(4) -> -0.0049240707 | AC26: =U33*AR19/SQRT(4) -> 0.011705828 | AD26: =V33*AS19/SQRT(4) -> -0.016166123 | AE26: =W33*AT19/SQRT(4) -> 0.0061765179
C27: ='Sixth Iteration'!AK38 -> 0.18631029 | D27: ='Sixth Iteration'!AL38 -> -0.86701893 | E27: ='Sixth Iteration'!AM38 -> 0.17654313 | F27: ='Sixth Iteration'!AN38 -> -0.17803999 | L27: Amount | M27: {=MMULT(C4:H9,C27:F32)} -> -1.4098389 | N27: -0.94142951 | O27: 0.4356579 | P27: 2.1350768 | Z27: =R34*AO20/SQRT(4) -> 0.01023242 | AA27: =S34*AP20/SQRT(4) -> -0.010538727 | AB27: =T34*AQ20/SQRT(4) -> 0.011734334 | AC27: =U34*AR20/SQRT(4) -> -0.015444076 | AD27: =V34*AS20/SQRT(4) -> 0.022449479 | AE27: =W34*AT20/SQRT(4) -> -0.01843343
C28: ='Sixth Iteration'!AK39 -> -0.58106884 | D28: ='Sixth Iteration'!AL39 -> 0.063230298 | E28: ='Sixth Iteration'!AM39 -> 0.27289192 | F28: ='Sixth Iteration'!AN39 -> 0.22303222 | L28: Time | M28: -2.220883 | N28: -0.013880363 | O28: 0.89483009 | P28: 1.0610222 | R28: Softmax Attention Probabilities:
C29: ='Sixth Iteration'!AK40 -> -0.45451942 | D29: ='Sixth Iteration'!AL40 -> -0.18951685 | E29: ='Sixth Iteration'!AM40 -> 0.13072106 | F29: ='Sixth Iteration'!AN40 -> 0.4528619 | L29: Merchant | M29: -1.3561231 | N29: -1.0695844 | O29: 0.51918141 | P29: 2.1668109 | R29: =R21/SUM($R21:$W21) -> 0.29415961 | S29: =S21/SUM($R21:$W21) -> 0.041793799 | T29: =T21/SUM($R21:$W21) -> 0.28915399 | U29: =U21/SUM($R21:$W21) -> 0.069535097 | V29: =V21/SUM($R21:$W21) -> 0.27740609 | W29: =W21/SUM($R21:$W21) -> 0.027951409 | Z29: Gradients dL/dK: | AG29: Gradients dL/dV:
C30: ='Sixth Iteration'!AK41 -> -0.24142776 | D30: ='Sixth Iteration'!AL41 -> -0.094670128 | E30: ='Sixth Iteration'!AM41 -> -0.55500813 | F30: ='Sixth Iteration'!AN41 -> -0.59994395 | L30: Frequency | M30: -1.6619853 | N30: -0.095752468 | O30: 0.56830554 | P30: 0.77611152 | R30: =R22/SUM($R22:$W22) -> 0.17813515 | S30: =S22/SUM($R22:$W22) -> 0.16093561 | T30: =T22/SUM($R22:$W22) -> 0.17427143 | U30: =U22/SUM($R22:$W22) -> 0.16340796 | V30: =V22/SUM($R22:$W22) -> 0.18843249 | W30: =W22/SUM($R22:$W22) -> 0.13481734 | Z30: {=MMULT(TRANSPOSE(Z22:AE27),M9:P14)} -> -0.015029006 | AA30: -0.011774302 | AB30: 0.068003649 | AC30: 0.023097319 | AG30: {=MMULT(TRANSPOSE(R29:W34),Z15:AC20)} -> -0.10785882 | AH30: -0.10785882 | AI30: -0.10785882 | AJ30: -0.10785882
C31: ='Sixth Iteration'!AK42 -> 0.42246178 | D31: ='Sixth Iteration'!AL42 -> 0.69431888 | E31: ='Sixth Iteration'!AM42 -> -0.019806187 | F31: ='Sixth Iteration'!AN42 -> 0.51796532 | L31: Location | M31: -1.341838 | N31: -1.0142434 | O31: 0.56534132 | P31: 2.2362254 | R31: =R23/SUM($R23:$W23) -> 0.28349383 | S31: =S23/SUM($R23:$W23) -> 0.050622403 | T31: =T23/SUM($R23:$W23) -> 0.27971695 | U31: =U23/SUM($R23:$W23) -> 0.080979596 | V31: =V23/SUM($R23:$W23) -> 0.27078381 | W31: =W23/SUM($R23:$W23) -> 0.034403412 | Z31: 0.012210272 | AA31: 0.0090582012 | AB31: -0.074464718 | AC31: -0.037789253 | AG31: 0.1607067 | AH31: 0.1607067 | AI31: 0.1607067 | AJ31: 0.1607067
C32: ='Sixth Iteration'!AK43 -> 0.19701688 | D32: ='Sixth Iteration'!AL43 -> -0.30636101 | E32: ='Sixth Iteration'!AM43 -> 0.19689667 | F32: ='Sixth Iteration'!AN43 -> 0.78521715 | L32: Device Used | M32: -2.8512231 | N32: 0.035003306 | O32: 1.0557863 | P32: 1.1650076 | R32: =R24/SUM($R24:$W24) -> 0.18533337 | S32: =S24/SUM($R24:$W24) -> 0.15114786 | T32: =T24/SUM($R24:$W24) -> 0.18271376 | U32: =U24/SUM($R24:$W24) -> 0.15465624 | V32: =V24/SUM($R24:$W24) -> 0.19063697 | W32: =W24/SUM($R24:$W24) -> 0.13551181 | Z32: -0.015640886 | AA32: -0.011787886 | AB32: 0.083387654 | AC32: 0.036706183 | AG32: -0.11031314 | AH32: -0.11031314 | AI32: -0.11031314 | AJ32: -0.11031314
R33: =R25/SUM($R25:$W25) -> 0.27884456 | S33: =S25/SUM($R25:$W25) -> 0.053320273 | T33: =T25/SUM($R25:$W25) -> 0.27652087 | U33: =U25/SUM($R25:$W25) -> 0.086507314 | V33: =V25/SUM($R25:$W25) -> 0.26985453 | W33: =W25/SUM($R25:$W25) -> 0.034952453 | Z33: 0.016406989 | AA33: 0.011415682 | AB33: -0.11926172 | AC33: -0.070174473 | AG33: 0.12266182 | AH33: 0.12266182 | AI33: 0.12266182 | AJ33: 0.12266182
R34: =R26/SUM($R26:$W26) -> 0.19735556 | S34: =S26/SUM($R26:$W26) -> 0.14321777 | T34: =T26/SUM($R26:$W26) -> 0.18889493 | U34: =U26/SUM($R26:$W26) -> 0.14378094 | V34: =V26/SUM($R26:$W26) -> 0.20646479 | W34: =W26/SUM($R26:$W26) -> 0.12028601 | Z34: -0.023153399 | AA34: -0.016045273 | AB34: 0.17062101 | AC34: 0.10117371 | AG34: -0.078190261 | AH34: -0.078190261 | AI34: -0.078190261 | AJ34: -0.078190261
Z35: 0.025206029 | AA35: 0.019133578 | AB35: -0.12828587 | AC35: -0.053013486 | AG35: 0.15040978 | AH35: 0.15040978 | AI35: 0.15040978 | AJ35: 0.15040978
Z37: Gradients dL/dQ: | AF37: np.dot(X_train.T, dL_dV) | AK37: Updated W_V:
Z38: {=MMULT(Z22:AE27,M18:P23)} -> 0.0023246647 | AA38: 0.032214026 | AB38: -0.007757158 | AC38: 0.040340306 | AF38: {=MMULT(TRANSPOSE(C4:H9),AG30:AJ35)} -> -0.27230743 | AG38: -0.27230743 | AH38: -0.27230743 | AI38: -0.27230743 | AK38: =C27-0.02*AF38 -> 0.19175644 | AL38: =D27-0.02*AG38 -> -0.86157278 | AM38: =E27-0.02*AH38 -> 0.18198928 | AN38: =F27-0.02*AI38 -> -0.17259384
Z39: -0.0011444059 | AA39: -0.074529421 | AB39: 0.022846935 | AC39: -0.10656056 | AF39: 1.0327206 | AG39: 1.0327206 | AH39: 1.0327206 | AI39: 1.0327206 | AK39: =C28-0.02*AF39 -> -0.60172326 | AL39: =D28-0.02*AG39 -> 0.042575885 | AM39: =E28-0.02*AH39 -> 0.2522375 | AN39: =F28-0.02*AI39 -> 0.2023778
Z40: 0.0025309094 | AA40: 0.037816908 | AB40: -0.0091400469 | AC40: 0.047573338 | AF40: -0.45530837 | AG40: -0.45530837 | AH40: -0.45530837 | AI40: -0.45530837 | AK40: =C29-0.02*AF40 -> -0.44541325 | AL40: =D29-0.02*AG40 -> -0.18041068 | AM40: =E29-0.02*AH40 -> 0.13982723 | AN40: =F29-0.02*AI40 -> 0.46196807
Z41: -0.00090095868 | AA41: -0.074430537 | AB41: 0.023242058 | AC41: -0.10748782 | AF41: -0.18396689 | AG41: -0.18396689 | AH41: -0.18396689 | AI41: -0.18396689 | AK41: =C30-0.02*AF41 -> -0.23774842 | AL41: =D30-0.02*AG41 -> -0.090990791 | AM41: =E30-0.02*AH41 -> -0.55132879 | AN41: =F30-0.02*AI41 -> -0.59626461
Z42: 0.0027374258 | AA42: 0.039604264 | AB42: -0.0093539838 | AC42: 0.049303814 | AF42: -0.29636222 | AG42: -0.29636222 | AH42: -0.29636222 | AI42: -0.29636222 | AK42: =C31-0.02*AF42 -> 0.42838903 | AL42: =D31-0.02*AG42 -> 0.70024613 | AM42: =E31-0.02*AH42 -> -0.013878943 | AN42: =F31-0.02*AI42 -> 0.52389257
Z43: -0.0012249783 | AA43: -0.073848006 | AB43: 0.022528667 | AC43: -0.10530255 | AF43: -0.29636222 | AG43: -0.29636222 | AH43: -0.29636222 | AI43: -0.29636222 | AK43: =C32-0.02*AF43 -> 0.20294413 | AL43: =D32-0.02*AG43 -> -0.30043376 | AM43: =E32-0.02*AH43 -> 0.20282392 | AN43: =F32-0.02*AI43 -> 0.7911444
AF47: np.dot(X_train.T, dL_dQ) | AK47: Updated W_Q:
AF48: {=MMULT(TRANSPOSE(C4:H9),Z38:AC43)} -> 0.0070588127 | AG48: 0.10085063 | AH48: -0.024035171 | AI48: 0.12593561 | AK48: =C13-0.02*AF48 -> 0.24776041 | AL48: =D13-0.02*AG48 -> -0.068749598 | AM48: =E13-0.02*AH48 -> 0.32389023 | AN48: =F13-0.02*AI48 -> 0.76308589
AF49: -0.0025420482 | AG49: -0.55820616 | AH49: 0.1788884 | AI49: -0.81865007 | AK49: =C14-0.02*AF49 -> -0.10291135 | AL49: =D14-0.02*AG49 -> -0.15009199 | AM49: =E14-0.02*AH49 -> 0.80692786 | AN49: =F14-0.02*AI49 -> 0.28400337
AF50: 0.019508657 | AG50: 0.10609763 | AH50: -0.010135906 | AI50: 0.092301442 | AK50: =C15-0.02*AF50 -> -0.23187729 | AL50: =D15-0.02*AG50 -> 0.26146573 | AM50: =E15-0.02*AH50 -> -0.22598598 | AN50: =F15-0.02*AI50 -> -0.26086679
AF51: 0.006130298 | AG51: 0.053439203 | AH51: -0.0097746821 | AI51: 0.058854975 | AK51: =C16-0.02*AF51 -> 0.12135632 | AL51: =D16-0.02*AG51 -> -0.95845137 | AM51: =E16-0.02*AH51 -> -0.86130531 | AN51: =F16-0.02*AI51 -> -0.28618757
AF52: 0.0075929999 | AG52: 0.1096352 | AH52: -0.026251189 | AI52: 0.13721746 | AK52: =C17-0.02*AF52 -> -0.50708977 | AL52: =D17-0.02*AG52 -> 0.15762597 | AM52: =E17-0.02*AH52 -> -0.45400163 | AN52: =F17-0.02*AI52 -> -0.70421832
AF53: 0.0075929999 | AG53: 0.1096352 | AH53: -0.026251189 | AI53: 0.13721746 | AK53: =C18-0.02*AF53 -> 0.73215017 | AL53: =D18-0.02*AG53 -> -0.11238585 | AM53: =E18-0.02*AH53 -> 0.033774513 | AN53: =F18-0.02*AI53 -> -0.71044056
AF55: np.dot(X_train.T, dL_dK) | AK55: Updated W_K:
AF56: {=MMULT(TRANSPOSE(C4:H9),Z30:AC35)} -> -0.049887657 | AG56: -0.036660443 | AH56: 0.2999035 | AI56: 0.15064405 | AK56: =C20-0.02*AF56 -> -0.27632136 | AL56: =D20-0.02*AG56 -> 0.053518867 | AM56: =E20-0.02*AH56 -> -0.56112802 | AN56: =F20-0.02*AI56 -> 0.19418126
AF57: 0.11644562 | AG57: 0.086932819 | AH57: -0.65304877 | AI57: -0.30479344 | AK57: =C21-0.02*AF57 -> -0.28337098 | AL57: =D21-0.02*AG57 -> -0.13731615 | AM57: =E21-0.02*AH57 -> -0.36444693 | AN57: =F21-0.02*AI57 -> 0.89741121
AF58: -0.10764658 | AG58: -0.079214923 | AH58: 0.64402462 | AI58: 0.32195443 | AK58: =C22-0.02*AF58 -> -0.015635191 | AL58: =D22-0.02*AG58 -> -0.53302596 | AM58: =E22-0.02*AH58 -> 0.44273426 | AN58: =F22-0.02*AI58 -> -0.59627794
AF59: -0.035564288 | AG59: -0.026290588 | AH59: 0.20976477 | AI59: 0.10335399 | AK59: =C23-0.02*AF59 -> 0.10143848 | AL59: =D23-0.02*AG59 -> -0.98125024 | AM59: =E23-0.02*AH59 -> -0.65242798 | AN59: =F23-0.02*AI59 -> 0.10411315
AF60: -0.053823291 | AG60: -0.039607461 | AH60: 0.32201231 | AI60: 0.16097721 | AK60: =C24-0.02*AF60 -> 0.36479 | AL60: =D24-0.02*AG60 -> 0.083598891 | AM60: =E24-0.02*AH60 -> -0.04209324 | AN60: =F24-0.02*AI60 -> -0.14347991
AF61: -0.053823291 | AG61: -0.039607461 | AH61: 0.32201231 | AI61: 0.16097721 | AK61: =C25-0.02*AF61 -> -0.74370429 | AL61: =D25-0.02*AG61 -> -0.36200735 | AM61: =E25-0.02*AH61 -> -0.21458849 | AN61: =F25-0.02*AI61 -> 0.53563305

Sheet Eight Iteration
B3: Input | C3: X_train: | J3: Y_train | K3: Final Pred
C4: {=TRANSPOSE(Data!C14:H20)} -> 0.84127 | D4: 1 | E4: 3 | F4: 1 | G4: 1 | H4: 1 | I4: 1 | J4: 1 | K4: =IF(AE6>0.5,1,0) -> 1 | AG4: dL/dZ
C5: 0.005291 | D5: 3 | E5: 1 | F5: 0.1 | G5: 0 | H5: 0 | I5: 0 | J5: 0 | K5: =IF(AE7>0.5,1,0) -> 0 | Z5: Z Matrix (Output of Attention): | AE5: Y_Pred | AI5: Binary Cross-Entropy Loss | AM5: #2. Compute gradient of loss w.r.t attention_weights (dL/dP)
C6: 1 | D6: 1 | E6: 3 | F6: 0.9 | G6: 1 | H6: 1 | I6: 1 | J6: 1 | K6: =IF(AE8>0.5,1,0) -> 1 | R6: {=MMULT(M9:P14,TRANSPOSE(M18:P23))} -> 1.9268721 | S6: -2.089587 | T6: 1.8933072 | U6: -1.0536026 | V6: 1.808796 | W6: -2.9089739 | Z6: {=MMULT(R29:W34,M27:P32)} -> -1.4451186 | AA6: -0.86274798 | AB6: 0.55694118 | AC6: 2.0307353 | AE6: =1/(1+EXP(-SUM(Z6:AC6))) -> 0.56949962 | AG6: =AE6-J4 -> -0.43050038 | AI6: =-J4*LN(AE6)-(1-J4)*LN(1-AE6) -> 0.56299716
C7: 0.015873 | D7: 2 | E7: 1 | F7: 0.2 | G7: 0 | H7: 0 | I7: 0 | J7: 0 | K7: =IF(AE9>0.5,1,0) -> 0 | L7: Query | R7: 0.2718004 | S7: 0.42602724 | T7: 0.23116504 | U7: 0.37903359 | V7: 0.39026811 | W7: 0.14052206 | Z7: -1.8094957 | AA7: -0.52754893 | AB7: 0.65819352 | AC7: 1.5723355 | AE7: =1/(1+EXP(-SUM(Z7:AC7))) -> 0.47339625 | AG7: =AE7-J5 -> 0.47339625 | AI7: =-J5*LN(AE7)-(1-J5)*LN(1-AE7) -> 0.64130691 | AM7: {=MMULT(Z15:AC20,TRANSPOSE(M27:P32))} -> -0.1405948 | AN7: 0.21040807 | AO7: -0.15902222 | AP7: 0.23197174 | AQ7: -0.23762131 | AR7: 0.38101722
C8: 0.94709 | D8: 1 | E8: 3 | F8: 0.8 | G8: 1 | H8: 1 | I8: 1 | J8: 1 | K8: =IF(AE10>0.5,1,0) -> 1 | M8: Q1 | N8: Q2 | O8: Q3 | P8: Q4 | R8: 1.5612653 | S8: -1.9847599 | T8: 1.535067 | U8: -1.0296756 | V8: 1.4687306 | W8: -2.7699352 | Z8: -1.467211 | AA8: -0.83905357 | AB8: 0.56279314 | AC8: 1.9966563 | AE8: =1/(1+EXP(-SUM(Z8:AC8))) -> 0.56296025 | AG8: =AE8-J6 -> -0.43703975 | AI8: =-J6*LN(AE8)-(1-J6)*LN(1-AE8) -> 0.57454625 | AM8: 0.15460393 | AN8: -0.23137353 | AO8: 0.17486749 | AP8: -0.25508584 | AQ8: 0.26129835 | AR8: -0.4189825
C9: 0 | D9: 4 | E9: 1 | F9: 0.3 | G9: 0 | H9: 0 | I9: 0 | J9: 0 | K9: =IF(AE11>0.5,1,0) -> 0 | L9: Amount | M9: {=MMULT(C4:H9,C13:F18)} -> -0.24369312 | N9: -0.33674303 | O9: -0.88008338 | P9: -1.5574822 | R9: 0.45693409 | S9: 0.26704848 | T9: 0.43062971 | U9: 0.26498482 | V9: 0.51720471 | W9: 0.091224697 | Z9: -1.780224 | AA9: -0.55892346 | AB9: 0.65005645 | AC9: 1.616553 | AE9: =1/(1+EXP(-SUM(Z9:AC9))) -> 0.48187345 | AG9: =AE9-J7 -> 0.48187345 | AI9: =-J7*LN(AE9)-(1-J7)*LN(1-AE9) -> 0.65753576 | AM9: -0.14273046 | AN9: 0.2136042 | AO9: -0.16143779 | AP9: 0.23549543 | AQ9: -0.24123081 | AR9: 0.38680493
L10: Time | M10: -0.52716483 | N10: -0.28501913 | O10: 2.1103808 | P10: 0.56656204 | R10: 1.2628261 | S10: -2.1412343 | T10: 1.2467142 | U10: -1.1588937 | V10: 1.1965378 | W10: -2.9977424 | Z10: -1.4725318 | AA10: -0.83138778 | AB10: 0.56416664 | AC10: 1.9848563 | AE10: =1/(1+EXP(-SUM(Z10:AC10))) -> 0.56097091 | AG10: =AE10-J8 -> -0.43902909 | AI10: =-J8*LN(AE10)-(1-J8)*LN(1-AE10) -> 0.57808623 | AM10: 0.15737245 | AN10: -0.23551678 | AO10: 0.17799888 | AP10: -0.25965372 | AQ10: 0.26597747 | AR10: -0.4264853
L11: Merchant | M11: -0.21650174 | N11: -0.25181052 | O11: -0.74254175 | P11: -1.4077388 | R11: 1.0306808 | S11: 0.86498559 | T11: 0.94742707 | U11: 0.76970641 | V11: 1.1291177 | W11: 0.60727765 | Z11: -1.7774339 | AA11: -0.5616521 | AB11: 0.64995633 | AC11: 1.6217837 | AE11: =1/(1+EXP(-SUM(Z11:AC11))) -> 0.48316987 | AG11: =AE11-J9 -> 0.48316987 | AI11: =-J9*LN(AE11)-(1-J9)*LN(1-AE11) -> 0.66004104 | AM11: -0.14338014 | AN11: 0.2145765 | AO11: -0.16217263 | AP11: 0.23656737 | AQ11: -0.24232886 | AR11: 0.38856562
B12: Query matrix | C12: Q1 | D12: Q2 | E12: Q3 | F12: Q4 | L12: Frequency | M12: -0.40949604 | N12: -0.23149979 | O12: 1.2207498 | P12: 0.26201489 | AI12: =AVERAGE(AI6:AI11) -> 0.61241889 | AM12: 0.15779585 | AN12: -0.23615041 | AO12: 0.17847776 | AP12: -0.26035228 | AQ12: 0.26669305 | AR12: -0.42763271
B13: Amount | C13: ='Seventh Iteration'!AK48 -> 0.24776041 | D13: ='Seventh Iteration'!AL48 -> -0.068749598 | E13: ='Seventh Iteration'!AM48 -> 0.32389023 | F13: ='Seventh Iteration'!AN48 -> 0.76308589 | L13: Location | M13: -0.24174637 | N13: -0.15232784 | O13: -0.67354826 | P13: -1.4194949 | R13: Attention Scores:
B14: Time | C14: ='Seventh Iteration'!AK49 -> -0.10291135 | D14: ='Seventh Iteration'!AL49 -> -0.15009199 | E14: ='Seventh Iteration'!AM49 -> 0.80692786 | F14: ='Seventh Iteration'!AN49 -> 0.28400337 | L14: Device Used | M14: -0.60711582 | N14: -0.62643764 | O14: 2.7433339 | P14: 0.7892904 | R14: =R6/SQRT(4) -> 0.96343607 | S14: =S6/SQRT(4) -> -1.0447935 | T14: =T6/SQRT(4) -> 0.9466536 | U14: =U6/SQRT(4) -> -0.52680131 | V14: =V6/SQRT(4) -> 0.90439802 | W14: =W6/SQRT(4) -> -1.454487 | Z14: # 1. Compute gradient of loss w.r.t attention_output (dL/dZ)
B15: Merchant | C15: ='Seventh Iteration'!AK50 -> -0.23187729 | D15: ='Seventh Iteration'!AL50 -> 0.26146573 | E15: ='Seventh Iteration'!AM50 -> -0.22598598 | F15: ='Seventh Iteration'!AN50 -> -0.26086679 | R15: =R7/SQRT(4) -> 0.1359002 | S15: =S7/SQRT(4) -> 0.21301362 | T15: =T7/SQRT(4) -> 0.11558252 | U15: =U7/SQRT(4) -> 0.18951679 | V15: =V7/SQRT(4) -> 0.19513405 | W15: =W7/SQRT(4) -> 0.07026103 | Z15: =AG6 -> -0.43050038 | AA15: =Z15 -> -0.43050038 | AB15: =AA15 -> -0.43050038 | AC15: =AB15 -> -0.43050038 | AF15: =R29*AM7 -> -0.041661665 | AG15: =S29*AN7 -> 0.0083688687 | AH15: =T29*AO7 -> -0.046337931 | AI15: =U29*AP7 -> 0.015488187 | AJ15: =V29*AQ7 -> -0.066376273 | AK15: =W29*AR7 -> 0.010060541 | AM15: =SUM(AF15:AK15) -> -0.12045827 | AO15: =AM7-$AM15 -> -0.020136527 | AP15: =AN7-$AM15 -> 0.33086635 | AQ15: =AO7-$AM15 -> -0.038563944 | AR15: =AP7-$AM15 -> 0.35243001 | AS15: =AQ7-$AM15 -> -0.11716304 | AT15: =AR7-$AM15 -> 0.5014755
B16: Frequency | C16: ='Seventh Iteration'!AK51 -> 0.12135632 | D16: ='Seventh Iteration'!AL51 -> -0.95845137 | E16: ='Seventh Iteration'!AM51 -> -0.86130531 | F16: ='Seventh Iteration'!AN51 -> -0.28618757 | L16: Key | R16: =R8/SQRT(4) -> 0.78063267 | S16: =S8/SQRT(4) -> -0.99237994 | T16: =T8/SQRT(4) -> 0.76753348 | U16: =U8/SQRT(4) -> -0.51483779 | V16: =V8/SQRT(4) -> 0.73436531 | W16: =W8/SQRT(4) -> -1.3849676 | Z16: =AG7 -> 0.47339625 | AA16: =Z16 -> 0.47339625 | AB16: =AA16 -> 0.47339625 | AC16: =AB16 -> 0.47339625 | AF16: =R30*AM8 -> 0.025292564 | AG16: =S30*AN8 -> -0.040886123 | AH16: =T30*AO8 -> 0.028032223 | AI16: =U30*AP8 -> -0.044029532 | AJ16: =V30*AQ8 -> 0.045355913 | AK16: =W30*AR8 -> -0.064189128 | AM16: =SUM(AF16:AK16) -> -0.050424082 | AO16: =AM8-$AM16 -> 0.20502801 | AP16: =AN8-$AM16 -> -0.18094945 | AQ16: =AO8-$AM16 -> 0.22529157 | AR16: =AP8-$AM16 -> -0.20466176 | AS16: =AQ8-$AM16 -> 0.31172243 | AT16: =AR8-$AM16 -> -0.36855842
B17: Location | C17: ='Seventh Iteration'!AK52 -> -0.50708977 | D17: ='Seventh Iteration'!AL52 -> 0.15762597 | E17: ='Seventh Iteration'!AM52 -> -0.45400163 | F17: ='Seventh Iteration'!AN52 -> -0.70421832 | M17: K1 | N17: K2 | O17: K3 | P17: K4 | R17: =R9/SQRT(4) -> 0.22846705 | S17: =S9/SQRT(4) -> 0.13352424 | T17: =T9/SQRT(4) -> 0.21531485 | U17: =U9/SQRT(4) -> 0.13249241 | V17: =V9/SQRT(4) -> 0.25860236 | W17: =W9/SQRT(4) -> 0.045612348 | Z17: =AG8 -> -0.43703975 | AA17: =Z17 -> -0.43703975 | AB17: =AA17 -> -0.43703975 | AC17: =AB17 -> -0.43703975 | AF17: =R31*AM9 -> -0.040779622 | AG17: =S31*AN9 -> 0.010363984 | AH17: =T31*AO9 -> -0.045524254 | AI17: =U31*AP9 -> 0.018420158 | AJ17: =V31*AQ9 -> -0.065806027 | AK17: =W31*AR9 -> 0.012673901 | AM17: =SUM(AF17:AK17) -> -0.11065186 | AO17: =AM9-$AM17 -> -0.032078596 | AP17: =AN9-$AM17 -> 0.32425606 | AQ17: =AO9-$AM17 -> -0.050785929 | AR17: =AP9-$AM17 -> 0.34614729 | AS17: =AQ9-$AM17 -> -0.13057896 | AT17: =AR9-$AM17 -> 0.49745679
B18: Device Used | C18: ='Seventh Iteration'!AK53 -> 0.73215017 | D18: ='Seventh Iteration'!AL53 -> -0.11238585 | E18: ='Seventh Iteration'!AM53 -> 0.033774513 | F18: ='Seventh Iteration'!AN53 -> -0.71044056 | L18: Amount | M18: {=MMULT(C4:H9,C20:F25)} -> -0.84021324 | N18: -2.9510289 | O18: -0.41741403 | P18: -0.23179744 | R18: =R10/SQRT(4) -> 0.63141307 | S18: =S10/SQRT(4) -> -1.0706171 | T18: =T10/SQRT(4) -> 0.6233571 | U18: =U10/SQRT(4) -> -0.57944683 | V18: =V10/SQRT(4) -> 0.59826889 | W18: =W10/SQRT(4) -> -1.4988712 | Z18: =AG9 -> 0.48187345 | AA18: =Z18 -> 0.48187345 | AB18: =AA18 -> 0.48187345 | AC18: =AB18 -> 0.48187345 | AF18: =R32*AM10 -> 0.027763465 | AG18: =S32*AN10 -> -0.037786239 | AH18: =T32*AO10 -> 0.030992049 | AI18: =U32*AP10 -> -0.041615798 | AJ18: =V32*AQ10 -> 0.048359009 | AK18: =W32*AR10 -> -0.062666614 | AM18: =SUM(AF18:AK18) -> -0.034954129 | AO18: =AM10-$AM18 -> 0.19232658 | AP18: =AN10-$AM18 -> -0.20056265 | AQ18: =AO10-$AM18 -> 0.21295301 | AR18: =AP10-$AM18 -> -0.22469959 | AS18: =AQ10-$AM18 -> 0.3009316 | AT18: =AR10-$AM18 -> -0.39153117
B19: Key matrix | C19: K1 | D19: K2 | E19: K3 | F19: K4 | L19: Time | M19: -0.85706629 | N19: -1.0428163 | O19: -0.71881826 | P19: 2.1073944 | R19: =R11/SQRT(4) -> 0.51534041 | S19: =S11/SQRT(4) -> 0.4324928 | T19: =T11/SQRT(4) -> 0.47371353 | U19: =U11/SQRT(4) -> 0.38485321 | V19: =V11/SQRT(4) -> 0.56455883 | W19: =W11/SQRT(4) -> 0.30363882 | Z19: =AG10 -> -0.43902909 | AA19: =Z19 -> -0.43902909 | AB19: =AA19 -> -0.43902909 | AC19: =AB19 -> -0.43902909 | AF19: =R33*AM11 -> -0.040293058 | AG19: =S33*AN11 -> 0.010993628 | AH19: =T33*AO11 -> -0.045208501 | AI19: =U33*AP11 -> 0.019807345 | AJ19: =V33*AQ11 -> -0.065879762 | AK19: =W33*AR11 -> 0.012972835 | AM19: =SUM(AF19:AK19) -> -0.10760751 | AO19: =AM11-$AM19 -> -0.035772632 | AP19: =AN11-$AM19 -> 0.32218401 | AQ19: =AO11-$AM19 -> -0.054565118 | AR19: =AP11-$AM19 -> 0.34417488 | AS19: =AQ11-$AM19 -> -0.13472135 | AT19: =AR11-$AM19 -> 0.49617313
B20: Amount | C20: ='Seventh Iteration'!AK56 -> -0.27632136 | D20: ='Seventh Iteration'!AL56 -> 0.053518867 | E20: ='Seventh Iteration'!AM56 -> -0.56112802 | F20: ='Seventh Iteration'!AN56 -> 0.19418126 | L20: Merchant | M20: -0.89421757 | N20: -2.8444088 | O20: -0.44123908 | P20: -0.21138637 | Z20: =AG11 -> 0.48316987 | AA20: =Z20 -> 0.48316987 | AB20: =AA20 -> 0.48316987 | AC20: =AB20 -> 0.48316987 | AF20: =R34*AM12 -> 0.028092335 | AG20: =S34*AN12 -> -0.038699088 | AH20: =T34*AO12 -> 0.030478814 | AI20: =U34*AP12 -> -0.040680267 | AJ20: =V34*AQ12 -> 0.049874581 | AK20: =W34*AR12 -> -0.061605908 | AM20: =SUM(AF20:AK20) -> -0.032539532 | AO20: =AM12-$AM20 -> 0.19033538 | AP20: =AN12-$AM20 -> -0.20361088 | AQ20: =AO12-$AM20 -> 0.21101729 | AR20: =AP12-$AM20 -> -0.22781275 | AS20: =AQ12-$AM20 -> 0.29923258 | AT20: =AR12-$AM20 -> -0.39509318
B21: Time | C21: ='Seventh Iteration'!AK57 -> -0.28337098 | D21: ='Seventh Iteration'!AL57 -> -0.13731615 | E21: ='Seventh Iteration'!AM57 -> -0.36444693 | F21: ='Seventh Iteration'!AN57 -> 0.89741121 | L21: Frequency | M21: -0.5664755 | N21: -1.0030588 | O21: -0.42555198 | P21: 1.2224494 | R21: =EXP(R14) -> 2.6206859 | S21: =EXP(S14) -> 0.35176445 | T21: =EXP(T14) -> 2.5770713 | U21: =EXP(U14) -> 0.59049075 | V21: =EXP(V14) -> 2.4704443 | W21: =EXP(W14) -> 0.23352014 | Z21: # 3. Compute gradient of loss w.r.t attention scores (dL/dA) with softmax derivative
B22: Merchant | C22: ='Seventh Iteration'!AK58 -> -0.015635191 | D22: ='Seventh Iteration'!AL58 -> -0.53302596 | E22: ='Seventh Iteration'!AM58 -> 0.44273426 | F22: ='Seventh Iteration'!AN58 -> -0.59627794 | L22: Location | M22: -0.88974126 | N22: -2.7491155 | O22: -0.346307 | P22: -0.23207181 | R22: =EXP(R15) -> 1.1455676 | S22: =EXP(S15) -> 1.2374015 | T22: =EXP(T15) -> 1.1225271 | U22: =EXP(U15) -> 1.2086654 | V22: =EXP(V15) -> 1.2154739 | W22: =EXP(W15) -> 1.0727882 | Z22: =R29*AO15/SQRT(4) -> -0.0029834718 | AA22: =S29*AP15/SQRT(4) -> 0.0065800161 | AB22: =T29*AQ15/SQRT(4) -> -0.0056186281 | AC22: =U29*AR15/SQRT(4) -> 0.011765446 | AD22: =V29*AS15/SQRT(4) -> -0.016363949 | AE22: =W29*AT15/SQRT(4) -> 0.0066205865
B23: Frequency | C23: ='Seventh Iteration'!AK59 -> 0.10143848 | D23: ='Seventh Iteration'!AL59 -> -0.98125024 | E23: ='Seventh Iteration'!AM59 -> -0.65242798 | F23: ='Seventh Iteration'!AN59 -> 0.10411315 | L23: Device Used | M23: -1.1186876 | N23: -1.3766656 | O23: -1.2107819 | P23: 3.0246008 | R23: =EXP(R16) -> 2.1828529 | S23: =EXP(S16) -> 0.37069341 | T23: =EXP(T16) -> 2.1544457 | U23: =EXP(U16) -> 0.59759752 | V23: =EXP(V16) -> 2.0841588 | W23: =EXP(W16) -> 0.25033191 | Z23: =R30*AO16/SQRT(4) -> 0.016770867 | AA23: =S30*AP16/SQRT(4) -> -0.01598783 | AB23: =T30*AQ16/SQRT(4) -> 0.018057741 | AC23: =U30*AR16/SQRT(4) -> -0.017662998 | AD23: =V30*AS16/SQRT(4) -> 0.027054238 | AE23: =W30*AT16/SQRT(4) -> -0.028232018
B24: Location | C24: ='Seventh Iteration'!AK60 -> 0.36479 | D24: ='Seventh Iteration'!AL60 -> 0.083598891 | E24: ='Seventh Iteration'!AM60 -> -0.04209324 | F24: ='Seventh Iteration'!AN60 -> -0.14347991 | R24: =EXP(R17) -> 1.2566721 | S24: =EXP(S17) -> 1.142849 | T24: =EXP(T17) -> 1.2402523 | U24: =EXP(U17) -> 1.1416703 | V24: =EXP(V17) -> 1.2951187 | W24: =EXP(W17) -> 1.0466686 | Z24: =R31*AO17/SQRT(4) -> -0.0045825995 | AA24: =S31*AP17/SQRT(4) -> 0.0078663826 | AB24: =T31*AQ17/SQRT(4) -> -0.0071606268 | AC24: =U31*AR17/SQRT(4) -> 0.013537604 | AD24: =V31*AS17/SQRT(4) -> -0.017810499 | AE24: =W31*AT17/SQRT(4) -> 0.0081497384
B25: Device Used | C25: ='Seventh Iteration'!AK61 -> -0.74370429 | D25: ='Seventh Iteration'!AL61 -> -0.36200735 | E25: ='Seventh Iteration'!AM61 -> -0.21458849 | F25: ='Seventh Iteration'!AN61 -> 0.53563305 | L25: Value | R25: =EXP(R18) -> 1.8802657 | S25: =EXP(S18) -> 0.3427969 | T25: =EXP(T18) -> 1.8651791 | U25: =EXP(U18) -> 0.56020817 | V25: =EXP(V18) -> 1.8189672 | W25: =EXP(W18) -> 0.22338218 | Z25: =R32*AO18/SQRT(4) -> 0.016965016 | AA25: =S32*AP18/SQRT(4) -> -0.016089105 | AB25: =T32*AQ18/SQRT(4) -> 0.018539021 | AC25: =U32*AR18/SQRT(4) -> -0.018006776 | AD25: =V32*AS18/SQRT(4) -> 0.027357118 | AE25: =W32*AT18/SQRT(4) -> -0.028765274
B26: Value matrix | C26: V1 | D26: V2 | E26: V3 | F26: V4 | M26: V1 | N26: V2 | O26: V3 | P26: V4 | R26: =EXP(R19) -> 1.6742083 | S26: =EXP(S19) -> 1.5410944 | T26: =EXP(T19) -> 1.6059469 | U26: =EXP(U19) -> 1.4693986 | V26: =EXP(V19) -> 1.7586717 | W26: =EXP(W19) -> 1.3547797 | Z26: =R33*AO19/SQRT(4) -> -0.0050264586 | AA26: =S33*AP19/SQRT(4) -> 0.0082533997 | AB26: =T33*AQ19/SQRT(4) -> -0.0076054979 | AC26: =U33*AR19/SQRT(4) -> 0.014408561 | AD26: =V33*AS19/SQRT(4) -> -0.018312739 | AE26: =W33*AT19/SQRT(4) -> 0.0082827349
B27: Amount | C27: ='Seventh Iteration'!AK38 -> 0.19175644 | D27: ='Seventh Iteration'!AL38 -> -0.86157278 | E27: ='Seventh Iteration'!AM38 -> 0.18198928 | F27: ='Seventh Iteration'!AN38 -> -0.17259384 | L27: Amount | M27: {=MMULT(C4:H9,C27:F32)} -> -1.3830593 | N27: -0.91464991 | O27: 0.4624375 | P27: 2.1618564 | Z27: =R34*AO20/SQRT(4) -> 0.016942668 | AA27: =S34*AP20/SQRT(4) -> -0.01668334 | AB27: =T34*AQ20/SQRT(4) -> 0.01801781 | AC27: =U34*AR20/SQRT(4) -> -0.017797969 | AD27: =V34*AS20/SQRT(4) -> 0.027979919 | AE27: =W34*AT20/SQRT(4) -> -0.028459088
B28: Time | C28: ='Seventh Iteration'!AK39 -> -0.60172326 | D28: ='Seventh Iteration'!AL39 -> 0.042575885 | E28: ='Seventh Iteration'!AM39 -> 0.2522375 | F28: ='Seventh Iteration'!AN39 -> 0.2023778 | L28: Time | M28: -2.2733433 | N28: -0.066340685 | O28: 0.84236977 | P28: 1.0085618 | R28: Softmax Attention Probabilities:
B29: Merchant | C29: ='Seventh Iteration'!AK40 -> -0.44541325 | D29: ='Seventh Iteration'!AL40 -> -0.18041068 | E29: ='Seventh Iteration'!AM40 -> 0.13982723 | F29: ='Seventh Iteration'!AN40 -> 0.46196807 | L29: Merchant | M29: -1.328847 | N29: -1.0423083 | O29: 0.54645754 | P29: 2.194087 | R29: =R21/SUM($R21:$W21) -> 0.29632437 | S29: =S21/SUM($R21:$W21) -> 0.039774466 | T29: =T21/SUM($R21:$W21) -> 0.29139281 | U29: =U21/SUM($R21:$W21) -> 0.06676756 | V29: =V21/SUM($R21:$W21) -> 0.27933636 | W29: =W21/SUM($R21:$W21) -> 0.026404427 | Z29: Gradients dL/dK: | AG29: Gradients dL/dV:
B30: Frequency | C30: ='Seventh Iteration'!AK41 -> -0.23774842 | D30: ='Seventh Iteration'!AL41 -> -0.090990791 | E30: ='Seventh Iteration'!AM41 -> -0.55132879 | F30: ='Seventh Iteration'!AN41 -> -0.59626461 | L30: Frequency | M30: -1.6933657 | N30: -0.12713281 | O30: 0.5369252 | P30: 0.74473118 | R30: =R22/SUM($R22:$W22) -> 0.16359586 | S30: =S22/SUM($R22:$W22) -> 0.17671046 | T30: =T22/SUM($R22:$W22) -> 0.16030551 | U30: =U22/SUM($R22:$W22) -> 0.17260672 | V30: =V22/SUM($R22:$W22) -> 0.17357903 | W30: =W22/SUM($R22:$W22) -> 0.15320241 | Z30: {=MMULT(TRANSPOSE(Z22:AE27),M9:P14)} -> -0.023139959 | AA30: -0.016396661 | AB30: 0.11199639 | AC30: 0.045552349 | AG30: {=MMULT(TRANSPOSE(R29:W34),Z15:AC20)} -> -0.12733601 | AH30: -0.12733601 | AI30: -0.12733601 | AJ30: -0.12733601
B31: Location | C31: ='Seventh Iteration'!AK42 -> 0.42838903 | D31: ='Seventh Iteration'!AL42 -> 0.70024613 | E31: ='Seventh Iteration'!AM42 -> -0.013878943 | F31: ='Seventh Iteration'!AN42 -> 0.52389257 | L31: Location | M31: -1.315218 | N31: -0.98762339 | O31: 0.59196137 | P31: 2.2628454 | R31: =R23/SUM($R23:$W23) -> 0.28571073 | S31: =S23/SUM($R23:$W23) -> 0.048519571 | T31: =T23/SUM($R23:$W23) -> 0.28199255 | U31: =U23/SUM($R23:$W23) -> 0.07821875 | V31: =V23/SUM($R23:$W23) -> 0.27279279 | W31: =W23/SUM($R23:$W23) -> 0.032765613 | Z31: 0.019843546 | AA31: 0.013278699 | AB31: -0.1163403 | AC31: -0.059479412 | AG31: 0.17932388 | AH31: 0.17932388 | AI31: 0.17932388 | AJ31: 0.17932388
B32: Device Used | C32: ='Seventh Iteration'!AK43 -> 0.20294413 | D32: ='Seventh Iteration'!AL43 -> -0.30043376 | E32: ='Seventh Iteration'!AM43 -> 0.20282392 | F32: ='Seventh Iteration'!AN43 -> 0.7911444 | L32: Device Used | M32: -2.9236308 | N32: -0.037404376 | O32: 0.98337861 | P32: 1.0925999 | R32: =R24/SUM($R24:$W24) -> 0.17641883 | S32: =S24/SUM($R24:$W24) -> 0.16043969 | T32: =T24/SUM($R24:$W24) -> 0.17411373 | U32: =U24/SUM($R24:$W24) -> 0.16027423 | V32: =V24/SUM($R24:$W24) -> 0.18181619 | W32: =W24/SUM($R24:$W24) -> 0.14693734 | Z32: -0.023291848 | AA32: -0.015871932 | AB32: 0.12555368 | AC32: 0.058936786 | AG32: -0.12877364 | AH32: -0.12877364 | AI32: -0.12877364 | AJ32: -0.12877364
R33: =R25/SUM($R25:$W25) -> 0.28102258 | S33: =S25/SUM($R25:$W25) -> 0.051234073 | T33: =T25/SUM($R25:$W25) -> 0.27876776 | U33: =U25/SUM($R25:$W25) -> 0.083728139 | V33: =V25/SUM($R25:$W25) -> 0.27186098 | W33: =W25/SUM($R25:$W25) -> 0.033386471 | Z33: 0.018209153 | AA33: 0.010786507 | AB33: -0.13819486 | AC33: -0.086607756 | AG33: 0.13475173 | AH33: 0.13475173 | AI33: 0.13475173 | AJ33: 0.13475173
R34: =R26/SUM($R26:$W26) -> 0.17802963 | S34: =S26/SUM($R26:$W26) -> 0.16387474 | T34: =T26/SUM($R26:$W26) -> 0.17077093 | U34: =U26/SUM($R26:$W26) -> 0.15625086 | V34: =V26/SUM($R26:$W26) -> 0.18701118 | W34: =W26/SUM($R26:$W26) -> 0.14406267 | Z34: -0.030180902 | AA34: -0.01878696 | AB34: 0.20721039 | AC34: 0.12113409 | AG34: -0.098688357 | AH34: -0.098688357 | AI34: -0.098688357 | AJ34: -0.098688357
Z35: 0.03856001 | AA35: 0.026990347 | AB35: -0.1902253 | AC35: -0.079536054 | AG35: 0.17259276 | AH35: 0.17259276 | AI35: 0.17259276 | AJ35: 0.17259276
Z37: Gradients dL/dQ: | AF37: np.dot(X_train.T, dL_dV) | AK37: Updated W_V:
Z38: {=MMULT(Z22:AE27,M18:P23)} -> 0.0023799941 | AA38: 0.041994856 | AB38: -0.0083612794 | AC38: 0.053950856 | AF38: {=MMULT(TRANSPOSE(C4:H9),AG30:AJ35)} -> -0.32627665 | AG38: -0.32627665 | AH38: -0.32627665 | AI38: -0.32627665 | AK38: =C27-0.02*AF38 -> 0.19828197 | AL38: =D27-0.02*AG38 -> -0.85504725 | AM38: =E27-0.02*AH38 -> 0.18851481 | AN38: =F27-0.02*AI38 -> -0.16606831
Z39: 0.00098116758 | AA39: -0.10197469 | AB39: 0.028854436 | AC39: -0.1546585 | AF39: 1.1430481 | AG39: 1.1430481 | AH39: 1.1430481 | AI39: 1.1430481 | AK39: =C28-0.02*AF39 -> -0.62458422 | AL39: =D28-0.02*AG39 -> 0.019714922 | AM39: =E28-0.02*AH39 -> 0.22937654 | AN39: =F28-0.02*AI39 -> 0.17951684
Z40: 0.0025725113 | AA40: 0.049852582 | AB40: -0.010042719 | AC40: 0.06448552 | AF40: -0.57772566 | AG40: -0.57772566 | AH40: -0.57772566 | AI40: -0.57772566 | AK40: =C29-0.02*AF40 -> -0.43385874 | AL40: =D29-0.02*AG40 -> -0.16885617 | AM40: =E29-0.02*AH40 -> 0.15138174 | AN40: =F29-0.02*AI40 -> 0.47352258
Z41: 0.00099627494 | AA41: -0.10356468 | AB41: 0.029320896 | AC41: -0.15712209 | AF41: -0.22552241 | AG41: -0.22552241 | AH41: -0.22552241 | AI41: -0.22552241 | AK41: =C30-0.02*AF41 -> -0.23323797 | AL41: =D30-0.02*AG41 -> -0.086480342 | AM41: =E30-0.02*AH41 -> -0.54681834 | AN41: =F30-0.02*AI41 -> -0.59175416
Z42: 0.0028162666 | AA42: 0.052348235 | AB42: -0.010297084 | AC42: 0.067081561 | AF42: -0.35479801 | AG42: -0.35479801 | AH42: -0.35479801 | AI42: -0.35479801 | AK42: =C31-0.02*AF42 -> 0.43548499 | AL42: =D31-0.02*AG42 -> 0.70734209 | AM42: =E31-0.02*AH42 -> -0.0067829823 | AN42: =F31-0.02*AI42 -> 0.53098853
Z43: 0.00097548492 | AA43: -0.10373963 | AB43: 0.029312087 | AC43: -0.15722221 | AF43: -0.35479801 | AG43: -0.35479801 | AH43: -0.35479801 | AI43: -0.35479801 | AK43: =C32-0.02*AF43 -> 0.21004009 | AL43: =D32-0.02*AG43 -> -0.2933378 | AM43: =E32-0.02*AH43 -> 0.20991988 | AN43: =F32-0.02*AI43 -> 0.79824036
AF47: np.dot(X_train.T, dL_dQ) | AK47: Updated W_Q:
AF48: {=MMULT(TRANSPOSE(C4:H9),Z38:AC43)} -> 0.0072629921 | AG48: 0.13257665 | AH48: -0.026210999 | AI48: 0.17009274 | AK48: =C13-0.02*AF48 -> 0.24761515 | AL48: =D13-0.02*AG48 -> -0.071401131 | AM48: =E13-0.02*AH48 -> 0.32441445 | AN48: =F13-0.02*AI48 -> 0.75968404
AF49: 0.016606764 | AG49: -0.78381631 | AH49: 0.23375236 | AI49: -1.2215906 | AK49: =C14-0.02*AF49 -> -0.10324349 | AL49: =D14-0.02*AG49 -> -0.13441566 | AM49: =E14-0.02*AH49 -> 0.80225281 | AN49: =F14-0.02*AI49 -> 0.30843518
AF50: 0.026259244 | AG50: 0.12330801 | AH50: 0.00138417 | AI50: 0.087551005 | AK50: =C15-0.02*AF50 -> -0.23240248 | AL50: =D15-0.02*AG50 -> 0.25899957 | AM50: =E15-0.02*AH50 -> -0.22601367 | AN50: =F15-0.02*AI50 -> -0.26261781
AF51: 0.0075382848 | AG51: 0.066708471 | AH51: -0.0080941452 | AI51: 0.071596141 | AK51: =C16-0.02*AF51 -> 0.12120556 | AL51: =D16-0.02*AG51 -> -0.95978554 | AM51: =E16-0.02*AH51 -> -0.86114343 | AN51: =F16-0.02*AI51 -> -0.2876195
AF52: 0.007768772 | AG52: 0.14419567 | AH52: -0.028701083 | AI52: 0.18551794 | AK52: =C17-0.02*AF52 -> -0.50724515 | AL52: =D17-0.02*AG52 -> 0.15474205 | AM52: =E17-0.02*AH52 -> -0.45342761 | AN52: =F17-0.02*AI52 -> -0.70792868
AF53: 0.007768772 | AG53: 0.14419567 | AH53: -0.028701083 | AI53: 0.18551794 | AK53: =C18-0.02*AF53 -> 0.73199479 | AL53: =D18-0.02*AG53 -> -0.11526977 | AM53: =E18-0.02*AH53 -> 0.034348535 | AN53: =F18-0.02*AI53 -> -0.71415092
AF55: np.dot(X_train.T, dL_dK) | AK55: Updated W_K:
AF56: {=MMULT(TRANSPOSE(C4:H9),Z30:AC35)} -> -0.070948806 | AG56: -0.047217421 | AH56: 0.41321065 | AI56: 0.21029406 | AK56: =C20-0.02*AF56 -> -0.27490239 | AL56: =D20-0.02*AG56 -> 0.054463215 | AM56: =E20-0.02*AH56 -> -0.56939223 | AN56: =F20-0.02*AI56 -> 0.18997538
AF57: 0.17357628 | AG57: 0.11831495 | AH57: -0.94155136 | AI57: -0.44417474 | AK57: =C21-0.02*AF57 -> -0.2868425 | AL57: =D21-0.02*AG57 -> -0.13968245 | AM57: =E21-0.02*AH57 -> -0.3456159 | AN57: =F21-0.02*AI57 -> 0.90629471
AF58: -0.15322542 | AG58: -0.10211111 | AH58: 0.88952091 | AI58: 0.45124644 | AK58: =C22-0.02*AF58 -> -0.012570683 | AL58: =D22-0.02*AG58 -> -0.53098374 | AM58: =E22-0.02*AH58 -> 0.42494384 | AN58: =F22-0.02*AI58 -> -0.60530287
AF59: -0.051053156 | AG59: -0.034128692 | AH59: 0.29442242 | AI59: 0.14837242 | AK59: =C23-0.02*AF59 -> 0.10245954 | AL59: =D23-0.02*AG59 -> -0.98056767 | AM59: =E23-0.02*AH59 -> -0.65831642 | AN59: =F23-0.02*AI59 -> 0.1011457
AF60: -0.076612709 | AG60: -0.051055553 | AH60: 0.44476046 | AI60: 0.22562322 | AK60: =C24-0.02*AF60 -> 0.36632225 | AL60: =D24-0.02*AG60 -> 0.084620002 | AM60: =E24-0.02*AH60 -> -0.050988449 | AN60: =F24-0.02*AI60 -> -0.14799237
AF61: -0.076612709 | AG61: -0.051055553 | AH61: 0.44476046 | AI61: 0.22562322 | AK61: =C25-0.02*AF61 -> -0.74217204 | AL61: =D25-0.02*AG61 -> -0.36098624 | AM61: =E25-0.02*AH61 -> -0.2234837 | AN61: =F25-0.02*AI61 -> 0.53112059

Sheet Validation
B3: Input | C3: X_train: | J3: Y_train
C4: 4 | D4: 6 | E4: 1 | F4: 3 | G4: 2 | H4: 1 | J4: 1 | AG4: dL/dZ
C5: 10 | D5: 1 | E5: 2 | F5: 5 | G5: 1 | H5: 2 | J5: 0 | Z5: Z Matrix (Output of Attention):
R6: {=MMULT(M9:P10,TRANSPOSE(M18:P19))} -> 9.4084395 | S6: 4.1119478 | Z6: {=MMULT(R29:S30,M27:P28)} -> -2.7962992 | AA6: -3.0431985 | AB6: 0.78859822 | AC6: 0.81685412 | AE6: =1/(1+EXP(-Z6)) -> 0.057524486 | AG6: =AE6-J4 -> -0.94247551 | AI6: =-J4*LN(AE6)-(1-J4)*LN(1-AE6) -> 2.8555446
L7: Query | R7: 43.659957 | S7: 40.848358 | Z7: -2.3794607 | AA7: -3.9027332 | AB7: 0.69163 | AC7: 0.51120956 | AE7: =1/(1+EXP(-Z7)) -> 0.084752389 | AG7: =AE7-J5 -> 0.084752389 | AI7: =-J5*LN(AE7)-(1-J5)*LN(1-AE7) -> 0.088560637
M8: 0 | N8: 1 | O8: 2 | P8: 3
M9: {=MMULT(C4:H5,C13:F18)} -> 0.21971836 | N9: -3.5182412 | O9: 2.4292241 | P9: 1.6338627
M10: 3.4708753 | N10: -5.205153 | O10: -1.0960777 | P10: 3.805712
B12: Query | AI12: =AVERAGE(AI6:AI7) -> 1.4720526
C13: ='Eight Iteration'!AK48 -> 0.24761515 | D13: ='Eight Iteration'!AL48 -> -0.071401131 | E13: ='Eight Iteration'!AM48 -> 0.32441445 | F13: ='Eight Iteration'!AN48 -> 0.75968404 | R13: Attention Scores:
C14: ='Eight Iteration'!AK49 -> -0.10324349 | D14: ='Eight Iteration'!AL49 -> -0.13441566 | E14: ='Eight Iteration'!AM49 -> 0.80225281 | F14: ='Eight Iteration'!AN49 -> 0.30843518 | R14: =R6/SQRT(4) -> 4.7042198 | S14: =S6/SQRT(4) -> 2.0559739
C15: ='Eight Iteration'!AK50 -> -0.23240248 | D15: ='Eight Iteration'!AL50 -> 0.25899957 | E15: ='Eight Iteration'!AM50 -> -0.22601367 | F15: ='Eight Iteration'!AN50 -> -0.26261781 | R15: =R7/SQRT(4) -> 21.829979 | S15: =S7/SQRT(4) -> 20.424179
C16: ='Eight Iteration'!AK51 -> 0.12120556 | D16: ='Eight Iteration'!AL51 -> -0.95978554 | E16: ='Eight Iteration'!AM51 -> -0.86114343 | F16: ='Eight Iteration'!AN51 -> -0.2876195 | L16: Key
C17: ='Eight Iteration'!AK52 -> -0.50724515 | D17: ='Eight Iteration'!AL52 -> 0.15474205 | E17: ='Eight Iteration'!AM52 -> -0.45342761 | F17: ='Eight Iteration'!AN52 -> -0.70792868 | M17: 0 | N17: 1 | O17: 2 | P17: 3
C18: ='Eight Iteration'!AK53 -> 0.73199479 | D18: ='Eight Iteration'!AL53 -> -0.11526977 | E18: ='Eight Iteration'!AM53 -> 0.034348535 | F18: ='Eight Iteration'!AN53 -> -0.71415092 | M18: {=MMULT(C4:H5,C20:F25)} -> -2.5353841 | N18: -4.2846748 | O18: -6.2267304 | P18: 6.1309398
B19: W_K | C19: Matrix: | M19: -3.6667318 | N19: -6.1972086 | O19: -8.9791885 | P19: 3.01542
C20: ='Eight Iteration'!AK56 -> -0.27490239 | D20: ='Eight Iteration'!AL56 -> 0.054463215 | E20: ='Eight Iteration'!AM56 -> -0.56939223 | F20: ='Eight Iteration'!AN56 -> 0.18997538
C21: ='Eight Iteration'!AK57 -> -0.2868425 | D21: ='Eight Iteration'!AL57 -> -0.13968245 | E21: ='Eight Iteration'!AM57 -> -0.3456159 | F21: ='Eight Iteration'!AN57 -> 0.90629471 | R21: =EXP(R14) -> 110.4121 | S21: =EXP(S14) -> 7.8144447
C22: ='Eight Iteration'!AK58 -> -0.012570683 | D22: ='Eight Iteration'!AL58 -> -0.53098374 | E22: ='Eight Iteration'!AM58 -> 0.42494384 | F22: ='Eight Iteration'!AN58 -> -0.60530287 | R22: =EXP(R15) -> 3.0243999e+09 | S22: =EXP(S15) -> 7.4149508e+08
C23: ='Eight Iteration'!AK59 -> 0.10245954 | D23: ='Eight Iteration'!AL59 -> -0.98056767 | E23: ='Eight Iteration'!AM59 -> -0.65831642 | F23: ='Eight Iteration'!AN59 -> 0.1011457
C24: ='Eight Iteration'!AK60 -> 0.36632225 | D24: ='Eight Iteration'!AL60 -> 0.084620002 | E24: ='Eight Iteration'!AM60 -> -0.050988449 | F24: ='Eight Iteration'!AN60 -> -0.14799237
C25: ='Eight Iteration'!AK61 -> -0.74217204 | D25: ='Eight Iteration'!AL61 -> -0.36098624 | E25: ='Eight Iteration'!AM61 -> -0.2234837 | F25: ='Eight Iteration'!AN61 -> 0.53112059 | L25: Value
B26: W_V | C26: Matrix: | M26: 0 | N26: 1 | O26: 2 | P26: 3
C27: ='Eight Iteration'!AK38 -> 0.19828197 | D27: ='Eight Iteration'!AL38 -> -0.85504725 | E27: ='Eight Iteration'!AM38 -> 0.18851481 | F27: ='Eight Iteration'!AN38 -> -0.16606831 | M27: {=MMULT(C4:H5,C27:F32)} -> -3.00694 | N27: -2.6088503 | O27: 0.83759912 | P27: 0.97130532
C28: ='Eight Iteration'!AK39 -> -0.62458422 | D28: ='Eight Iteration'!AL39 -> 0.019714922 | E28: ='Eight Iteration'!AM39 -> 0.22937654 | F28: ='Eight Iteration'!AN39 -> 0.17951684 | M28: 0.17989329 | N28: -9.1802052 | O28: 0.096253175 | P28: -1.3654227 | R28: Softmax Attention Probabilities:
C29: ='Eight Iteration'!AK40 -> -0.43385874 | D29: ='Eight Iteration'!AL40 -> -0.16885617 | E29: ='Eight Iteration'!AM40 -> 0.15138174 | F29: ='Eight Iteration'!AN40 -> 0.47352258 | R29: =R21/SUM($R21:$S21) -> 0.93390279 | S29: =S21/SUM($R21:$S21) -> 0.066097207
C30: ='Eight Iteration'!AK41 -> -0.23323797 | D30: ='Eight Iteration'!AL41 -> -0.086480342 | E30: ='Eight Iteration'!AM41 -> -0.54681834 | F30: ='Eight Iteration'!AN41 -> -0.59175416 | R30: =R22/SUM($R22:$S22) -> 0.80310256 | S30: =S22/SUM($R22:$S22) -> 0.19689744
C31: ='Eight Iteration'!AK42 -> 0.43548499 | D31: ='Eight Iteration'!AL42 -> 0.70734209 | E31: ='Eight Iteration'!AM42 -> -0.0067829823 | F31: ='Eight Iteration'!AN42 -> 0.53098853
C32: ='Eight Iteration'!AK43 -> 0.21004009 | D32: ='Eight Iteration'!AL43 -> -0.2933378 | E32: ='Eight Iteration'!AM43 -> 0.20991988 | F32: ='Eight Iteration'!AN43 -> 0.79824036
